Date,NoDur,Durbl,Manuf,Enrgy,HiTec,Telcm,Shops,Hlth,Utils,Other,Mkt-RF
19260728,0.0121,0.1541,0.0438,-0.0096,0.0267,0.0061,-0.0302,0.0154,0.0682,0.0205,0.0263
19260828,0.038,0.0343,0.0264,0.0277,0.0242,0.0192,-0.008,0.040999999999999995,-0.0198,0.0393,0.0252
19260928,0.0095,0.0471,0.0097,-0.0357,-0.0061,0.0218,-0.0449,0.004,0.0175,-0.0004,0.0002
19261028,-0.0164,-0.0864,-0.04,-0.0106,-0.0489,-0.0043,-0.0127,-0.0097,-0.0299,-0.0303,-0.031
19261128,0.0481,-0.0052,0.042,-0.0077,0.0439,0.0132,0.0374,0.0514,0.0366,0.0191,0.0246
19261228,0.0067,0.0968,0.0308,0.0264,-0.0026,0.0171,0.0256,-0.0013,-0.0062,0.0286,0.0263
19270128,-0.0094,-0.0113,-0.0032,0.0101,-0.0139,0.0171,-0.034,0.047,-0.0201,0.0154,-0.0008
19270228,0.0307,0.0863,0.0552,0.0119,0.0391,0.0363,0.0428,0.0139,0.0434,0.0464,0.0426
19270328,0.0243,0.013999999999999999,0.0116,-0.061,0.0146,0.0526,0.0247,0.0059,0.0014,0.0079,0.0037
19270428,0.031,0.0294,0.006,-0.0529,0.0512,-0.0238,0.0203,0.0291,0.0139,0.0085,0.0043
19270528,0.0784,0.055999999999999994,0.0492,0.0444,0.0719,0.0305,0.0036,0.0374,0.0906,0.0581,0.0543
19270628,-0.0196,-0.0315,-0.0321,-0.0335,0.0287,-0.024,-0.0007,0.0022,-0.0385,-0.0222,-0.023
19270728,0.0465,0.1283,0.1173,0.0257,0.1181,0.0343,0.0921,0.0954,0.051,0.0591,0.0724
19270828,0.0219,0.0677,0.0184,-0.0019,0.0521,0.0015,0.1256,-0.0017,0.0302,-0.0154,0.0227
19270928,0.0502,0.0549,0.0476,0.0374,0.0138,0.0183,0.0488,0.0564,0.0805,0.0437,0.0444
19271028,-0.0099,-0.0468,-0.0703,-0.023,-0.0752,0.0203,-0.0608,0.0473,-0.0461,-0.0412,-0.0419
19271128,0.0658,0.0621,0.1062,0.0386,0.1043,0.0262,0.106,0.036000000000000004,0.061,0.0453,0.0673
19271228,0.0206,0.0754,0.0283,0.0012,0.0093,0.0111,-0.0017,-0.0067,0.0205,0.0164,0.0208
19280128,0.0032,-0.0359,-0.0073,-0.0209,-0.0065,0.0005,-0.0056,0.0245,0.0562,-0.0128,-0.0052
19280228,-0.0422,0.0099,-0.0199,-0.0045,-0.0078,-0.0063,-0.0163,-0.0171,-0.0115,-0.023,-0.0168
19280328,0.0397,0.2734,0.0762,0.0491,0.1881,0.0167,0.085,0.1052,0.0645,0.0524,0.087
19280428,-0.0062,0.0119,0.0126,0.1465,0.0201,0.03,0.0035,0.0214,0.1067,0.0387,0.0408
19280528,0.0065,0.0533,0.0343,-0.0554,0.0222,0.063,0.0356,0.0892,0.0126,-0.0002,0.0162
19280628,-0.0476,-0.043,-0.0547,-0.0438,-0.0538,-0.0578,-0.0418,-0.0348,-0.0373,-0.0473,-0.049
19280728,0.0144,0.0053,0.0154,0.0073,0.0029,-0.0135,0.0421,0.0236,-0.0152,-0.0041,0.006999999999999999
19280828,0.0521,0.0856,0.0801,0.0205,0.0975,0.0423,0.1136,0.1478,0.0597,0.0436,0.0646
19280928,0.0146,0.0768,0.0392,0.0484,0.0047,-0.0012,0.013000000000000001,-0.0177,0.0106,0.0189,0.0286
19281028,0.004,-0.0015,0.0379,0.0157,0.0138,0.0256,0.0392,-0.0049,-0.0035,-0.006,0.0168
19281128,0.0626,0.0409,0.1279,0.1705,0.1925,0.063,0.1357,0.0468,0.2164,0.0973,0.1166
19281228,-0.0058,-0.0137,0.0256,-0.0418,0.0708,-0.0044,-0.026000000000000002,-0.0033,0.0161,0.0033,0.0033
19290128,0.0294,0.0096,0.1099,-0.0804,0.1017,0.1304,-0.0404,0.0291,0.1338,0.0566,0.0499
19290228,-0.0264,-0.0056,0.0288,-0.0021,-0.0117,-0.0151,-0.0337,-0.0052,-0.024,-0.0062,-0.0041
19290328,-0.0505,-0.0192,-0.017,0.1047,0.042,0.0395,-0.0605,-0.0227,-0.036000000000000004,-0.0223,-0.0114
19290428,0.0135,-0.0153,0.022000000000000002,0.005,0.013000000000000001,0.0303,0.0249,0.012,0.0504,-0.0004,0.0144
19290528,-0.0441,-0.1543,-0.1026,-0.0594,0.0007,-0.092,-0.0757,-0.0808,0.0513,-0.0093,-0.0598
19290628,0.0478,0.0639,0.1273,0.0056,0.1653,0.1318,0.0741,0.0361,0.2237,0.0579,0.0942
19290728,0.0288,-0.0327,0.0398,-0.005,0.0882,0.1336,-0.0005,0.0254,0.1023,0.063,0.0425
19290828,0.0459,0.0284,0.0916,0.1174,0.1196,0.1059,0.0656,0.0363,0.0812,0.0707,0.0801
19290928,-0.0409,-0.0886,-0.0762,-0.0321,-0.0779,-0.017,-0.0541,-0.0733,0.0134,-0.0627,-0.0525
19291028,-0.109,-0.2934,-0.19899999999999998,-0.1036,-0.2825,-0.1587,-0.2467,-0.1848,-0.3102,-0.1238,-0.2011
19291128,-0.0869,-0.1758,-0.1443,-0.0666,-0.1963,-0.0984,-0.1227,-0.0888,-0.159,-0.1009,-0.126
19291228,0.0026,0.044000000000000004,0.0124,-0.0128,0.1061,0.0063,-0.0358,0.0103,0.0833,-0.0093,0.0141
19300128,0.0556,0.0573,0.0656,-0.0109,0.1029,0.0105,0.0277,0.0211,0.0822,0.0472,0.0545
19300228,0.0208,0.0222,0.0181,-0.0479,0.0731,0.0676,-0.0598,0.0261,0.0809,0.0269,0.0237
19300328,0.0185,0.1095,0.0688,0.1729,0.0791,0.0875,-0.0201,0.0555,0.0986,0.0443,0.0733
19300428,0.0037,-0.0798,-0.0773,0.0618,0.0184,-0.0473,0.0162,-0.0019,0.0304,-0.0618,-0.0227
19300528,0.0121,0.0401,-0.0208,-0.0354,-0.0458,0.002,-0.0109,-0.0148,-0.0122,-0.0136,-0.0155
19300628,-0.1147,-0.2261,-0.1665,-0.1566,-0.1992,-0.0861,-0.1547,-0.1348,-0.2013,-0.1217,-0.1602
19300728,0.0293,0.1125,0.0457,0.0516,0.0497,0.0107,0.0295,0.0592,0.0159,0.0352,0.0391
19300828,0.0213,-0.0207,-0.0026,-0.034,0.0107,0.0165,0.0415,0.0799,0.0157,-0.0036,0.0026
19300928,-0.095,-0.1582,-0.1405,-0.1511,-0.1842,-0.0548,-0.0981,-0.0894,-0.1214,-0.1096,-0.1265
19301028,-0.0507,-0.1099,-0.0969,-0.0673,-0.1738,-0.042,-0.0872,-0.0194,-0.08900000000000001,-0.0815,-0.0846
19301128,0.0002,0.049,-0.0074,-0.0361,-0.0338,-0.0341,0.0272,-0.0588,-0.0821,-0.0527,-0.0275
19301228,-0.0462,-0.0181,-0.0838,-0.1149,-0.10800000000000001,-0.0394,-0.1301,-0.0751,-0.0367,-0.0926,-0.0785
19310128,0.0557,0.0717,0.0327,0.0472,0.0461,0.0464,0.057999999999999996,0.0757,0.0649,0.1158,0.0608
19310228,0.0726,0.1608,0.1281,0.0529,0.2271,0.0591,0.1607,0.0877,0.146,0.0542,0.1081
19310328,-0.0211,-0.0356,-0.0692,-0.145,-0.0767,-0.0371,-0.0442,0.0167,-0.0336,-0.0967,-0.0655
19310428,-0.0537,-0.0753,-0.1413,-0.1264,-0.1302,-0.0433,-0.0482,-0.0374,-0.1003,-0.0976,-0.0992
19310528,-0.1138,-0.1509,-0.163,-0.1226,-0.1299,-0.0902,-0.0419,-0.1006,-0.1079,-0.1793,-0.1337
19310628,0.1078,0.1425,0.1706,0.1602,0.185,0.1012,0.0688,0.095,0.1195,0.1659,0.1368
19310728,-0.0369,-0.0224,-0.0961,-0.0341,-0.1026,-0.0494,-0.0126,0.0312,-0.0527,-0.0997,-0.0639
19310828,-0.0105,-0.0282,-0.0093,0.0898,0.037000000000000005,0.0079,0.0232,0.0,-0.0192,-0.040999999999999995,0.0005
19310928,-0.2523,-0.3247,-0.2982,-0.262,-0.3387,-0.2159,-0.28600000000000003,-0.2999,-0.3309,-0.2604,-0.2903
19311028,0.073,0.1083,0.0631,0.1368,0.1126,0.0426,0.1378,0.1098,0.1035,0.0088,0.0798
19311128,-0.0465,-0.0315,-0.0844,-0.1064,-0.1426,-0.0701,-0.0897,-0.0264,-0.0471,-0.1858,-0.091
19311228,-0.0993,-0.0939,-0.1566,-0.179,-0.1345,-0.0805,-0.1371,-0.0422,-0.1358,-0.1695,-0.1357
19320128,0.0178,-0.066,-0.0052,-0.0457,-0.1231,-0.0427,0.0014,-0.032,-0.0273,0.0673,-0.0128
19320228,0.0539,0.0225,0.0568,0.0748,0.0655,0.1141,0.0285,0.0253,0.0689,-0.0045,0.0551
19320328,-0.0627,-0.2061,-0.14400000000000002,-0.0068,-0.1412,-0.1006,-0.0834,-0.07,-0.0985,-0.1623,-0.1109
19320428,-0.1191,-0.2619,-0.2316,-0.127,-0.24600000000000002,-0.125,-0.1491,-0.2002,-0.1571,-0.2233,-0.1811
19320528,-0.2257,-0.1536,-0.1821,-0.0772,-0.2866,-0.1086,-0.2996,-0.3474,-0.2669,-0.2975,-0.2075
19320628,0.0198,-0.0832,-0.0485,0.0539,0.0701,-0.0958,-0.0246,0.1046,0.0117,-0.0235,-0.0094
19320728,0.2807,0.3081,0.3736,0.3372,0.4407,0.1664,0.2726,0.2992,0.2915,0.5561,0.3305
19320828,0.2227,0.4243,0.4931,0.1745,0.4534,0.2813,0.3453,0.3741,0.4326,0.5806,0.3645
19320928,-0.0054,0.0803,-0.0224,-0.1136,-0.0566,0.0022,0.0043,-0.1292,-0.047,-0.0414,-0.0313
19321028,-0.1154,-0.2324,-0.1724,-0.0363,-0.1895,-0.0814,-0.113,-0.1943,-0.1081,-0.174,-0.1306
19321128,-0.0714,-0.0268,-0.0602,-0.0269,-0.0823,-0.0114,-0.0527,0.0629,-0.0331,-0.073,-0.0549
19321228,0.0363,0.0344,0.0387,0.0009,0.0762,0.0367,0.0679,0.083,0.0893,0.0452,0.0443
19330128,0.0462,0.0279,0.0284,-0.0243,0.0143,0.003,-0.0248,-0.0143,-0.0448,0.0873,0.0096
19330228,-0.08199999999999999,-0.2195,-0.154,-0.11,-0.1985,-0.0774,-0.1533,-0.0981,-0.1944,-0.1063,-0.1325
19330328,0.0935,0.08800000000000001,0.0915,0.0132,0.071,-0.0587,0.0707,-0.0434,-0.1286,-0.0282,0.0164
19330428,0.3391,0.7387,0.5752,0.3262,0.515,0.1303,0.3678,0.3859,0.2434,0.3024,0.3818
19330528,0.1184,0.2524,0.2634,0.1734,0.1939,0.1733,0.1657,0.247,0.1932,0.3112,0.2107
19330628,0.1121,0.1859,0.121,0.1239,0.1071,0.1044,0.1598,0.1082,0.1517,0.14400000000000002,0.1335
19330728,-0.0676,-0.066,-0.1131,-0.1158,-0.1102,-0.0437,-0.1367,-0.1946,-0.1359,-0.068,-0.096
19330828,0.0997,0.1959,0.1617,0.184,0.1278,0.0447,0.0728,-0.0032,-0.0117,0.147,0.1219
19330928,-0.0729,-0.1528,-0.1029,-0.0223,-0.1717,-0.0357,-0.0866,-0.0271,-0.1997,-0.16399999999999998,-0.1057
19331028,-0.0907,-0.0934,-0.0768,-0.0481,-0.0968,-0.0718,-0.0862,-0.0592,-0.0773,-0.1076,-0.0823
19331128,0.0453,0.2401,0.1272,0.1429,0.1265,0.0558,0.1388,0.0936,-0.0284,0.0545,0.0996
19331228,-0.0329,0.0918,0.046,-0.0116,0.0141,-0.0377,0.0616,-0.1122,0.016,0.0483,0.0199
19340128,0.1037,0.1301,0.109,0.0921,0.1576,0.0591,0.2129,0.1623,0.2042,0.1833,0.1292
19340228,-0.0483,-0.022000000000000002,-0.0293,-0.0321,-0.0642,0.0213,0.0255,-0.0344,-0.0184,-0.0198,-0.0237
19340328,0.0112,-0.0058,-0.0132,-0.0147,0.0319,0.0125,0.0332,-0.0077,-0.0182,0.0081,0.0046
19340428,0.0314,-0.0633,-0.0269,-0.022000000000000002,-0.0224,-0.0126,-0.0042,0.0832,-0.0384,-0.0155,-0.0181
19340528,-0.0247,-0.1222,-0.0996,-0.04,-0.0656,-0.043,-0.0724,-0.0027,-0.0777,-0.0721,-0.0708
19340628,0.0394,-0.0219,0.043,0.0116,0.026000000000000002,0.0131,0.0214,0.0208,0.0438,0.0322,0.0252
19340728,-0.0519,-0.1287,-0.1155,-0.1011,-0.1185,-0.0434,-0.0731,-0.0186,-0.1746,-0.1733,-0.1086
19340828,0.0443,0.0975,0.0763,0.0693,0.065,0.0254,0.0623,-0.0303,0.0189,0.0466,0.0594
19340928,0.0014,0.0064,-0.0115,-0.0176,-0.003,0.0189,0.0119,0.0064,0.0165,-0.0047,-0.0031
19341028,0.0038,-0.0162,-0.0033,-0.0546,-0.0097,-0.0158,0.0124,-0.0095,-0.0777,-0.0256,-0.0193
19341128,0.0851,0.1662,0.1249,0.0761,0.1344,-0.0175,0.1041,0.0382,-0.0026,0.0639,0.0843
19341228,-0.0091,0.0337,0.0228,0.0062,0.0368,-0.0059,-0.0119,0.0062,-0.0872,-0.0007,0.0039
19350128,-0.0093,-0.0821,-0.0234,-0.0412,0.0121,-0.0045,-0.0438,-0.0088,-0.0307,-0.0674,-0.0319
19350228,0.012,-0.0321,-0.0167,-0.0321,0.0018,0.0102,-0.0127,0.0441,-0.1196,-0.0456,-0.0196
19350328,-0.0501,-0.0539,-0.0486,-0.0375,-0.0412,-0.006999999999999999,-0.0503,-0.0321,0.1224,-0.0548,-0.0371
19350428,0.0592,0.0559,0.0894,0.1481,0.1019,0.0913,0.0642,0.0348,0.1097,0.08800000000000001,0.0893
19350528,0.0113,0.0277,0.02,0.0371,0.0277,0.0836,0.032,-0.0427,0.1357,0.0361,0.0347
19350628,0.0561,0.0897,0.064,0.0129,0.0827,0.0534,0.039,0.040999999999999995,0.0919,0.0613,0.055
19350728,0.0309,0.1797,0.1064,0.0047,0.0958,0.0573,0.0657,0.0389,0.094,0.0777,0.073
19350828,-0.0006,0.0809,0.0311,-0.0207,0.0324,0.0405,0.036000000000000004,0.0011,0.07,0.0324,0.0274
19350928,0.001,0.1028,0.0416,-0.0322,0.0766,0.0427,-0.0022,0.0131,-0.0148,0.0076,0.0237
19351028,0.0457,0.1313,0.0575,0.1316,0.0875,0.0308,0.0434,0.061,0.1457,0.0179,0.0698
19351128,0.0111,0.0336,0.0435,0.0261,0.0577,0.0969,0.0264,0.0167,0.0079,0.1382,0.0517
19351228,0.0204,0.0544,0.0361,0.1439,0.0336,-0.0019,-0.0085,0.0246,0.0556,0.0427,0.0455
19360128,0.0309,0.0391,0.0542,0.1282,0.0642,0.0418,-0.0418,0.0359,0.1256,0.1169,0.0657
19360228,0.0046,0.0355,0.0566,0.0124,0.0027,0.0655,0.0071,0.0322,-0.064,0.0331,0.0259
19360328,-0.0215,0.0981,0.0256,0.0164,-0.0002,-0.0338,0.0203,0.0377,0.0062,-0.0363,0.0083
19360428,-0.0444,-0.0982,-0.0892,-0.0898,-0.0871,-0.0567,-0.0404,-0.0903,-0.0834,-0.0728,-0.0784
19360528,0.0508,0.0378,0.0629,-0.0051,0.0531,0.0627,0.0336,0.0481,0.0952,0.0799,0.0503
19360628,0.0237,0.0655,0.0134,0.0167,0.0138,0.0255,0.0681,0.0136,0.0366,0.0129,0.0256
19360728,0.031,0.0471,0.0735,0.0463,0.1193,0.0243,0.0391,0.0491,0.1179,0.1004,0.0632
19360828,0.0085,-0.0041,0.0165,-0.0071,0.0272,0.0174,0.0315,-0.0149,-0.011000000000000001,0.0172,0.011000000000000001
19360928,-0.0078,0.031,0.0205,0.0106,-0.0129,0.0034,0.0603,0.0071,-0.0221,0.0111,0.0146
19361028,0.0339,0.0486,0.0757,0.1254,0.0568,0.0506,0.0938,0.0373,0.0575,0.081,0.0695
19361128,0.0435,-0.0121,0.0549,0.0211,0.0544,0.0387,0.1095,0.0335,-0.0316,0.0065,0.0341
19361228,-0.0129,-0.0686,0.0167,0.0878,0.026000000000000002,-0.0038,-0.0853,-0.0203,-0.0175,-0.0115,0.0012
19370128,0.0238,0.0689,0.0466,0.0238,0.0868,-0.0086,0.0056,0.0327,0.0226,0.0119,0.0324
19370228,0.0128,-0.0041,0.0271,0.0129,-0.013999999999999999,-0.0307,0.0245,-0.0397,-0.0428,0.0425,0.0131
19370328,-0.0094,-0.0416,0.0132,0.0334,-0.0446,-0.021,-0.0352,-0.0497,-0.063,0.0231,-0.0047
19370428,-0.0641,-0.0783,-0.0911,-0.0541,-0.0763,-0.0526,-0.0632,-0.034,-0.0732,-0.0664,-0.0749
19370528,-0.0047,-0.0192,0.0098,-0.0014,0.0062,0.0135,-0.064,0.0168,-0.0528,-0.0323,-0.009000000000000001
19370628,-0.0322,-0.1056,-0.0369,-0.027000000000000003,-0.013999999999999999,0.0149,-0.018000000000000002,-0.0407,-0.0529,-0.0811,-0.0409
19370728,0.0478,0.1289,0.0909,0.0811,0.0949,0.0323,0.0997,0.040999999999999995,0.1928,0.0503,0.084
19370828,-0.0251,-0.0229,-0.0425,-0.0647,-0.0482,-0.0255,-0.0514,0.011000000000000001,-0.1028,-0.0478,-0.0454
19370928,-0.0956,-0.1229,-0.1743,-0.1291,-0.1405,-0.0212,-0.1288,-0.1078,-0.1173,-0.1576,-0.1352
19371028,-0.0688,-0.1283,-0.1385,-0.0684,-0.0724,-0.0538,-0.0637,-0.036000000000000004,-0.0498,-0.10300000000000001,-0.095
19371128,-0.0571,-0.1499,-0.0932,-0.1133,-0.0441,-0.0361,-0.1451,-0.0515,0.0289,-0.0682,-0.0832
19371228,-0.0222,-0.1549,-0.023,-0.0138,-0.0219,-0.0177,-0.0634,-0.0207,-0.1056,-0.0643,-0.0405
19380128,0.0307,0.1077,-0.0126,0.0039,-0.0252,-0.0219,0.0708,0.0335,-0.0561,0.0033,0.0083
19380228,0.0358,0.0317,0.0837,0.0918,0.0418,-0.0233,0.0835,0.0884,0.0361,0.05,0.0575
19380328,-0.1615,-0.2651,-0.2554,-0.2479,-0.2771,-0.1742,-0.2058,-0.1436,-0.1935,-0.2948,-0.2361
19380428,0.1262,0.146,0.1371,0.1506,0.1674,0.1345,0.1552,0.1174,0.1459,0.1435,0.1453
19380528,-0.0006,-0.0696,-0.0689,-0.0567,-0.0301,0.0084,-0.0397,0.0172,0.0234,-0.0401,-0.0388
19380628,0.134,0.3436,0.3286,0.2141,0.2735,0.1239,0.2241,0.0998,0.1674,0.252,0.2354
19380728,0.0631,0.1934,0.068,0.07200000000000001,0.0574,0.0129,0.0988,0.0574,0.0044,0.098,0.0718
19380828,-0.0384,0.0553,-0.0192,-0.087,-0.0111,0.0029,-0.0333,0.0038,-0.0523,-0.0372,-0.0269
19380928,0.0029,0.0093,0.0175,0.0052,0.0166,0.0099,-0.0069,0.0002,0.0131,-0.0121,0.0086
19381028,0.0524,0.0629,0.1042,-0.0139,0.1005,0.0338,0.0781,0.0544,0.2091,0.1098,0.0771
19381128,-0.0244,-0.0133,-0.0143,0.0014,-0.044000000000000004,0.0072,-0.0104,0.0152,-0.069,-0.0191,-0.0176
19381228,0.0305,0.0201,0.055,0.0424,0.0312,0.0257,0.0033,0.0087,0.0398,0.0642,0.0404
19390128,-0.0203,-0.0784,-0.09300000000000001,-0.0609,-0.0747,0.0182,-0.0284,-0.0091,0.0131,-0.0878,-0.0596
19390228,0.0252,0.0685,0.0308,-0.0115,0.0278,0.0352,0.0548,0.0372,0.0873,0.0461,0.0345
19390328,-0.0566,-0.1698,-0.1519,-0.0807,-0.1502,-0.0219,-0.0894,-0.0433,-0.1316,-0.1517,-0.1189
19390428,0.0029,0.0065,-0.0137,-0.0103,-0.0265,0.0275,-0.003,0.0099,0.026000000000000002,-0.0187,-0.0026
19390528,0.0564,0.0751,0.075,0.0248,0.0823,0.0555,0.1086,0.0546,0.0643,0.0791,0.0685
19390628,-0.0196,-0.061,-0.062,-0.0735,-0.0801,-0.038,-0.0264,0.012,-0.0348,-0.0752,-0.0531
19390728,0.0604,0.1655,0.128,0.0309,0.1409,0.065,0.09,0.0301,0.1263,0.1226,0.1011
19390828,-0.07400000000000001,-0.0671,-0.0656,-0.0382,-0.0799,-0.0417,-0.0656,-0.0533,-0.0605,-0.1006,-0.0659
19390928,0.0424,0.2354,0.2694,0.2609,0.1235,0.0234,-0.0001,0.0697,0.0358,0.2585,0.1594
19391028,0.0344,-0.0154,-0.0274,-0.0386,-0.0096,0.0306,0.0617,0.002,0.0217,-0.0157,-0.0042
19391128,-0.0042,-0.0264,-0.0585,-0.0647,-0.0258,0.0093,-0.0263,0.0123,-0.0139,-0.0495,-0.0363
19391228,0.0349,0.033,0.0398,-0.0004,0.0374,0.0293,0.0396,0.0382,0.0296,0.0219,0.0303
19400128,0.0091,-0.0371,-0.0453,-0.0207,-0.0426,-0.0011,-0.0101,-0.0182,-0.0001,-0.0248,-0.0248
19400228,0.0183,0.0193,0.0266,0.0087,-0.0064,0.0105,0.011000000000000001,0.015,-0.0122,0.0068,0.0143
19400328,0.0177,0.0334,0.015,0.0162,0.0312,0.0116,0.0357,0.0189,0.0167,0.0264,0.019
19400428,0.0165,-0.0014,0.0078,0.0007,-0.013999999999999999,0.0033,0.0039,-0.0031,-0.015,-0.0075,0.0013
19400528,-0.2093,-0.257,-0.2206,-0.2412,-0.2075,-0.1411,-0.2334,-0.2153,-0.1969,-0.2377,-0.22
19400628,0.0521,0.0875,0.0424,0.0533,0.0308,0.0872,0.0794,0.0539,0.17300000000000001,0.0856,0.0666
19400728,0.0017,0.0528,0.0428,0.032,0.0499,0.0196,0.048,-0.0054,0.0009,0.0347,0.0322
19400828,0.0109,0.0726,0.0242,0.0136,0.0328,-0.0035,0.0246,-0.0228,-0.0101,0.0304,0.0235
19400928,0.0265,0.032,0.0418,-0.0211,0.0416,0.0166,0.0301,0.0464,-0.0254,0.0249,0.0232
19401028,-0.0147,0.0369,0.0403,0.0618,0.0242,0.016,0.0041,-0.0305,0.0433,0.0511,0.0295
19401128,-0.0099,-0.0057,-0.0146,0.0083,-0.0275,0.0061,-0.0179,-0.0183,-0.1303,-0.0025,-0.0166
19401228,0.006,-0.0326,0.0123,0.0246,-0.0007,0.0204,0.0055,-0.002,0.0175,0.0035,0.0071
19410128,-0.006,-0.0857,-0.0704,-0.0211,-0.0258,-0.0206,-0.0334,-0.022000000000000002,-0.0207,-0.0176,-0.0403
19410228,-0.0246,0.0109,-0.0208,-0.0068,-0.0037,-0.0223,-0.0403,-0.0471,-0.0115,-0.002,-0.015
19410328,0.0063,-0.0171,0.0079,0.0335,0.003,0.0173,0.0118,0.0174,-0.0323,0.0198,0.0098
19410428,-0.0421,-0.1024,-0.0567,0.0151,-0.0925,-0.0634,-0.0405,-0.0524,-0.0949,-0.0437,-0.0529
19410528,-0.0122,0.0038,0.0371,0.0557,0.001,0.004,0.0274,-0.0141,-0.0456,-0.01,0.0143
19410628,0.0629,0.0376,0.0642,0.0523,0.1058,0.0503,0.0527,0.0668,0.0406,0.0476,0.0582
19410728,0.0565,0.0379,0.0668,0.1123,0.017,-0.0042,0.0496,0.0798,0.0529,0.0714,0.0583
19410828,0.009000000000000001,0.0221,-0.0034,-0.0327,0.0078,0.0105,0.0269,0.0016,-0.0218,0.0017,0.0007
19410928,0.0172,0.042,-0.0298,-0.0102,-0.008,0.0024,0.0024,-0.0033,-0.0169,-0.0256,-0.0076
19411028,-0.0694,-0.0788,-0.062,0.0275,-0.1025,-0.0272,-0.0495,-0.0368,-0.105,-0.043,-0.0515
19411128,-0.0319,-0.0345,-0.0148,0.0312,-0.0211,-0.0403,-0.0333,-0.0294,-0.0654,-0.0157,-0.0193
19411228,-0.0425,-0.1126,0.0086,-0.1099,0.0064,-0.086,-0.086,-0.015,-0.0743,-0.0542,-0.0464
19420128,0.02,0.0477,-0.0226,-0.0157,0.0097,-0.0139,-0.0098,-0.0319,0.0391,0.0932,0.0056
19420228,-0.0557,0.0647,-0.0249,-0.0576,-0.0252,-0.0059,-0.022000000000000002,-0.0542,-0.0247,-0.0181,-0.0229
19420328,-0.0867,0.0141,-0.0558,-0.0793,-0.0629,-0.0693,-0.0816,-0.0554,-0.1214,-0.0892,-0.0659
19420428,-0.0373,-0.0473,-0.0453,-0.034,-0.0362,-0.0733,-0.054000000000000006,-0.0448,-0.0327,-0.0205,-0.0432
19420528,0.0943,0.096,0.0167,0.0655,0.0782,0.0769,0.1179,0.1477,0.0851,0.0345,0.0611
19420628,0.0332,0.0174,0.0352,0.0424,0.0447,-0.0225,0.0223,0.0283,0.0179,0.0182,0.025
19420728,0.0231,0.0205,0.0272,0.0588,0.0181,0.0442,0.0425,0.0148,-0.0059,0.0646,0.0345
19420828,0.0071,0.0233,0.0132,0.0337,0.0069,0.0226,0.0242,0.0218,0.0074,0.0236,0.0185
19420928,-0.0024,0.0254,0.0313,0.0251,0.0516,0.0207,-0.0015,0.0021,0.0587,0.0336,0.0259
19421028,0.0473,0.0549,0.0667,0.0943,0.0619,0.0611,0.006999999999999999,0.0403,0.1505,0.0851,0.0675
19421128,0.0274,-0.0028,-0.0267,0.0093,0.0196,0.0268,0.0638,0.0156,-0.0115,-0.0185,0.0015
19421228,0.0464,0.0798,0.0495,0.0743,0.0602,0.0032,0.0223,0.0878,0.043,0.0437,0.049
19430128,0.0916,0.0523,0.0753,0.0627,0.0987,0.0371,0.0738,0.0223,0.1557,0.0707,0.0747
19430228,0.0325,0.0755,0.0511,0.0786,0.0343,0.0872,0.0311,0.0375,0.0674,0.0988,0.0596
19430328,0.0449,0.0473,0.0597,0.0743,0.0743,0.0057,0.08800000000000001,0.0436,0.0466,0.0941,0.0611
19430428,0.0093,0.0045,-0.0159,0.0074,0.0113,0.040999999999999995,0.0172,0.0122,0.039,0.0225,0.0064
19430528,0.0656,0.0637,0.0526,0.0582,0.0618,0.0451,0.0736,0.05,0.042,0.054000000000000006,0.0567
19430628,0.0193,0.0478,0.0085,0.011000000000000001,0.0234,0.0245,0.0445,0.0041,0.043,-0.008,0.0165
19430728,-0.0198,-0.0916,-0.067,-0.0299,-0.0741,-0.0013,-0.0236,-0.0311,-0.0044,-0.0518,-0.0463
19430828,0.0099,0.0322,0.0059,0.0097,0.0045,0.0079,0.0312,0.0026,0.0116,0.017,0.0126
19430928,0.022000000000000002,0.0168,0.0258,0.0136,0.0521,0.0146,0.0275,0.0391,0.0373,0.02,0.0238
19431028,-0.0019,-0.0118,-0.0086,-0.0206,-0.034,0.0068,-0.0333,0.0051,0.0053,-0.0117,-0.0126
19431128,-0.0468,-0.0498,-0.0629,-0.0674,-0.0649,-0.0177,-0.0422,-0.0403,-0.0829,-0.0783,-0.0584
19431228,0.0615,0.075,0.0578,0.0752,0.0801,0.0315,0.0598,0.0372,0.0731,0.0702,0.0628
19440128,0.0373,0.0084,0.0188,0.0049,0.0049,0.0086,0.0161,0.0031,-0.0029,0.0449,0.0177
19440228,-0.003,0.0367,-0.004,0.0005,-0.0214,0.0084,0.013000000000000001,-0.0263,0.0152,0.0215,0.0038
19440328,0.0283,0.0467,0.0219,0.0186,0.0374,0.0069,0.02,0.0246,0.0168,0.0252,0.0239
19440428,-0.0201,-0.0111,-0.0203,-0.0139,-0.0198,-0.0168,-0.0136,-0.0235,-0.009000000000000001,-0.024,-0.0176
19440528,0.0533,0.0749,0.0545,0.0495,0.0359,0.0391,0.0544,0.0562,0.0292,0.044000000000000004,0.0516
19440628,0.0547,0.0902,0.0707,0.0049,0.07400000000000001,0.0321,0.0689,0.0384,0.047,0.0564,0.0564
19440728,-0.004,-0.0473,-0.0199,-0.0124,-0.0187,-0.0044,-0.0027,-0.0135,0.0031,-0.0084,-0.0153
19440828,0.0241,0.0383,0.0214,-0.0198,0.0186,0.0062,0.0288,0.0081,0.035,0.004,0.0149
19440928,-0.0028,0.0071,0.0049,-0.013999999999999999,-0.0065,0.0023,0.0153,0.0035,-0.015,0.0008,0.0001
19441028,-0.0013,-0.025,-0.0035,0.0184,0.0086,0.0074,0.0048,0.0115,0.0183,0.0065,0.0025
19441128,0.015,0.0174,0.008,0.0258,0.0152,0.0066,0.0254,0.0036,-0.0246,0.0426,0.0151
19441228,0.0205,0.0385,0.0424,0.051,0.0463,0.0071,0.0293,0.0163,0.0496,0.0838,0.0419
19450128,0.0233,0.0114,0.0264,0.0444,0.0052,-0.0207,-0.0107,0.0038,0.0569,0.006999999999999999,0.018000000000000002
19450228,0.0445,0.0741,0.0688,0.0772,0.0662,0.0285,0.047,0.0438,0.0609,0.0771,0.065
19450328,-0.0321,-0.0586,-0.0495,-0.0526,-0.0383,-0.0017,-0.0126,-0.0175,-0.0303,-0.0352,-0.0392
19450428,0.0725,0.1069,0.0855,0.0686,0.0804,0.0249,0.0667,0.0625,0.0982,0.087,0.0775
19450528,0.0221,0.0084,0.0058,-0.009000000000000001,0.0173,0.0371,0.0629,0.040999999999999995,0.0185,0.0305,0.0181
19450628,0.0072,-0.0162,-0.0006,-0.0051,-0.019,0.0305,-0.0359,-0.0467,0.0477,0.0414,0.0037
19450728,-0.0152,-0.0089,-0.0294,-0.033,-0.0172,0.0169,-0.0091,-0.0166,-0.0043,-0.0531,-0.0225
19450828,0.0788,0.0901,0.0854,0.0217,0.0956,0.0165,0.0825,0.0927,0.0115,0.0261,0.0603
19450928,0.0626,0.0279,0.062,0.0196,0.0338,0.0179,0.0568,0.0654,0.0611,0.0603,0.0477
19451028,0.0663,0.0026,0.0232,0.0622,0.0072,0.0249,0.0627,0.0636,0.0625,0.055999999999999994,0.0388
19451128,0.0365,0.0256,0.0492,0.0835,0.0261,0.0337,0.064,0.086,0.0491,0.0885,0.0544
19451228,0.0118,0.0234,0.0149,-0.0026,0.0251,0.0045,0.0213,0.0122,-0.0094,0.0009,0.0111
19460128,0.0466,0.0673,0.0796,-0.0012,0.0649,0.0191,0.1047,0.076,0.1053,0.075,0.0615
19460228,-0.0477,-0.0889,-0.0612,-0.0473,-0.0745,-0.0288,-0.0403,-0.0418,-0.0551,-0.0625,-0.0579
19460328,0.0639,0.0107,0.0601,0.1101,0.0195,0.0125,0.1167,0.1477,0.0643,0.0475,0.0592
19460428,0.0366,0.0144,0.0397,0.0871,0.0144,0.0154,0.0724,0.1479,0.0423,0.0149,0.0403
19460528,0.0373,0.0499,0.0488,0.0358,0.0506,0.0278,0.0276,0.0557,0.0285,0.0349,0.0413
19460628,-0.0395,-0.0591,-0.0355,-0.0316,-0.053,0.0039,-0.0787,-0.0552,-0.0284,-0.0337,-0.0394
19460728,-0.0076,-0.0472,-0.0319,-0.0006,-0.0345,-0.0009,-0.0257,-0.0316,-0.035,-0.0506,-0.0261
19460828,-0.0526,-0.1021,-0.0667,-0.0564,-0.0686,-0.0695,-0.0477,-0.0316,-0.0554,-0.0665,-0.0644
19460928,-0.1051,-0.1457,-0.1038,-0.0803,-0.0987,-0.0484,-0.066,-0.0713,-0.0876,-0.1419,-0.1012
19461028,0.0044,-0.0304,-0.0183,-0.0071,-0.0289,-0.0516,-0.026000000000000002,-0.003,0.0121,-0.0028,-0.0144
19461128,-0.0098,-0.012,0.0175,0.0054,-0.0231,0.0178,-0.0474,0.0161,0.0104,0.0041,0.0022
19461228,0.0397,0.0571,0.0656,0.0431,0.049,0.0371,0.0491,0.0738,0.0603,0.0284,0.0503
19470128,0.0028,0.1062,0.008,-0.0069,0.0534,0.012,0.0311,-0.0538,-0.0043,0.0042,0.0148
19470228,-0.0014,0.013999999999999999,-0.0065,-0.0271,-0.0206,-0.0238,-0.0134,-0.0432,-0.0079,-0.0149,-0.0121
19470328,-0.0214,-0.0243,-0.0155,0.023,-0.0238,-0.0225,-0.0242,-0.0126,-0.0257,-0.035,-0.0172
19470428,-0.0655,-0.0404,-0.0566,-0.004,-0.051,-0.0029,-0.0771,-0.0849,-0.0368,-0.0635,-0.0481
19470528,-0.0042,-0.0203,-0.0212,0.0245,-0.0042,-0.011000000000000001,-0.0116,-0.0264,-0.0246,-0.018000000000000002,-0.0104
19470628,0.0635,0.0596,0.0569,0.0768,0.0381,-0.0324,0.0968,0.0415,0.0393,0.0344,0.0533
19470728,0.046,0.0503,0.0391,0.0391,0.0631,0.0078,0.044000000000000004,0.0257,0.0251,0.0587,0.0411
19470828,-0.0162,-0.0064,-0.0107,-0.0233,-0.0423,0.0033,-0.0355,-0.0376,0.0021,-0.0297,-0.0178
19470928,0.005,-0.0014,0.0063,-0.0276,0.011000000000000001,0.0078,-0.0227,-0.0278,-0.0136,-0.0098,-0.0051
19471028,0.0137,0.0291,0.0321,0.053,0.0128,0.0015,0.0271,0.0116,0.0005,0.0086,0.0241
19471128,-0.0187,-0.026000000000000002,-0.0132,-0.0029,-0.0027,-0.0263,-0.0192,-0.031,-0.0745,-0.0194,-0.0187
19471228,0.0028,0.022000000000000002,0.0262,0.0889,0.0241,0.0036,0.0002,0.0303,0.0108,0.0365,0.0291
19480128,-0.0287,-0.0516,-0.0411,-0.0743,-0.0546,0.0003,-0.0262,-0.083,-0.0027,-0.011000000000000001,-0.0377
19480228,-0.0613,-0.0553,-0.0541,-0.0304,-0.0413,-0.0113,-0.0402,-0.0357,-0.0365,-0.0421,-0.0443
19480328,0.0539,0.0701,0.0955,0.0987,0.1101,0.0186,0.0704,0.0625,0.0662,0.0985,0.0817
19480428,0.0131,0.0106,0.0252,0.1115,-0.0066,0.0257,0.0432,0.0217,0.0108,0.0289,0.0369
19480528,0.0507,0.1387,0.077,0.0601,0.1264,0.0241,0.0874,0.0655,0.0603,0.0669,0.0737
19480628,-0.0222,0.003,-0.0098,0.0344,-0.015,0.0033,-0.0108,-0.0229,0.0246,-0.0096,-0.0009
19480728,-0.0174,-0.0432,-0.0507,-0.0725,-0.067,-0.0173,-0.0759,-0.0433,-0.0442,-0.0503,-0.0512
19480828,0.0001,0.0094,0.0032,-0.021,0.0297,-0.0003,0.0217,-0.02,0.0,0.013999999999999999,0.003
19480928,-0.0414,-0.0375,-0.0269,-0.0451,-0.0321,-0.0027,-0.0097,-0.0312,-0.0095,-0.0331,-0.0298
19481028,0.0365,0.0765,0.0658,0.0915,0.0678,0.0107,0.0412,0.0448,0.0435,0.0499,0.0594
19481128,-0.0626,-0.1166,-0.102,-0.1222,-0.0936,-0.021,-0.0455,-0.0517,-0.0913,-0.1047,-0.091
19481228,0.0055,0.0346,0.0393,0.0469,0.0629,0.0105,0.0137,0.0449,0.026000000000000002,0.0284,0.0317
19490128,0.0326,0.0244,0.0026,-0.0392,-0.0158,-0.0137,0.0091,0.0448,0.0467,0.0036,0.002
19490228,-0.0182,-0.0377,-0.0351,-0.0406,-0.0417,-0.0039,-0.032,-0.0103,0.0058,-0.0333,-0.0296
19490328,0.0303,0.0336,0.0348,0.055999999999999994,0.0571,0.0126,0.040999999999999995,0.054000000000000006,0.0366,0.0462,0.0398
19490428,-0.017,-0.0426,-0.036000000000000004,0.0117,-0.0382,-0.0174,-0.0169,0.0038,0.0077,-0.0174,-0.019
19490528,-0.0053,-0.0276,-0.0344,-0.0574,-0.0541,-0.0226,0.0104,-0.0218,-0.0035,-0.0279,-0.0283
19490628,0.009000000000000001,0.012,0.002,-0.0126,0.0002,0.0102,0.0349,0.0205,-0.0103,-0.0128,0.0024
19490728,0.0497,0.0899,0.057,0.0615,0.0679,0.0232,0.0461,0.0591,0.0444,0.0427,0.0546
19490828,0.0395,0.0229,0.0205,0.054000000000000006,0.0068,0.0089,0.0122,0.0009,0.036000000000000004,0.0157,0.0256
19490928,0.0263,0.0261,0.0391,0.0294,0.0359,0.0114,0.0207,0.0176,0.0407,0.0324,0.0312
19491028,0.0145,0.0706,0.0421,0.0361,0.0404,0.0179,0.0028,0.0328,0.0118,0.0247,0.0307
19491128,0.0186,0.0446,0.0334,-0.0285,0.0314,0.0159,0.0235,0.0399,0.0322,0.0178,0.0184
19491228,0.0512,0.0801,0.0618,0.01,0.0935,0.0152,0.0455,0.094,0.0391,0.0688,0.0517
19500128,0.0133,0.0178,0.0183,-0.0074,0.0443,0.0175,-0.0005,0.0078,0.0292,0.0241,0.0154
19500228,0.0061,0.0304,0.0154,-0.0059,0.0333,0.0058,0.0131,0.0202,0.0231,0.0094,0.0136
19500328,-0.0054,0.0167,0.0066,0.047,0.0233,0.0447,-0.0076,-0.0297,0.0048,-0.0098,0.0112
19500428,0.0009,0.1019,0.0749,0.0312,0.0466,0.0216,-0.0034,0.0542,0.0087,0.0138,0.0392
19500528,0.0202,0.0628,0.0602,0.0819,0.0012,0.0198,0.0252,0.0384,0.0153,0.0127,0.0419
19500628,-0.059000000000000004,-0.0404,-0.0685,-0.0412,-0.0804,-0.0438,-0.046,-0.0432,-0.0734,-0.063,-0.0575
19500728,0.002,-0.0273,0.0213,0.0871,-0.03,-0.0141,-0.0081,-0.0704,-0.0525,0.0647,0.015
19500828,0.0386,0.0906,0.0627,0.0421,0.0517,0.0245,0.0395,0.0356,0.032,0.0225,0.0493
19500928,0.0478,0.0854,0.043,0.0344,0.0489,-0.0056,0.0774,0.0607,0.0439,0.0662,0.0478
19501028,-0.006,0.0053,0.0043,0.0017,-0.016,0.0009,0.0073,-0.0188,-0.0091,-0.0216,-0.0026
19501128,0.0012,-0.0273,0.0579,0.0518,0.0252,-0.0029,0.0047,0.0456,-0.0125,0.0422,0.0279
19501228,0.0274,0.013000000000000001,0.0658,0.0826,0.038,0.0169,0.0276,0.059000000000000004,0.0349,0.1087,0.0561
19510128,0.0453,0.0901,0.0603,0.0647,0.0638,0.0175,0.0303,0.0297,0.0484,0.0605,0.0566
19510228,0.0081,0.0272,0.0108,0.0086,0.0204,0.0401,0.0343,0.013999999999999999,0.0308,-0.0031,0.0141
19510328,-0.0283,0.0101,-0.0323,-0.0248,-0.01,-0.0121,-0.0196,0.0155,-0.0153,-0.0282,-0.0221
19510428,0.0085,0.0324,0.0676,0.1066,0.0304,0.0071,0.0011,0.1027,0.0014,0.0353,0.0484
19510528,-0.0131,-0.054000000000000006,-0.0222,-0.0312,-0.0289,-0.0053,-0.0179,0.0148,-0.0018,-0.034,-0.0238
19510628,-0.0373,-0.0681,-0.0405,0.0109,-0.0172,-0.003,-0.0254,0.0069,-0.0053,-0.0504,-0.0264
19510728,0.0303,0.0286,0.0829,0.1114,0.0553,0.0267,0.025,0.1433,0.0517,0.0729,0.0696
19510828,0.0341,0.0676,0.0476,0.0561,0.0578,0.0251,0.027999999999999997,-0.0155,0.0201,0.0323,0.0438
19510928,-0.0051,0.0249,0.0011,-0.0088,0.0321,-0.0016,0.0303,-0.0194,0.0119,0.0312,0.0078
19511028,-0.0336,-0.0216,-0.0434,0.0101,-0.065,-0.0124,-0.0308,-0.0613,0.0028,-0.0328,-0.024
19511128,-0.0019,0.0186,0.003,-0.009000000000000001,0.0242,0.0038,0.0106,-0.0051,0.0162,0.0205,0.0049
19511228,0.0185,0.0231,0.0439,0.0461,0.0474,0.0075,-0.0042,0.0494,0.0336,0.0197,0.0338
19520128,0.0037,-0.0127,-0.0043,0.0644,-0.0177,0.0003,-0.0056,0.0051,0.0293,0.0315,0.0155
19520228,-0.0214,0.003,-0.0396,-0.0341,-0.0341,-0.0075,-0.0351,-0.0434,0.0055,-0.0182,-0.026000000000000002
19520328,0.0153,0.0811,0.0287,0.0845,0.0506,0.0115,0.0202,0.0033,0.0211,0.0579,0.0443
19520428,-0.0326,-0.0312,-0.0679,-0.0774,-0.0347,-0.0086,-0.0189,-0.0559,-0.0191,-0.0343,-0.0499
19520528,0.0182,0.0368,0.0409,0.0337,0.0278,0.009000000000000001,0.0262,0.0238,0.0285,0.0295,0.0313
19520628,0.0269,0.0524,0.0419,0.053,0.057,0.019,0.0253,-0.0108,0.0095,0.0381,0.0379
19520728,0.0041,0.024,0.0216,-0.0113,0.0126,0.001,0.0188,-0.0453,0.0196,0.0101,0.0104
19520828,0.0088,0.0182,-0.0191,-0.0286,-0.0037,0.0074,-0.0021,-0.0072,0.0158,-0.0026,-0.0085
19520928,-0.0307,-0.0092,-0.023,-0.0451,0.0088,-0.005,-0.0075,-0.0424,0.0017,-0.0155,-0.0208
19521028,-0.01,0.0105,-0.0164,0.0028,-0.0121,0.0078,-0.0146,-0.0164,0.002,-0.0176,-0.0067
19521128,0.0605,0.0633,0.0864,0.0197,0.0908,0.0397,0.0376,0.0713,0.0512,0.0704,0.057999999999999996
19521228,0.012,0.0679,0.0257,0.0439,0.0289,0.0072,0.0161,-0.021,0.0172,0.0353,0.0296
19530128,0.0209,-0.0054,0.0052,-0.0315,-0.0248,0.0087,0.01,-0.0525,0.0064,0.0071,-0.0033
19530228,0.0158,-0.0123,-0.0108,0.0019,0.0038,-0.0058,-0.0007,0.0191,0.0048,-0.0056,-0.003
19530328,-0.0194,-0.0452,-0.0187,-0.0074,-0.0092,-0.006,-0.0171,-0.0034,-0.0003,-0.0133,-0.0151
19530428,-0.0028,-0.0208,-0.0282,-0.0534,-0.0054,-0.012,-0.0072,-0.055,-0.0311,-0.0339,-0.028999999999999998
19530528,0.0003,-0.0016,0.0009,0.0167,0.0096,0.002,0.0122,-0.0021,-0.003,0.0112,0.005
19530628,-0.01,-0.0348,-0.0243,-0.0023,-0.022000000000000002,0.0032,-0.0243,-0.035,-0.0298,-0.0214,-0.0181
19530728,0.0258,0.0061,0.0239,0.0374,0.0216,0.0079,0.0225,0.0351,0.0327,0.0122,0.0237
19530828,-0.0371,-0.0643,-0.0501,-0.0652,-0.0458,-0.0101,-0.0277,-0.0012,-0.0052,-0.0684,-0.0457
19530928,0.0011,-0.0094,0.0099,-0.0209,0.0319,0.0161,0.0006,0.0027,0.0149,-0.0109,0.0015
19531028,0.0057,0.0748,0.0587,0.0551,0.0711,0.0128,0.0043,0.0252,0.0433,0.0351,0.0457
19531128,0.0029,0.0039,0.0406,0.0191,0.0493,0.0216,0.0281,0.079,0.0292,0.0275,0.0275
19531228,-0.0076,-0.0133,0.0044,0.0023,0.0054,0.004,0.012,-0.0146,0.0064,-0.0223,-0.0006
19540128,0.0415,0.0509,0.0441,0.0812,0.0675,0.0178,0.0297,0.0553,0.0226,0.0648,0.0495
19540228,-0.0048,0.0165,0.0092,0.0316,0.0491,0.0251,0.0041,-0.0017,0.0238,0.0134,0.0185
19540328,0.0132,0.034,0.0484,0.0424,0.0876,0.0164,0.0042,0.0013,0.0337,0.0151,0.037000000000000005
19540428,0.0089,0.0395,0.0563,0.0608,0.0899,0.0187,0.012,0.0114,0.0103,0.0274,0.0417
19540528,0.0233,0.0438,0.0449,0.0292,-0.0046,0.0119,0.0258,0.0155,0.0211,0.0444,0.0309
19540628,0.0045,0.0113,0.0345,-0.0592,0.0964,0.0048,0.0212,-0.0251,0.0122,0.0169,0.0108
19540728,0.0634,0.0973,0.052000000000000005,0.0419,-0.0054,0.0433,0.0372,0.0822,0.054000000000000006,0.0654,0.0499
19540828,-0.0269,-0.0342,-0.0382,0.0047,-0.0472,-0.0149,0.0001,-0.0261,-0.018000000000000002,-0.0224,-0.023
19540928,0.0379,0.1424,0.0654,0.0993,0.0634,0.024,0.0429,0.0287,0.0191,0.0413,0.0634
19541028,-0.0237,-0.0081,-0.0119,-0.0206,-0.0205,-0.0095,-0.0249,-0.0181,-0.0386,0.0049,-0.0169
19541128,0.0613,0.0435,0.1355,0.0798,0.1314,0.0341,0.09699999999999999,0.125,0.055999999999999994,0.1119,0.0954
19541228,0.0438,0.0712,0.0648,0.0637,0.0287,0.015,0.0088,0.0602,0.0348,0.0905,0.0545
19550128,0.0013,0.0052,-0.001,0.003,0.0353,0.0072,0.0184,-0.0295,0.0137,0.0067,0.0063
19550228,0.0145,-0.0112,0.0411,0.0236,0.0435,0.039,0.0131,0.0279,0.0354,0.0368,0.0305
19550328,-0.0093,-0.0004,0.0023,-0.0033,-0.0121,-0.0029,-0.0162,0.0594,-0.008,0.0059,-0.0022
19550428,0.0403,0.0553,0.0422,0.005,0.0525,0.0184,0.0167,-0.0006,0.0236,0.0337,0.0313
19550528,-0.0038,-0.0126,0.0284,-0.0074,-0.0008,0.0117,0.0232,0.0301,-0.0029,0.0144,0.0105
19550628,0.0242,0.0987,0.0953,0.1106,0.0268,0.006,0.0386,0.0026,0.0165,0.0221,0.0649
19550728,0.0196,0.1934,-0.0127,0.0267,-0.0299,0.025,0.0207,-0.0016,0.0358,-0.0153,0.019
19550828,-0.008,-0.0437,0.0287,-0.0126,0.0041,-0.0239,0.0143,-0.0001,-0.0011,0.0044,0.0028
19550928,-0.0187,0.0899,-0.0091,-0.0054,-0.0436,0.0069,0.0299,-0.0333,-0.0283,-0.0285,-0.0038
19551028,-0.0102,-0.0509,-0.0325,-0.0117,-0.0547,-0.0132,-0.0265,0.0064,-0.0109,-0.0274,-0.0275
19551128,0.0346,0.0893,0.0783,0.084,0.1024,0.0146,0.0527,0.0611,0.032,0.0804,0.0698
19551228,0.0106,-0.0422,0.0271,0.0352,0.0473,0.0068,-0.0094,0.0604,-0.0036,-0.006999999999999999,0.0147
19560128,-0.0177,-0.069,-0.0479,0.0029,-0.0548,0.0165,-0.0419,-0.0672,-0.0057,-0.0302,-0.0302
19560228,0.0087,0.0538,0.047,0.0411,0.0597,-0.0003,0.025,0.0808,0.0178,0.0319,0.0377
19560328,0.0164,0.0356,0.075,0.1129,0.10300000000000001,0.0127,0.0029,0.0711,0.0359,0.055999999999999994,0.0666
19560428,0.0079,-0.0533,0.0082,0.0347,-0.0035,-0.0107,-0.0183,0.0258,-0.0237,0.0081,0.0031
19560528,-0.0342,-0.0465,-0.0642,-0.0663,-0.0555,-0.0129,-0.0435,-0.0078,-0.0095,-0.055999999999999994,-0.0519
19560628,0.0036,0.0677,0.0439,0.0236,0.0672,0.0108,0.0196,0.0265,0.0219,0.0126,0.0353
19560728,0.0181,0.040999999999999995,0.0585,0.0582,0.0509,0.0237,0.0448,0.0287,0.0502,0.0227,0.0488
19560828,-0.0153,0.0063,-0.0261,-0.0542,-0.0373,-0.015,-0.0429,-0.0324,-0.0262,-0.0357,-0.0307
19560928,-0.035,-0.0116,-0.0676,-0.06,-0.0707,-0.0294,-0.0492,-0.0386,-0.0407,-0.0466,-0.0517
19561028,0.0023,-0.015,0.0111,0.0026,0.03,-0.0165,0.0054,0.0033,0.009000000000000001,0.0067,0.0047
19561128,0.0006,-0.0359,-0.0087,0.0566,0.01,0.0147,-0.0159,-0.0121,0.0061,0.0062,0.0054
19561228,0.0029,0.0077,0.0425,0.0332,0.0364,0.0219,-0.0106,0.0551,0.0117,0.0125,0.027999999999999997
19570128,0.0151,-0.0641,-0.0616,-0.0439,-0.0591,0.0261,-0.0153,-0.0254,0.0234,-0.0083,-0.034
19570228,-0.017,-0.0207,-0.0296,-0.0251,-0.0089,0.0009,-0.0117,-0.0059,-0.0052,-0.0285,-0.0208
19570328,0.0133,0.0028,0.0177,0.0294,0.0454,0.0129,0.0172,0.0804,0.0147,0.0209,0.0214
19570428,0.0123,0.0767,0.0346,0.0667,0.0813,0.0019,-0.0002,0.0513,0.028999999999999998,0.0274,0.0425
19570528,0.011000000000000001,0.0078,0.0287,0.0734,0.0556,0.0078,0.0221,0.0452,0.0191,0.0115,0.0333
19570628,-0.0085,-0.0018,0.0012,-0.0197,0.0499,-0.0233,-0.0224,0.0623,-0.0532,-0.012,-0.0082
19570728,0.0109,0.0331,0.0017,0.0071,0.0075,-0.0054,0.023,0.023,-0.0028,0.0054,0.0066
19570828,-0.0276,-0.0333,-0.0644,-0.0599,-0.0728,-0.0037,-0.0294,-0.0323,-0.0287,-0.0571,-0.0521
19570928,-0.0135,-0.073,-0.0716,-0.0823,-0.0662,-0.0248,-0.0031,-0.033,-0.0195,-0.0684,-0.0604
19571028,-0.0251,-0.0421,-0.0503,-0.0606,-0.0206,-0.0239,-0.0377,-0.0097,-0.0098,-0.0707,-0.0444
19571128,0.0309,-0.0554,0.0308,0.0213,0.0618,0.0121,0.0116,0.083,0.0419,-0.0016,0.0215
19571228,0.0028,-0.0807,-0.0487,-0.0719,-0.0349,0.0101,-0.0208,-0.0072,0.0225,-0.0456,-0.0404
19580128,0.0729,0.0463,0.0513,0.013000000000000001,0.0376,0.0393,0.0784,-0.0069,0.0591,0.1059,0.0473
19580228,0.019,-0.015,-0.0212,-0.0472,-0.0177,0.0059,0.0141,0.0484,0.0116,-0.0189,-0.0152
19580328,0.0411,0.0284,0.0148,0.0783,0.0248,0.0108,0.0427,0.0807,0.019,0.0232,0.0326
19580428,0.0345,0.0488,0.013999999999999999,0.0506,-0.0017,0.0262,0.0288,0.0649,0.0501,0.0415,0.0296
19580528,0.0263,0.0465,0.0334,0.0024,0.013999999999999999,0.0195,0.0345,0.0109,0.013000000000000001,0.0361,0.0235
19580628,0.0282,0.0245,0.0231,0.0493,0.0358,0.0168,0.0215,0.0371,0.0217,0.0293,0.0292
19580728,0.0158,0.0983,0.0838,0.0062,0.0373,0.0083,0.0221,0.0605,0.0106,0.0542,0.0443
19580828,0.0275,0.0,0.0244,0.0187,0.0198,0.0237,0.0527,0.0195,-0.0099,0.0275,0.0183
19580928,0.0422,0.0978,0.0435,0.031,0.0601,0.0485,0.0373,0.1154,0.0323,0.0437,0.0474
19581028,0.022000000000000002,0.0207,0.0286,0.0125,0.0431,0.0128,0.0187,0.0087,0.0409,0.0326,0.0252
19581128,0.0407,0.0161,0.0272,0.0172,0.0424,0.0203,0.0543,0.0791,0.0288,0.0462,0.0293
19581228,0.0258,0.0253,0.0509,0.0102,0.129,0.1305,0.0508,0.0439,0.0564,0.0285,0.0511
19590128,0.0359,-0.0125,0.0055,0.0031,-0.0244,0.037000000000000005,0.036000000000000004,-0.0083,0.0108,0.0167,0.0075
19590228,0.0265,-0.0212,0.0341,-0.0758,0.0497,0.0452,0.0275,0.0367,0.0105,0.0147,0.0093
19590328,0.0032,-0.0143,-0.0044,0.0192,0.0212,-0.0051,-0.0217,0.0401,0.0132,-0.0087,0.0027
19590428,0.0403,0.0916,0.0392,0.0151,0.0823,0.0443,0.0154,0.1175,-0.0124,0.015,0.0372
19590528,-0.0043,0.0493,0.0387,-0.0116,0.0458,-0.0126,0.021,-0.013000000000000001,-0.013000000000000001,0.0069,0.0178
19590628,0.0173,-0.0011,0.0114,-0.0295,-0.0123,-0.0138,0.0145,0.0635,-0.0246,0.0115,-0.0013
19590728,0.0343,0.0815,0.0339,0.047,0.0019,0.0044,0.0154,0.0448,0.035,0.0035,0.0318
19590828,-0.0065,0.022000000000000002,-0.0211,-0.0332,-0.027000000000000003,0.0042,0.0045,-0.0376,0.0119,-0.0267,-0.0135
19590928,-0.0364,-0.0487,-0.0526,-0.0721,-0.045,-0.0127,-0.0228,-0.0527,-0.0461,-0.0439,-0.0479
19591028,0.0363,-0.0163,0.0116,0.0087,0.0468,0.01,0.0078,0.0201,0.0057,-0.0031,0.0123
19591128,0.0101,-0.0035,0.0191,-0.0067,0.0886,-0.0149,0.0162,0.0538,0.0011,-0.006,0.0156
19591228,0.0086,0.0487,0.0183,0.0388,0.0317,0.0397,0.0229,-0.0199,0.018000000000000002,0.0162,0.0256
19600128,-0.037000000000000005,-0.1132,-0.0875,-0.078,-0.1015,0.0062,-0.0626,-0.0673,-0.0276,-0.0478,-0.0706
19600228,0.0243,-0.0246,-0.0012,-0.0366,0.0421,0.0808,0.0337,0.0003,0.0282,-0.0015,0.0096
19600328,-0.0157,-0.047,-0.0368,-0.0122,0.0209,-0.0021,-0.0012,0.0125,0.0142,-0.0266,-0.0156
19600428,0.0135,-0.0173,-0.0372,-0.0444,0.0031,-0.0124,-0.0047,0.0146,0.012,-0.0117,-0.0174
19600528,0.0629,-0.0098,0.0339,-0.0374,0.0921,0.0304,0.0255,0.1344,0.0122,0.004,0.0306
19600628,0.0412,0.0058,0.0153,0.0327,0.0126,-0.0058,0.0405,-0.0038,0.0551,0.0245,0.0207
19600728,-0.008,-0.0069,-0.0368,-0.0001,-0.0419,-0.0003,-0.0309,-0.0391,-0.0083,-0.0203,-0.0221
19600828,0.0401,0.0324,0.0095,0.045,0.008,0.0692,0.0285,0.0222,0.0384,0.0295,0.0283
19600928,-0.0356,-0.0581,-0.07200000000000001,-0.0114,-0.0885,-0.0606,-0.0843,-0.0889,-0.0463,-0.0566,-0.0597
19601028,0.0149,-0.0151,-0.0121,0.022000000000000002,-0.0347,-0.0008,-0.0025,-0.0371,-0.0056,-0.0091,-0.0068
19601128,0.0865,-0.0081,0.0471,0.0327,0.0688,0.04,0.0643,0.0392,0.036000000000000004,0.0643,0.0466
19601228,0.0432,-0.0055,0.0374,0.0515,0.0287,0.1236,0.0216,0.0608,0.0618,0.0397,0.0465
19610128,0.0525,0.0815,0.065,0.0964,0.0267,0.077,0.0264,0.0584,0.0476,0.0769,0.0626
19610228,0.0648,0.0385,0.0487,0.0047,0.0256,0.0062,0.0475,0.0507,0.0348,0.0553,0.0357
19610328,0.0466,0.0321,0.013999999999999999,0.0123,0.0258,0.0723,0.0534,0.0359,0.0184,0.0333,0.0289
19610428,-0.0146,-0.0186,-0.0151,0.0461,0.0028,0.0062,0.0067,-0.0047,0.0167,0.0003,0.0041
19610528,0.0349,0.0112,0.0439,-0.0005,0.0269,-0.0121,0.0387,0.0212,0.0215,0.0408,0.0241
19610628,-0.0151,-0.0177,-0.0316,-0.0422,-0.0351,-0.0419,0.0016,-0.0363,-0.0203,-0.0402,-0.0305
19610728,0.0265,0.0597,0.0233,0.0211,0.0157,0.0625,0.0215,0.0328,0.027000000000000003,0.0104,0.0289
19610828,0.0497,0.0122,0.023,0.0001,0.0435,0.0007,0.0298,0.0374,0.0367,0.0526,0.0257
19610928,-0.0014,0.0449,-0.0463,-0.0654,0.0003,-0.0288,0.0003,-0.0147,0.0124,-0.0195,-0.0204
19611028,0.0338,0.0029,-0.0038,0.0644,0.0318,0.0001,0.0852,0.033,0.0512,0.0204,0.0252
19611128,0.0545,0.0946,0.027999999999999997,0.0529,0.0279,0.0837,0.0462,0.0313,0.0327,0.0355,0.0446
19611228,-0.0328,0.0263,0.0004,0.0363,-0.0087,0.0313,-0.0046,-0.022000000000000002,-0.0438,-0.0207,-0.0012
19620128,-0.0641,-0.0042,-0.0381,-0.0016,-0.0519,-0.0631,-0.0891,-0.0486,-0.0284,-0.0147,-0.0387
19620228,0.0006,-0.0162,0.0122,0.0509,-0.0021,0.039,0.0151,0.035,0.0243,0.0133,0.017
19620328,-0.0117,0.0021,-0.0065,-0.0186,0.0003,-0.0314,0.0048,0.0041,0.0176,-0.0191,-0.0077
19620428,-0.0689,-0.0538,-0.0815,-0.0382,-0.1125,-0.0491,-0.048,-0.1123,-0.0303,-0.0726,-0.0649
19620528,-0.1161,-0.0467,-0.0834,-0.0509,-0.114,-0.0737,-0.0938,-0.1114,-0.1066,-0.0775,-0.0869
19620628,-0.0899,-0.0625,-0.0984,-0.0507,-0.1174,-0.0872,-0.1054,-0.128,-0.0529,-0.0915,-0.0847
19620728,0.05,0.0774,0.0505,0.0463,0.1103,0.0696,0.0425,0.0751,0.0714,0.051,0.0634
19620828,0.0072,0.0358,0.0214,0.0161,0.0315,0.0135,0.0393,-0.0814,0.0292,0.0353,0.0211
19620928,-0.0598,-0.024,-0.0602,-0.0198,-0.0906,-0.0626,-0.0665,-0.0427,-0.0308,-0.0585,-0.0522
19621028,-0.0368,0.0219,0.0123,-0.0055,-0.0039,0.0251,-0.0131,0.0221,-0.0132,0.0024,-0.0005
19621128,0.1198,0.0653,0.13,0.1052,0.1436,0.0696,0.1103,0.174,0.0741,0.1449,0.1081
19621228,0.0117,0.0331,-0.0128,0.0446,-0.004,0.0085,-0.0004,0.0065,0.0325,0.0085,0.0096
19630128,0.0567,0.0737,0.0555,0.0244,0.0538,0.0388,0.0381,0.054000000000000006,0.05,0.0506,0.0493
19630228,-0.0328,-0.0314,-0.0279,-0.0154,-0.0529,-0.0132,-0.0074,-0.0282,-0.0168,-0.0059,-0.0242
19630328,0.0234,0.0685,0.0265,0.0674,0.0252,0.0171,0.0186,0.0094,0.0156,0.026000000000000002,0.0306
19630428,0.0212,0.0538,0.0443,0.057999999999999996,0.0616,0.0348,0.0511,0.0738,0.0213,0.0571,0.0449
19630528,0.0166,0.0775,0.0186,-0.0035,0.0394,-0.0088,0.0226,-0.005,0.008,0.0336,0.0176
19630628,-0.0159,-0.0349,-0.0279,0.0098,-0.0513,-0.0217,-0.0172,-0.0132,-0.0135,-0.0162,-0.0203
19630728,-0.0077,-0.0037,-0.0166,0.0203,-0.0098,-0.005,-0.0121,0.0029,0.0055,-0.0191,-0.0044
19630828,0.047,0.0636,0.0593,0.0367,0.0488,0.0403,0.061,0.0932,0.0396,0.0508,0.0502
19630928,-0.0195,-0.0049,-0.0103,-0.0391,-0.0011,0.0208,0.0062,-0.0432,-0.0274,-0.0344,-0.0146
19631028,0.0245,0.1048,0.0228,-0.0061,0.0797,0.031,0.0016,0.0314,-0.0096,0.0103,0.0248
19631128,-0.0142,-0.0544,0.0003,-0.0144,-0.0057,0.0389,-0.0151,-0.0192,-0.0129,-0.0015,-0.0083
19631228,0.0253,0.003,0.0159,0.0433,0.0285,-0.0044,0.0008,0.0122,0.0211,0.0241,0.0188
19640128,0.0043,0.009000000000000001,0.0237,0.0456,0.0258,0.0305,0.0236,0.0342,0.011000000000000001,0.0096,0.0228
19640228,0.0162,0.0135,0.0247,0.0084,0.017,-0.0055,0.0151,0.0137,0.0059,0.0501,0.0146
19640328,0.0269,0.0073,0.0338,0.0112,0.0313,-0.0126,0.0237,-0.0224,-0.0104,0.0197,0.0145
19640428,-0.0081,0.0156,-0.0197,0.0376,-0.0386,0.0051,0.0262,-0.0172,0.0075,-0.001,0.0017
19640528,0.0133,0.0127,0.0157,0.019,0.0246,-0.0065,0.0341,0.0027,0.0057,0.0222,0.0148
19640628,0.0134,0.0052,0.006,0.0035,0.0015,0.0446,0.035,0.0026,0.019,0.0096,0.0121
19640728,0.0143,0.0536,0.0103,0.0303,-0.0214,-0.0229,0.0114,0.0444,0.0461,0.0077,0.0171
19640828,-0.0051,0.0113,-0.0153,-0.0215,-0.0309,-0.0181,-0.0008,-0.0447,-0.0031,-0.0335,-0.0141
19640928,0.0147,0.0435,0.0451,0.0279,0.0086,-0.0131,0.03,0.0248,0.0157,0.038,0.0277
19641028,-0.0045,-0.0021,0.0013,0.0275,-0.0129,-0.0117,0.0209,0.0257,0.0066,0.0135,0.006
19641128,0.0046,-0.013999999999999999,-0.0087,0.0226,-0.0047,-0.0254,0.0292,0.0187,0.0107,-0.0198,0.0002
19641228,-0.0015,0.0164,-0.0105,-0.0057,-0.0034,0.0283,-0.002,0.0408,0.0018,-0.0197,0.0006
19650128,0.0579,0.0353,0.0512,0.0024,0.0714,-0.0003,0.0296,0.0743,0.0365,0.0434,0.0359
19650228,0.0126,-0.0079,0.0225,-0.0366,0.0192,0.0049,0.0129,0.021,0.0016,0.0216,0.004
19650328,-0.0113,0.0095,-0.0149,-0.0338,-0.0086,-0.0204,-0.0132,-0.0124,-0.0088,-0.0062,-0.0133
19650428,0.0394,0.0651,0.0372,0.0053,0.0487,0.0199,0.0634,0.0264,0.0032,0.0198,0.0305
19650528,-0.0114,-0.0362,-0.0089,0.0057,0.0012,0.0249,-0.0015,-0.0158,-0.0126,-0.0177,-0.0075
19650628,-0.0554,-0.0714,-0.0657,-0.0233,-0.061,-0.0448,-0.0653,-0.0569,-0.0401,-0.0725,-0.0554
19650728,0.0129,0.0196,0.0179,0.0149,0.0327,-0.0068,-0.0159,0.0366,0.0075,0.0282,0.0136
19650828,0.0372,0.031,0.0322,0.0123,0.0554,0.01,0.0202,0.0594,0.0059,0.0465,0.0276
19650928,0.0013,0.0684,0.0356,0.0403,0.0495,0.0079,-0.0101,0.0191,0.0105,0.016,0.0288
19651028,0.0226,0.0583,0.0406,0.0153,0.0489,-0.0258,-0.0006,0.0292,0.0076,0.0389,0.0262
19651128,0.0068,-0.0416,0.0103,0.0038,0.0239,-0.0466,0.0099,0.0343,-0.0135,0.0367,-0.0005
19651228,0.0089,0.0112,0.0287,-0.0014,-0.0186,-0.0118,0.0097,0.0352,-0.0065,0.0302,0.0102
19660128,0.0153,0.0017,0.0253,0.0067,0.0097,-0.0167,-0.0428,0.0233,-0.0343,0.0472,0.0083
19660228,-0.0079,-0.0182,-0.0111,-0.038,0.0466,0.0012,-0.0226,-0.0191,-0.0452,0.017,-0.0121
19660328,-0.0302,-0.034,-0.0216,-0.0262,-0.0128,-0.0523,-0.0224,-0.0201,-0.005,-0.0317,-0.0247
19660428,0.0,-0.0021,0.0251,0.0279,0.0728,0.0092,0.0222,-0.0035,0.0084,0.0294,0.0214
19660528,-0.053,-0.0883,-0.0603,-0.0413,-0.0646,-0.034,-0.0339,-0.0569,-0.0314,-0.081,-0.0566
19660628,-0.023,-0.0231,-0.0137,-0.0267,-0.0053,0.001,-0.0271,0.0059,-0.0216,0.0026,-0.0141
19660728,-0.0155,-0.0292,-0.0193,0.0002,-0.0206,-0.0151,-0.0222,-0.0207,-0.0053,-0.023,-0.0164
19660828,-0.0758,-0.0799,-0.0834,-0.0677,-0.0633,-0.0501,-0.0689,-0.0851,-0.0901,-0.1214,-0.0795
19660928,-0.0181,-0.0135,-0.0403,0.0347,-0.023,-0.0096,-0.0265,-0.0157,0.0397,-0.0213,-0.011000000000000001
19661028,0.0406,-0.0009,0.0205,0.0799,-0.0015,0.0873,-0.016,0.0438,0.095,0.0253,0.0378
19661128,0.0183,-0.0377,0.0234,-0.0156,0.1046,-0.0324,0.0043,0.0651,-0.0176,0.0742,0.0135
19661228,-0.0007,-0.0304,0.0101,-0.0103,0.0006,0.0256,-0.0412,-0.0058,0.017,0.0153,0.0022
19670128,0.0902,0.1142,0.1074,0.0316,0.098,0.0581,0.1142,0.0604,0.0239,0.1153,0.0812
19670228,0.0168,-0.013999999999999999,0.0085,-0.0044,0.0579,0.0176,0.0288,0.0102,-0.0209,-0.0081,0.0074
19670328,0.0397,0.0348,0.054000000000000006,0.0322,0.0509,0.0258,0.0252,0.0747,0.0115,0.0374,0.0395
19670428,0.0425,0.10800000000000001,0.034,0.0131,0.075,-0.0014,0.0878,0.0411,0.0154,0.0171,0.0384
19670528,-0.03,-0.0771,-0.0397,-0.0269,-0.047,-0.0596,-0.051,-0.055999999999999994,-0.0444,-0.0221,-0.0426
19670628,0.0242,0.0109,0.0185,0.0202,0.0611,0.0246,0.0347,0.0514,-0.0158,0.0317,0.0242
19670728,0.0567,0.1086,0.0472,0.0657,0.0366,-0.069,0.055999999999999994,0.0348,0.0197,0.0766,0.046
19670828,-0.012,-0.0008,-0.0075,-0.0177,-0.0132,-0.0155,0.0065,0.0033,-0.0102,-0.0072,-0.0093
19670928,0.0275,0.0454,0.0279,0.0396,0.0805,0.0092,0.0175,0.026000000000000002,-0.0044,0.0107,0.0311
19671028,-0.0306,-0.0522,-0.049,-0.0141,0.0448,-0.0388,0.0028,-0.0541,-0.0581,-0.0569,-0.0313
19671128,0.0022,-0.0128,0.0026,0.0038,0.0107,-0.0028,-0.0004,0.0095,0.027999999999999997,-0.0049,0.0043
19671228,0.0284,0.006,0.0491,0.0272,0.018000000000000002,-0.002,0.0317,0.0129,0.028999999999999998,0.0514,0.0304
19680128,-0.01,-0.0569,-0.0679,-0.0121,-0.0912,0.0228,0.0098,-0.0689,-0.0018,-0.0242,-0.0403
19680228,-0.0303,-0.0264,-0.0467,-0.031,-0.0498,-0.027999999999999997,-0.0114,-0.0464,-0.0187,-0.0379,-0.0375
19680328,0.0031,0.0026,0.0047,0.0035,0.0385,-0.0151,0.025,-0.0029,-0.0431,-0.0075,0.0013
19680428,0.1046,0.1128,0.1017,0.0525,0.12,0.0175,0.1176,0.1147,0.0205,0.1147,0.0898
19680528,0.0462,-0.0084,0.0274,0.0077,0.0335,-0.0119,0.0324,0.0293,-0.0001,0.0562,0.0225
19680628,0.0061,-0.0171,-0.0057,0.0137,-0.0242,0.0375,0.0006,0.018000000000000002,0.0801,0.0263,0.0072
19680728,-0.0426,-0.0345,-0.045,0.0472,-0.0602,-0.0068,-0.0516,-0.0459,-0.003,-0.035,-0.0268
19680828,0.0235,0.0082,0.028999999999999998,0.0086,0.0013,0.0086,0.0208,0.0025,-0.0129,0.0234,0.0138
19680928,0.0446,0.0621,0.0412,0.0311,0.0251,0.0254,0.0708,0.0041,-0.0017,0.0867,0.0402
19681028,0.0037,0.0425,0.0053,0.021,-0.0534,0.0273,0.0034,-0.0049,0.0005,0.0064,0.0046
19681128,0.0429,-0.0072,0.0538,0.0527,0.0818,0.0497,0.0483,0.077,0.0838,0.0725,0.0543
19681228,-0.0144,-0.049,-0.038,-0.0295,-0.0577,-0.071,-0.0435,-0.0144,-0.0334,-0.0404,-0.0382
19690128,-0.0179,-0.0226,-0.0099,-0.0166,-0.052000000000000005,0.0064,-0.0147,-0.0077,0.019,0.0018,-0.012
19690228,-0.0703,-0.0383,-0.062,-0.0507,-0.0407,-0.0378,-0.0451,-0.0563,-0.0566,-0.08900000000000001,-0.0582
19690328,0.0026,0.0469,0.0214,0.0648,0.0498,-0.0089,0.0443,0.0286,-0.0175,0.003,0.0259
19690428,0.0055,0.0053,0.0084,-0.0085,0.0342,0.0721,0.0346,0.0445,0.008,0.0094,0.0152
19690528,0.0075,-0.0029,-0.0137,0.0321,-0.0216,0.0059,0.0003,0.012,-0.0046,-0.0177,0.0002
19690628,-0.0776,-0.0642,-0.0746,-0.1025,-0.0067,-0.045,-0.0678,-0.0557,-0.0624,-0.1064,-0.0725
19690728,-0.0736,-0.075,-0.0596,-0.1018,-0.0593,-0.0503,-0.0801,-0.0326,-0.035,-0.1016,-0.0705
19690828,0.0451,0.0214,0.0368,0.0608,0.065,0.0116,0.0785,0.0879,-0.018000000000000002,0.0842,0.0465
19690928,-0.0028,-0.0063,-0.0268,-0.1024,-0.0042,-0.0462,-0.0152,0.0146,-0.0476,-0.0116,-0.0288
19691028,0.0774,0.0323,0.0612,-0.0162,0.0518,0.0289,0.0652,0.0838,0.0768,0.0707,0.0496
19691128,-0.0288,-0.0492,-0.0394,-0.0505,-0.0231,0.0066,-0.0457,-0.0019,-0.0579,-0.0623,-0.0374
19691228,-0.0259,-0.040999999999999995,-0.0204,-0.0367,-0.0138,-0.0616,-0.0363,0.0366,-0.0128,-0.0439,-0.0261
19700128,-0.0487,-0.0878,-0.0793,-0.1203,-0.0966,-0.0314,-0.0653,-0.077,-0.0482,-0.094,-0.0793
19700228,0.0403,0.049,0.0451,0.0479,0.0234,0.0733,0.0522,0.0495,0.0774,0.0874,0.0505
19700328,-0.0141,0.0449,-0.0085,-0.0101,-0.0314,0.0174,-0.0188,-0.0564,0.0234,-0.0257,-0.0104
19700428,-0.1062,-0.092,-0.0945,-0.0966,-0.1482,-0.0927,-0.1126,-0.1062,-0.0854,-0.1438,-0.1103
19700528,-0.0796,-0.0703,-0.0805,0.0212,-0.1007,-0.0426,-0.0984,-0.0831,-0.0588,-0.0874,-0.0696
19700628,-0.02,-0.0464,-0.0542,-0.0311,-0.1234,-0.0907,-0.0442,-0.0108,-0.0528,-0.0748,-0.0569
19700728,0.0608,0.1017,0.0459,0.1217,0.0183,0.0974,0.1046,0.0163,0.0818,0.0715,0.069
19700828,0.0092,0.0769,0.0405,0.0602,0.0747,0.0198,0.0435,0.0127,0.0414,0.0484,0.0447
19700928,0.0492,0.0207,0.035,0.0265,0.0961,-0.015,0.0709,0.075,-0.0106,0.0711,0.0421
19701028,0.0023,-0.0236,-0.0362,0.0241,-0.0395,-0.0421,-0.0187,-0.0022,-0.0128,-0.066,-0.0228
19701128,0.0437,0.0655,0.0342,0.0444,0.036000000000000004,0.0566,0.0584,0.0246,0.0892,0.0368,0.0458
19701228,0.0695,0.0575,0.0756,0.0187,0.0399,0.0644,0.0502,0.0496,0.0676,0.08,0.0565
19710128,0.0444,0.034,0.0553,-0.0002,0.0501,0.094,0.0731,0.0448,0.0256,0.0771,0.0482
19710228,0.0344,0.0195,0.0088,0.0443,0.0246,-0.0564,0.0332,0.0106,-0.0291,0.0195,0.0136
19710328,0.0419,0.0305,0.0378,0.0246,0.0776,0.0039,0.0573,0.0336,0.0211,0.0601,0.0418
19710428,0.0184,0.0836,0.0397,0.0401,0.0203,0.0053,0.0439,0.0394,-0.0381,0.0427,0.0305
19710528,-0.033,-0.0472,-0.0252,-0.0497,-0.0642,-0.0549,-0.0251,-0.0239,-0.04,-0.0465,-0.0393
19710628,-0.0054,-0.0108,-0.0001,0.0064,-0.0254,0.0068,-0.0026,0.0162,0.0392,-0.0138,-0.0006
19710728,-0.0254,-0.0589,-0.0529,-0.026000000000000002,-0.0899,-0.0401,-0.0356,-0.0265,-0.0253,-0.0445,-0.0443
19710828,0.0262,0.1026,0.0588,-0.0164,0.0523,-0.0079,0.0568,0.027999999999999997,-0.0279,0.0651,0.0378
19710928,-0.0041,-0.0049,-0.0068,-0.0203,-0.0192,-0.0014,0.0031,0.0028,-0.0187,-0.0086,-0.0087
19711028,-0.047,-0.0559,-0.0644,-0.0464,-0.0473,-0.0211,-0.0415,-0.0287,0.0169,-0.0427,-0.0444
19711128,-0.0072,-0.0005,-0.0135,-0.0028,0.0141,0.0001,-0.0031,0.0021,-0.0158,-0.0053,-0.005
19711228,0.1012,0.0581,0.0951,0.0843,0.1087,0.0698,0.0943,0.0754,0.0772,0.0802,0.0876
19720128,0.0222,0.0282,0.0298,-0.0003,0.0812,0.0063,-0.0038,0.0231,-0.0058,0.0325,0.0255
19720228,0.0435,0.0058,0.0471,0.0238,0.0163,-0.0012,0.0547,0.0688,-0.0275,0.0173,0.0288
19720328,-0.0017,0.0401,0.0219,-0.0575,0.0082,-0.0059,0.0174,0.0017,-0.0043,0.0216,0.006
19720428,0.0163,-0.0089,0.0171,-0.0094,0.0045,-0.0134,-0.0082,0.0079,-0.031,0.0147,0.0026
19720528,0.001,-0.0133,0.016,0.0333,0.0341,0.0087,0.0086,0.0321,-0.0048,-0.008,0.0134
19720628,-0.0141,-0.0309,-0.0255,-0.0122,-0.0283,-0.0302,-0.044000000000000004,0.0222,-0.0183,-0.0474,-0.0238
19720728,-0.0187,-0.0241,0.0017,-0.0143,0.0066,0.0044,-0.0284,0.0282,-0.0027,-0.0315,-0.0074
19720828,-0.0045,0.0357,0.0201,0.1208,0.0255,0.0487,-0.0041,0.0076,0.0566,0.0319,0.0331
19720928,-0.0299,-0.0122,-0.0157,-0.0058,-0.015,0.0399,-0.0097,-0.0078,-0.0015,-0.02,-0.0111
19721028,-0.0034,-0.0286,0.0076,0.0265,-0.0371,0.0191,0.0066,0.011000000000000001,0.0635,0.0058,0.0047
19721128,0.0644,0.0754,0.0384,0.0587,0.0214,0.0673,0.0577,-0.0093,0.0603,0.0471,0.0461
19721228,0.0014,0.013000000000000001,0.0056,0.0067,0.0162,0.011000000000000001,0.0132,0.0337,-0.0191,-0.0108,0.0075
19730128,-0.0522,-0.0703,-0.0414,0.0457,0.0151,-0.0254,-0.0482,-0.0163,-0.047,-0.0785,-0.0321
19730228,-0.0478,-0.0617,-0.0268,-0.0774,-0.0342,-0.0501,-0.0666,-0.0112,-0.0238,-0.0657,-0.0486
19730328,-0.0148,-0.0336,-0.0068,0.0261,-0.0166,0.001,-0.0589,0.0032,-0.0261,-0.0078,-0.0125
19730428,-0.0667,-0.0559,-0.0495,-0.0149,-0.0719,0.0039,-0.0867,-0.0601,-0.0111,-0.0828,-0.0569
19730528,-0.0256,-0.0476,-0.0165,-0.0403,-0.0308,-0.0132,-0.0246,0.0056,-0.0016,-0.0568,-0.0296
19730628,-0.0394,-0.0301,-0.0089,0.0111,-0.0059,-0.0082,-0.06,-0.005,-0.0297,-0.0073,-0.0138
19730728,0.0679,0.0667,0.06,-0.0027,0.0433,-0.0106,0.1058,0.0622,-0.0303,0.0878,0.0507
19730828,-0.0401,-0.0472,-0.0212,-0.0447,-0.0439,-0.0463,-0.049,-0.076,-0.027999999999999997,-0.0296,-0.0367
19730928,0.0519,0.0691,0.0386,0.0859,-0.0354,0.0735,0.0675,0.001,0.0721,0.0654,0.0472
19731028,-0.0288,-0.0505,-0.0019,0.0446,0.032,-0.0616,-0.036000000000000004,0.0118,-0.0404,-0.0181,-0.0068
19731128,-0.1479,-0.1664,-0.1483,-0.0687,-0.1197,-0.0482,-0.1926,-0.0832,-0.1215,-0.1386,-0.1265
19731228,-0.022000000000000002,-0.0459,0.0066,0.0804,-0.0496,0.0393,-0.0057,-0.0511,0.0276,0.017,0.005
19740128,0.0186,0.0572,-0.0019,-0.0812,0.0061,0.0137,0.0584,-0.0317,0.0394,0.0059,-0.0019
19740228,-0.0059,-0.0153,-0.0057,-0.0215,-0.0117,0.0417,0.0075,-0.018000000000000002,-0.0028,0.0035,-0.0035
19740328,-0.0246,-0.0062,-0.0134,-0.0376,-0.0332,-0.0513,-0.0342,0.0065,-0.042,-0.0437,-0.028999999999999998
19740428,-0.044000000000000004,-0.049,-0.0278,-0.0697,-0.0444,-0.0606,-0.0297,-0.0224,-0.1295,-0.071,-0.0535
19740528,-0.0367,-0.0021,-0.0329,-0.0813,-0.0498,-0.0227,0.0016,-0.0088,-0.0567,-0.0926,-0.0495
19740628,-0.0118,-0.0309,-0.0104,-0.01,-0.035,-0.0029,-0.0351,-0.0221,-0.068,-0.0604,-0.0289
19740728,-0.1091,-0.1258,-0.0785,-0.0122,-0.0893,-0.0833,-0.1336,-0.1484,0.0006,-0.0726,-0.0779
19740828,-0.1073,-0.0733,-0.1076,-0.0914,-0.0547,-0.0061,-0.1346,-0.0864,-0.0921,-0.1117,-0.0937
19740928,-0.1297,-0.1371,-0.1364,-0.0877,-0.1759,-0.046,-0.1317,-0.1636,-0.0211,-0.1021,-0.1178
19741028,0.1518,0.0381,0.1551,0.2021,0.1418,0.1034,0.10400000000000001,0.2907,0.1246,0.1948,0.1605
19741128,-0.0437,-0.0518,-0.0641,-0.0484,-0.055,-0.0363,-0.059000000000000004,-0.0176,-0.0068,-0.0332,-0.0464
19741228,-0.0124,-0.0466,-0.0516,0.0008,-0.0589,0.0089,-0.0449,-0.0402,-0.0153,-0.0482,-0.034
19750128,0.1811,0.21100000000000002,0.1392,0.0634,0.1476,0.1049,0.2608,-0.0129,0.1836,0.1688,0.1356
19750228,0.0361,0.0437,0.0754,0.0185,0.1267,0.0472,0.045,0.1559,0.0045,0.0235,0.0543
19750328,0.0662,0.0636,0.0469,-0.0277,0.005,-0.013000000000000001,0.0985,0.009000000000000001,-0.0172,0.0368,0.0261
19750428,0.0247,0.0388,0.0909,0.067,0.0505,-0.0142,0.0237,0.0021,-0.0202,0.0273,0.042
19750528,0.0487,0.0207,0.0233,0.1189,0.0552,0.0307,0.0392,0.0608,0.0803,0.0515,0.0508
19750628,0.0474,0.0985,0.0313,0.0576,0.0188,0.0362,0.0675,0.0055,0.1036,0.0574,0.0475
19750728,-0.0586,-0.025,-0.0639,-0.0473,-0.0991,-0.0469,-0.0795,-0.1251,-0.0526,-0.0661,-0.0652
19750828,-0.0349,-0.0406,-0.0126,-0.013999999999999999,-0.0345,-0.0404,-0.0036,-0.038,-0.0172,-0.0585,-0.0284
19750928,-0.0313,-0.0279,-0.0631,-0.0167,-0.0137,-0.0179,-0.0435,-0.0704,-0.0152,-0.0679,-0.0433
19751028,0.1003,0.0833,0.0508,-0.0187,0.0783,0.0626,0.0923,0.1011,0.0602,0.0329,0.0504
19751128,0.0367,0.0308,0.0264,-0.0205,0.0463,0.0386,0.0378,0.0473,0.0275,0.0324,0.0271
19751228,-0.0195,-0.0102,-0.0179,-0.0038,-0.0172,-0.0059,-0.0349,-0.0682,0.0086,-0.0068,-0.0158
19760128,0.1038,0.1517,0.16399999999999998,0.0801,0.17800000000000002,0.09,0.0914,0.0727,0.0782,0.1231,0.1213
19760228,-0.0139,0.0348,0.0143,-0.0344,0.0082,0.0324,0.040999999999999995,-0.0685,-0.0387,0.0284,0.0038
19760328,0.0026,0.0318,0.0073,0.0682,0.0249,0.0018,0.033,0.0612,0.0104,0.0151,0.0228
19760428,-0.0206,0.0123,-0.0182,0.0184,-0.0383,0.0131,-0.0471,-0.0474,0.0022,-0.0206,-0.0147
19760528,-0.0248,-0.0352,-0.0155,0.0505,0.0013,-0.0332,-0.0596,-0.0317,-0.0187,-0.0205,-0.0131
19760628,0.032,0.0375,0.0327,0.0463,0.0776,0.0313,0.0081,0.0325,0.0381,0.0515,0.0401
19760728,0.0108,-0.0157,-0.0232,-0.0108,-0.027000000000000003,0.0078,-0.0288,-0.0085,0.0236,-0.0039,-0.0108
19760828,-0.0073,-0.018000000000000002,-0.0212,-0.0129,-0.0129,0.0432,0.025,0.0175,0.0254,-0.0162,-0.0056
19760928,0.0107,0.0404,0.006,0.0548,0.0242,0.0116,0.001,0.0319,0.0364,0.0041,0.0201
19761028,-0.0201,-0.016,-0.0371,-0.0283,-0.049,0.0088,-0.006999999999999999,-0.0415,-0.0121,-0.0101,-0.0245
19761128,0.0134,-0.0111,-0.0082,0.0042,0.0125,0.0274,0.0405,-0.1011,0.0273,0.0183,0.0016
19761228,0.0481,0.092,0.055,0.0595,0.0345,0.0303,0.0227,0.0586,0.0609,0.0781,0.0576
19770128,-0.0435,-0.0465,-0.0631,-0.0006,-0.0421,-0.0025,-0.0757,-0.0918,0.0048,-0.0438,-0.0399
19770228,-0.0175,-0.0386,-0.01,-0.0332,-0.0099,0.0065,-0.0203,-0.0055,-0.0374,-0.0208,-0.0193
19770328,-0.0175,-0.0377,-0.0074,-0.0245,-0.0041,-0.0142,-0.0307,-0.0218,-0.0018,-0.0038,-0.013000000000000001
19770428,0.001,0.0267,0.0019,0.022000000000000002,-0.0383,0.0029,-0.0382,-0.0557,0.0157,0.0193,0.0012
19770528,-0.0128,-0.0088,-0.0333,-0.0077,-0.0188,0.0107,-0.0345,-0.0226,0.013000000000000001,-0.0105,-0.0145
19770628,0.0414,0.0378,0.0295,0.0568,0.0735,0.0151,0.057,0.0862,0.0529,0.0484,0.0474
19770728,0.0084,-0.0277,-0.0405,-0.0225,-0.006,-0.0128,-0.0116,-0.0265,0.0045,-0.0064,-0.017
19770828,-0.0034,-0.0121,-0.0168,-0.062,0.0004,-0.027000000000000003,0.0403,0.0339,-0.0367,-0.0176,-0.0178
19770928,-0.0023,0.0119,-0.0141,0.003,-0.022000000000000002,0.0306,-0.0135,-0.0132,0.0158,-0.0041,-0.0027
19771028,-0.0385,-0.0491,-0.0507,-0.0403,-0.0371,-0.0555,-0.0354,-0.0224,-0.0362,-0.0493,-0.0442
19771128,0.0405,0.0133,0.0382,0.0301,0.0474,0.0167,0.0518,0.0558,0.0377,0.0588,0.0404
19771228,-0.0049,-0.0118,0.0023,0.0136,0.0189,0.0166,-0.0182,0.0012,-0.0081,0.0016,0.0033
19780128,-0.0574,-0.0732,-0.0648,-0.0743,-0.0524,-0.0465,-0.0766,-0.0236,-0.0501,-0.057,-0.0601
19780228,-0.0032,-0.0005,-0.0316,-0.0153,-0.0392,0.0367,-0.0108,-0.0345,-0.0088,-0.0052,-0.0139
19780328,0.0363,0.054000000000000006,0.0338,0.016,-0.0117,0.0207,0.0216,0.0365,0.0193,0.0493,0.0287
19780428,0.0633,0.0887,0.1091,0.0623,0.127,0.0236,0.1065,0.0868,-0.0038,0.0866,0.0775
19780528,0.0378,-0.0063,0.0356,0.0043,0.0112,-0.0091,0.0023,0.0467,0.0019,0.0227,0.0181
19780628,-0.0082,-0.0337,-0.0202,-0.0426,-0.009000000000000001,-0.0207,-0.0236,0.0058,0.0031,-0.0091,-0.0162
19780728,0.03,0.0398,0.0731,0.0283,0.0802,0.0086,0.05,0.083,0.0226,0.0587,0.0511
19780828,0.036000000000000004,0.0221,0.0334,0.0461,0.0545,0.03,0.0512,0.0046,-0.0011,0.0579,0.0369
19780928,-0.0104,-0.0094,-0.0271,0.0404,-0.0478,0.0062,-0.0342,-0.0336,-0.0085,-0.0179,-0.0131
19781028,-0.122,-0.1173,-0.1199,-0.1131,-0.1148,-0.0513,-0.1439,-0.1354,-0.0777,-0.1487,-0.1178
19781128,0.0152,-0.0003,0.0218,0.0542,0.0438,0.0228,0.0143,0.0448,0.0231,0.0192,0.0268
19781228,0.0089,-0.0124,0.0065,0.0195,0.0563,-0.0069,-0.0159,0.0261,-0.0203,0.0058,0.0099
19790128,0.0338,0.0393,0.0572,0.025,0.035,0.0288,0.0549,0.0066,0.0562,0.0509,0.0418
19790228,-0.0422,-0.0405,-0.052000000000000005,-0.0026,-0.0402,-0.0135,-0.0489,-0.0523,-0.0235,-0.04,-0.0341
19790328,0.0328,0.0547,0.0654,0.0846,0.0675,-0.0067,0.0502,0.0423,0.0152,0.0744,0.0575
19790428,-0.0061,0.0212,-0.0127,0.0353,-0.005,-0.0297,-0.0009,-0.0036,-0.0353,0.0076,0.0005
19790528,-0.0261,-0.0148,-0.0312,-0.0328,-0.0275,-0.0071,-0.0349,-0.0344,0.0064,-0.0103,-0.0218
19790628,0.0242,0.0221,0.0272,0.0837,-0.0037,0.0107,0.0194,0.04,0.0415,0.0623,0.0388
19790728,0.013000000000000001,0.0089,0.0121,0.0095,-0.0228,-0.0088,0.0023,-0.0063,0.0131,0.0263,0.0073
19790828,0.0679,0.039,0.0692,0.0712,0.0515,0.0076,0.0809,0.0781,0.0126,0.0498,0.057
19790928,-0.0271,-0.0042,-0.0154,0.0508,-0.0261,-0.0323,-0.0162,-0.0138,-0.0301,-0.0156,-0.0069
19791028,-0.085,-0.1024,-0.0971,-0.0345,-0.0861,-0.0591,-0.0999,-0.0521,-0.0666,-0.1095,-0.0813
19791128,0.0417,-0.0377,0.0371,0.0798,0.0715,0.0301,0.027999999999999997,0.0776,0.0672,0.0612,0.0537
19791228,0.0241,0.0254,0.0351,0.0144,0.0079,-0.0251,0.0213,0.0113,-0.0197,0.0316,0.0187
19800128,0.0233,0.0799,0.0626,0.1323,0.0652,-0.0287,0.005,-0.0207,0.006999999999999999,0.0458,0.0576
19800228,-0.0576,-0.0716,-0.0338,0.1196,-0.0445,-0.0236,-0.0552,-0.0549,-0.0432,-0.0435,-0.0079
19800328,-0.0941,-0.0972,-0.1292,-0.1902,-0.1384,-0.0377,-0.0981,-0.0407,-0.0769,-0.134,-0.1323
19800428,0.0517,-0.0271,0.0193,0.0544,-0.0053,0.0608,0.0203,0.03,0.1085,0.0485,0.0397
19800528,0.0714,0.0338,0.0542,0.0329,0.0396,0.0417,0.0994,0.0616,0.0376,0.0721,0.052000000000000005
19800628,0.0234,0.0238,0.0169,0.051,0.0246,-0.0121,0.0155,-0.0039,0.039,0.0462,0.0316
19800728,0.0719,0.1094,0.10300000000000001,0.0159,0.1495,0.0047,0.0983,0.0835,-0.0063,0.0641,0.0641
19800828,0.0076,0.0095,0.0095,0.0299,0.0298,0.0566,0.0102,-0.0032,-0.0181,0.0217,0.0171
19800928,-0.0051,-0.0002,0.0203,0.0578,0.012,-0.0237,-0.0017,0.0286,-0.0061,0.0328,0.022000000000000002
19801028,-0.0062,-0.0233,-0.0051,0.0665,0.0101,-0.0422,-0.0223,-0.0217,0.0095,0.0066,0.0105
19801128,0.0,0.0345,0.0741,0.2331,0.0881,-0.0089,0.0149,0.0787,0.0632,0.0676,0.0953
19801228,-0.0032,-0.0237,-0.0337,-0.1186,-0.0247,-0.0056,-0.0261,0.0325,-0.0316,-0.0127,-0.0475
19810128,0.0099,-0.0263,-0.0291,-0.1124,-0.0907,0.0454,-0.0005,-0.0264,-0.0352,-0.0443,-0.0505
19810228,0.0141,0.0515,0.0329,-0.0148,-0.0057,0.0107,0.0194,0.0077,-0.0233,0.0063,0.0048
19810328,0.057,0.057999999999999996,0.0473,-0.0345,0.0369,-0.0011,0.1113,0.0459,0.0181,0.0722,0.0341
19810428,0.0007,0.0062,-0.02,-0.0841,-0.0099,0.0515,0.0164,0.0194,-0.0367,-0.0016,-0.022000000000000002
19810528,0.0149,0.0172,-0.0152,-0.05,0.0301,0.0597,0.0147,0.0227,0.006999999999999999,0.0167,0.002
19810628,-0.0161,-0.0539,-0.0262,0.033,-0.0796,-0.0328,-0.0303,-0.0692,0.0217,-0.0259,-0.0237
19810728,-0.0182,-0.0431,-0.040999999999999995,0.0663,-0.0504,-0.0087,-0.0491,-0.0514,0.0156,-0.0385,-0.0155
19810828,-0.0634,-0.0879,-0.0816,-0.0762,-0.0859,-0.0208,-0.068,-0.09,-0.0211,-0.0677,-0.0691
19810928,-0.0339,-0.0441,-0.0838,-0.1338,-0.051,0.0163,-0.0527,-0.0253,-0.0675,-0.0647,-0.0761
19811028,0.0629,-0.0494,0.0245,0.0841,0.0393,0.0478,0.052000000000000005,0.0674,0.0368,0.0603,0.0481
19811128,0.0157,0.0361,0.0345,0.0584,0.0046,0.0161,0.0029,0.0285,0.0487,0.0393,0.0351
19811228,-0.0268,-0.0062,-0.0252,-0.0723,-0.0087,-0.0231,-0.0287,-0.0159,-0.0322,-0.0466,-0.0368
19820128,-0.0169,0.0017,-0.0411,-0.0914,0.02,-0.0011,-0.0104,0.0062,-0.0139,-0.0391,-0.0342
19820228,-0.027999999999999997,-0.0275,-0.0652,-0.1192,-0.0618,-0.0662,-0.0234,-0.027000000000000003,-0.0115,-0.0481,-0.0603
19820328,0.0145,0.0314,-0.0274,-0.0457,-0.0451,0.0111,0.0304,-0.0347,0.0073,-0.0221,-0.0199
19820428,0.0553,0.0352,0.0211,0.0309,0.0627,-0.013999999999999999,0.0402,0.0625,0.0272,0.0264,0.032
19820528,-0.043,-0.0264,-0.0575,0.0117,-0.0645,-0.0199,-0.0412,-0.0409,-0.0156,-0.0646,-0.0388
19820628,0.0077,0.0182,-0.0353,-0.0714,-0.033,-0.0347,0.0183,-0.0172,-0.0312,-0.0332,-0.0335
19820728,-0.015,-0.0125,-0.0334,-0.0894,0.0046,0.0016,-0.008,-0.0026,-0.0363,-0.0414,-0.031
19820828,0.0837,0.1252,0.132,0.0906,0.1207,0.1008,0.1216,0.1161,0.1126,0.1035,0.1114
19820928,0.0468,-0.0104,-0.016,0.0127,0.0063,0.0044,0.039,0.0085,0.0055,0.0372,0.0117
19821028,0.0979,0.1589,0.1245,0.0506,0.1642,0.0748,0.1609,0.076,0.0414,0.1524,0.1127
19821128,0.045,0.0751,0.0515,-0.0486,0.1006,0.0529,0.1035,0.0456,-0.0046,0.0696,0.0456
19821228,0.0026,0.0243,0.0003,0.0472,0.0202,-0.019,-0.0208,-0.0009,0.0365,-0.0229,0.0078
19830128,-0.0168,0.0421,0.0431,0.0298,0.0766,0.1185,0.0055,0.0076,0.0297,0.0217,0.0346
19830228,0.0314,0.0272,0.0347,-0.0096,0.0291,-0.0105,0.0729,0.0223,0.0097,0.0391,0.0243
19830328,0.068,-0.0139,0.0146,0.0511,0.0006,-0.0005,0.0754,0.0388,-0.0035,0.0448,0.0284
19830428,0.055,0.102,0.0565,0.0865,0.0689,0.0445,0.0794,0.0433,0.0402,0.0752,0.0672
19830528,-0.0166,-0.0272,0.0129,0.0053,0.0201,-0.0209,-0.0028,-0.0342,0.0181,0.0172,0.0062
19830628,0.0228,0.0919,0.0089,0.0596,0.0544,-0.0058,0.0487,0.0625,-0.0127,0.0116,0.0313
19830728,-0.0358,-0.0431,-0.0331,-0.0324,-0.0606,-0.0591,-0.0411,-0.0636,0.003,-0.0431,-0.0391
19830828,0.0014,-0.034,-0.0017,0.0597,-0.0185,0.0146,-0.0577,-0.0184,0.0075,-0.0161,-0.004
19830928,0.0401,0.038,0.0154,-0.0531,0.0136,0.0151,0.0167,0.0055,0.0392,0.0071,0.0087
19831028,-0.0096,-0.0023,-0.0308,-0.03,-0.0769,-0.0594,-0.0231,-0.0294,0.0232,-0.0487,-0.0353
19831128,0.0161,0.033,0.0576,-0.0091,0.0157,0.0246,0.037000000000000005,-0.0376,-0.0233,0.0403,0.0223
19831228,-0.0101,0.0035,-0.0182,0.012,-0.0036,-0.0228,-0.0528,-0.0432,-0.0445,-0.0168,-0.0177
19840128,-0.0137,-0.0594,-0.0425,0.0895,-0.0697,0.0341,-0.0657,-0.0131,0.0068,-0.024,-0.0205
19840228,-0.0623,-0.0685,-0.0733,0.0287,-0.066,-0.0433,-0.054000000000000006,-0.0272,-0.0405,-0.0558,-0.0463
19840328,0.0098,-0.004,0.0257,-0.0045,0.0106,-0.0498,0.0058,-0.0144,-0.0106,0.0163,0.0062
19840428,-0.0018,0.0032,-0.0094,0.0322,-0.0125,0.0136,-0.0069,0.0152,-0.0134,-0.0284,-0.0054
19840528,-0.0335,-0.0613,-0.0657,-0.0591,-0.0635,-0.0429,-0.0631,-0.0724,-0.015,-0.0752,-0.0602
19840628,0.0559,0.013999999999999999,0.0244,-0.027000000000000003,0.0097,0.1137,0.0632,0.0308,-0.0028,0.0154,0.0161
19840728,-0.0231,0.0132,-0.023,-0.0809,-0.0321,0.0197,-0.006999999999999999,-0.0461,-0.0083,-0.0267,-0.0286
19840828,0.0788,0.0901,0.1108,0.1315,0.1313,0.059000000000000004,0.0907,0.096,0.0693,0.1024,0.1043
19840928,0.0043,-0.0109,-0.0341,0.013000000000000001,-0.0479,0.0204,-0.0086,-0.0527,0.0397,0.0138,-0.0082
19841028,0.0026,0.0112,-0.0045,-0.0536,-0.0146,-0.0182,-0.0162,0.0065,0.0236,-0.0027,-0.0099
19841128,-0.0032,-0.0382,-0.0204,-0.0172,-0.0451,-0.0097,-0.0335,-0.008,0.0233,-0.0115,-0.0179
19841228,0.0211,0.0392,0.0152,-0.0107,0.0189,0.0448,0.0055,0.0208,0.02,0.0282,0.0174
19850128,0.0441,0.0942,0.0781,0.0588,0.1184,0.0516,0.1222,0.0766,0.0172,0.091,0.0792
19850228,0.0462,-0.0201,0.0076,0.0307,-0.0186,0.021,0.015,0.03,0.0078,0.0149,0.0112
19850328,0.0385,-0.0608,-0.0342,0.0087,-0.0664,0.048,-0.015,0.0247,0.0546,-0.0064,-0.0081
19850428,-0.0279,-0.0435,-0.0216,0.0313,-0.0432,0.0016,-0.0091,-0.0252,0.0089,0.0078,-0.0094
19850528,0.0739,0.0457,0.054000000000000006,0.0044,0.0219,0.0599,0.0876,0.0884,0.0468,0.0569,0.0493
19850628,0.0215,0.0091,0.0095,-0.0115,-0.0126,0.0353,0.0107,0.0172,0.0315,0.0238,0.0117
19850728,-0.0314,0.0169,0.0284,-0.0111,0.0378,-0.0514,-0.0424,-0.0107,-0.0526,-0.0092,-0.0067
19850828,0.0024,-0.0311,-0.0168,0.0068,-0.0308,-0.0002,-0.015,-0.0136,0.0136,-0.0085,-0.0103
19850928,-0.0152,-0.0395,-0.0458,-0.021,-0.0528,-0.0481,-0.0517,-0.0449,-0.0594,-0.0518,-0.0457
19851028,0.03,0.0024,0.0264,0.0539,0.0235,0.0343,0.061,0.0256,0.0566,0.0564,0.0381
19851128,0.0783,0.0929,0.0738,-0.0026,0.0803,0.0679,0.0762,0.0867,0.0362,0.0624,0.0632
19851228,0.0475,0.0646,0.0382,-0.0282,0.0768,0.0541,0.0396,0.0287,0.0416,0.0335,0.0366
19860128,0.0159,0.0158,0.0101,-0.0724,-0.0085,-0.0438,0.0125,0.0054,0.0323,0.0246,0.0043
19860228,0.1007,0.1035,0.0975,0.0015,0.0438,0.0685,0.0721,0.0555,0.0606,0.0763,0.0675
19860328,0.0753,0.0718,0.0542,0.0012,-0.0066,0.0325,0.0802,0.1146,0.0334,0.0493,0.0479
19860428,-0.0029,-0.0388,-0.022000000000000002,0.0029,0.0331,0.0197,-0.0078,0.0019,-0.0445,-0.0287,-0.0132
19860528,0.0822,0.0271,0.0395,0.0657,0.0047,0.0434,0.0907,0.0679,0.031,0.0437,0.0459
19860628,0.0565,-0.0175,-0.0058,-0.0221,-0.0434,0.049,0.0265,0.0509,0.0453,0.0095,0.0091
19860728,-0.0618,-0.0964,-0.0809,-0.0593,-0.0885,-0.0351,-0.1001,-0.0591,0.0463,-0.0682,-0.0649
19860828,0.0252,0.0702,0.0602,0.1598,0.0651,0.0638,0.0172,0.0353,0.0744,0.0653,0.0618
19860928,-0.1136,-0.0861,-0.07,-0.0081,-0.07400000000000001,-0.0988,-0.08800000000000001,-0.1306,-0.0954,-0.0912,-0.0836
19861028,0.0838,0.0604,0.0603,0.0157,0.0011,0.0417,0.0708,0.0751,0.0474,0.035,0.0448
19861128,0.0024,0.0441,0.0207,0.0254,0.0318,0.036000000000000004,0.012,0.0094,0.0016,-0.0093,0.0113
19861228,-0.0387,-0.0288,-0.0229,-0.0059,-0.0416,-0.0419,-0.0666,-0.0173,-0.0378,-0.0289,-0.0314
19870128,0.1485,0.182,0.1433,0.1385,0.1593,0.0487,0.1066,0.1273,0.0887,0.1037,0.1242
19870228,0.0474,0.0305,0.0454,-0.0246,0.0897,-0.0047,0.0912,0.107,-0.0257,0.0428,0.0433
19870328,-0.0009,0.0419,0.0294,0.1138,0.0219,0.009000000000000001,0.0144,-0.0034,-0.0213,-0.003,0.0185
19870428,-0.0425,0.0354,-0.0193,-0.0055,0.0396,-0.0291,-0.0351,-0.0289,-0.0478,-0.0429,-0.0215
19870528,0.0183,-0.0186,-0.0017,0.0265,-0.0011,0.0292,-0.0075,0.0086,-0.0224,0.0004,0.0014
19870628,0.0606,0.0244,0.0453,0.0507,-0.0047,0.0645,0.0579,0.0431,0.0294,0.0425,0.039
19870728,0.0549,0.0656,0.0653,0.0348,0.0055,0.0664,0.0526,0.0532,-0.0213,0.0272,0.0395
19870828,0.0405,0.0519,0.0242,0.0142,0.0692,0.0484,0.0272,0.0172,0.0322,0.0331,0.0325
19870928,-0.0291,-0.045,-0.0013,-0.0436,-0.0315,0.0299,-0.065,-0.0301,-0.0275,-0.0238,-0.0252
19871028,-0.2199,-0.2748,-0.2794,-0.1943,-0.2641,-0.1399,-0.2903,-0.2091,-0.075,-0.231,-0.2309
19871128,-0.0915,-0.08900000000000001,-0.0551,-0.1109,-0.1019,-0.0896,-0.0877,-0.0965,-0.0284,-0.0672,-0.0764
19871228,0.0703,0.0819,0.105,0.06,0.1145,0.0386,0.078,0.0498,0.0016,0.0497,0.0665
19880128,0.024,0.0425,-0.0001,0.0823,-0.0275,0.0859,0.0545,0.0611,0.0947,0.0659,0.0424
19880228,0.0619,0.0586,0.0728,0.0332,0.0697,0.011000000000000001,0.0996,0.0374,-0.019,0.0327,0.047
19880328,-0.0161,-0.0457,-0.0176,0.0241,-0.0514,-0.0393,-0.0149,-0.0299,-0.0361,-0.0217,-0.0215
19880428,-0.0066,0.024,0.011000000000000001,0.0382,0.0216,-0.0009,0.0108,-0.0244,-0.0078,-0.0048,0.0064
19880528,-0.0149,0.008,-0.0093,-0.0068,-0.0183,0.0138,-0.0194,-0.0077,0.0308,0.0085,-0.0042
19880628,0.0244,0.0769,0.0714,-0.0231,0.0895,0.0223,0.0619,0.0215,0.027000000000000003,0.0532,0.0465
19880728,0.0058,-0.0184,-0.0275,0.0286,-0.0545,-0.0046,-0.018000000000000002,-0.0033,-0.0074,-0.0064,-0.0123
19880828,-0.0082,-0.067,-0.0487,-0.0209,-0.0876,-0.0409,-0.0356,-0.0152,-0.0071,-0.0164,-0.0338
19880928,0.0602,0.0403,0.0261,-0.0315,0.0236,0.0687,0.068,0.0329,0.0207,0.035,0.0311
19881028,0.0764,0.015,0.0023,0.0117,-0.0071,0.0297,0.0085,0.0074,0.0196,-0.0039,0.0116
19881128,-0.0184,-0.0007,-0.0331,-0.0057,-0.0374,0.0024,-0.0305,-0.0324,-0.0115,-0.0266,-0.0221
19881228,0.0255,0.0041,0.0275,0.0091,0.0433,0.0046,0.0077,0.0112,0.0041,0.0044,0.0145
19890128,0.0521,0.0659,0.066,0.0594,0.0675,0.0878,0.0618,0.0664,0.0156,0.0628,0.0604
19890228,-0.0198,-0.0451,-0.0234,-0.0193,-0.0452,-0.0181,-0.0208,-0.0184,-0.0254,-0.0128,-0.0225
19890328,0.0504,-0.0314,0.0082,0.0237,-0.0607,0.0471,0.024,0.0426,0.0011,0.0302,0.0148
19890428,0.0476,0.0271,0.0431,0.0139,0.0442,0.0979,0.0537,0.0477,0.0323,0.0431,0.0418
19890528,0.0476,0.0449,0.021,0.0169,0.0171,0.0438,0.0409,0.0256,0.0442,0.0375,0.0317
19890628,0.0065,-0.0207,-0.032,-0.0129,-0.0416,0.0013,-0.0236,-0.0327,0.0257,-0.0021,-0.0121
19890728,0.1055,0.0731,0.0619,0.0336,0.024,0.0757,0.0843,0.1331,0.0508,0.0755,0.0707
19890828,-0.0234,0.0311,0.0385,0.0352,0.0189,0.0004,0.017,-0.0049,-0.0158,0.0213,0.0149
19890928,-0.0109,-0.0421,-0.0311,0.0001,-0.0355,0.0364,-0.0216,0.0091,-0.002,0.0105,-0.0083
19891028,-0.0305,-0.0471,-0.0491,-0.0047,-0.051,-0.0326,-0.0558,-0.0029,0.0026,-0.0498,-0.0362
19891128,0.006,0.0177,0.016,0.0358,-0.0226,0.0092,0.008,0.036000000000000004,0.0249,-0.0011,0.011000000000000001
19891228,0.0047,0.0083,0.02,0.045,-0.0161,0.046,0.0063,0.0026,0.0427,-0.0052,0.0122
19900128,-0.1027,-0.0402,-0.0731,-0.0445,-0.0227,-0.146,-0.0712,-0.08,-0.0563,-0.09300000000000001,-0.0758
19900228,-0.0099,0.031,0.0184,0.0245,0.0331,-0.0013,0.0122,-0.0285,-0.0002,0.0154,0.0093
19900328,0.0389,0.0302,0.0323,-0.006999999999999999,0.0355,0.028999999999999998,0.0426,0.0323,-0.0143,-0.0027,0.0178
19900428,-0.0076,-0.0272,-0.0347,-0.0423,-0.0293,-0.044000000000000004,-0.024,-0.0091,-0.0599,-0.0435,-0.0351
19900528,0.0809,0.0837,0.0721,0.0576,0.1151,0.0852,0.1114,0.1238,0.0448,0.0822,0.0821
19900628,0.0108,-0.0181,-0.0141,-0.0276,-0.0158,-0.0504,0.0052,0.0379,0.0037,-0.0265,-0.0106
19900728,-0.0189,-0.0138,-0.0057,0.0729,-0.0834,-0.0503,-0.0424,0.0196,0.0005,-0.0395,-0.0162
19900828,-0.0845,-0.1412,-0.1215,-0.0248,-0.1278,-0.1201,-0.1245,-0.0745,-0.0761,-0.1093,-0.0983
19900928,-0.0489,-0.1092,-0.0775,-0.0327,-0.0749,-0.0119,-0.0942,-0.047,-0.0068,-0.075,-0.0599
19901028,0.015,-0.0466,-0.0113,-0.0577,-0.0404,0.0081,-0.0382,0.0052,0.0635,-0.0505,-0.0192
19901128,0.065,0.0377,0.0704,0.0233,0.1112,0.0161,0.1028,0.0879,0.0188,0.0731,0.0603
19901228,0.0377,0.0175,0.0385,-0.0241,0.0376,0.0115,0.0298,0.0224,0.0036,0.0366,0.0235
19910128,0.0473,0.0853,0.0509,-0.0215,0.1445,0.0137,0.0853,0.0437,-0.018000000000000002,0.0471,0.0438
19910228,0.0943,0.0686,0.0558,0.0883,0.0602,0.0325,0.0771,0.0958,0.0439,0.0803,0.0709
19910328,0.0437,0.0127,0.0122,0.0033,-0.0015,0.0117,0.0795,0.0603,0.0114,0.0252,0.0244
19910428,-0.0179,-0.0029,-0.003,0.0183,-0.0384,0.0201,0.0163,-0.0127,-0.0062,0.0055,-0.0019
19910528,0.0319,0.1079,0.0693,-0.0141,0.0332,-0.0085,0.0657,0.0394,-0.0017,0.031,0.0359
19910628,-0.0528,-0.0441,-0.048,-0.0408,-0.0936,-0.0213,-0.0474,-0.0473,-0.028999999999999998,-0.0502,-0.0484
19910728,0.0494,-0.0111,0.0353,0.0455,0.0449,0.036000000000000004,0.0523,0.0754,0.0337,0.0401,0.0419
19910828,0.0497,-0.0036,0.019,0.005,0.0228,-0.0024,0.0285,0.023,0.0333,0.0252,0.0223
19910928,-0.035,-0.0516,-0.0257,-0.0098,-0.0084,0.001,-0.0323,-0.005,0.0305,-0.0129,-0.0157
19911028,-0.0124,-0.013000000000000001,0.0183,0.0203,0.0136,0.0195,-0.0171,0.0591,0.0107,0.0143,0.0135
19911128,-0.01,-0.0699,-0.057999999999999996,-0.0854,-0.0442,-0.0575,-0.0198,-0.0234,0.0143,-0.0567,-0.0412
19911228,0.1405,0.1205,0.1071,0.0278,0.0849,0.0998,0.1256,0.1612,0.0448,0.1154,0.1032
19920128,-0.0321,0.0462,0.0099,-0.0367,0.0604,-0.0233,0.004,-0.0498,-0.0477,0.0048,-0.0051
19920228,0.0081,0.0726,0.0149,-0.0125,0.0364,-0.0041,0.021,-0.0269,-0.0108,0.0186,0.0105
19920328,-0.0205,-0.0186,-0.0139,-0.0324,-0.0548,-0.0098,-0.0156,-0.0579,-0.0065,-0.0247,-0.0271
19920428,0.0046,0.0493,0.0217,0.09,-0.0214,0.0607,-0.035,-0.0202,0.0245,0.0148,0.0106
19920528,0.0087,-0.0159,-0.009000000000000001,0.0305,-0.0003,-0.0256,-0.0012,0.0104,0.0205,0.0075,0.0037
19920628,-0.0316,0.0125,-0.0458,-0.0373,-0.0394,0.0073,-0.0245,-0.0459,-0.0026,-0.0011,-0.0224
19920728,0.0443,0.0021,0.0317,0.0492,0.0254,0.0408,0.0354,0.0563,0.0647,0.0315,0.0368
19920828,0.0046,-0.0635,-0.0409,0.0207,-0.0476,-0.0187,-0.0133,-0.0366,-0.0092,-0.027999999999999997,-0.0234
19920928,0.0105,0.0224,0.0127,-0.0021,0.0225,0.0249,0.0386,-0.048,0.0049,0.023,0.0098
19921028,-0.0131,-0.0002,0.0142,-0.0375,0.018000000000000002,-0.0102,0.0404,0.026000000000000002,-0.0081,0.0245,0.0086
19921128,0.0335,0.0745,0.0302,-0.0212,0.0662,0.0561,0.0707,0.0496,-0.0049,0.0472,0.0379
19921228,-0.0027,0.0293,0.0095,0.0162,-0.0038,0.0625,0.0003,-0.0168,0.0263,0.0342,0.0148
19930128,-0.0121,0.045,-0.0067,0.0165,0.0479,0.0118,0.0015,-0.0612,0.0215,0.0296,0.0101
19930228,-0.0242,-0.0013,0.0151,0.0593,-0.0156,0.048,-0.0175,-0.0951,0.0601,0.0123,0.0033
19930328,-0.0023,0.0633,0.0158,0.039,0.0159,0.0375,0.0257,0.004,0.0127,0.0305,0.0225
19930428,-0.0939,0.0313,-0.0085,0.0189,-0.0512,-0.027000000000000003,-0.0812,0.0134,-0.0038,-0.0362,-0.0279
19930528,0.0242,0.017,0.0226,0.016,0.0809,0.0546,0.0531,0.0367,-0.0033,0.0136,0.0272
19930628,-0.0115,0.0417,-0.0098,-0.0073,-0.0084,0.039,-0.033,-0.0321,0.0269,0.0212,0.0026
19930728,-0.0291,0.0222,-0.0123,0.0055,-0.0446,0.0211,0.0078,-0.0579,0.0179,0.0162,-0.0032
19930828,0.0353,0.0103,0.0392,0.0373,0.059000000000000004,0.0539,0.0415,0.0237,0.0331,0.0336,0.0368
19930928,-0.0122,0.002,-0.0184,0.0075,0.0122,-0.0164,-0.0073,0.0089,-0.0101,0.0111,-0.002
19931028,0.0588,0.0489,0.027000000000000003,-0.0157,0.0133,0.023,0.0396,0.0537,-0.02,-0.021,0.0159
19931128,0.0038,-0.0113,0.0102,-0.0625,0.0022,-0.0565,0.0068,0.0094,-0.0563,-0.0366,-0.0198
19931228,0.0098,0.0464,0.0267,0.0099,0.0271,-0.0084,-0.0222,0.0254,0.018000000000000002,0.0195,0.0171
19940128,-0.0053,0.0572,0.0422,0.0459,0.0448,0.0239,0.0144,0.0221,-0.0134,0.0343,0.0288
19940228,-0.0164,-0.0281,-0.0088,-0.0305,0.0089,-0.0614,0.0142,-0.0578,-0.0512,-0.0405,-0.0262
19940328,-0.0413,-0.0523,-0.0506,-0.0457,-0.0455,-0.0415,-0.0523,-0.0639,-0.0421,-0.0409,-0.0484
19940428,0.0037,-0.0304,0.0054,0.0319,-0.0079,0.0022,0.0007,0.0147,0.0155,0.0186,0.0071
19940528,-0.0134,0.0003,0.0149,0.0022,0.0088,0.0192,-0.0186,0.0497,-0.0587,0.0234,0.0063
19940628,-0.0185,-0.0417,-0.0299,-0.0259,-0.0538,0.0008,-0.0286,-0.0376,-0.0369,-0.0254,-0.0305
19940728,0.0281,0.0606,0.036000000000000004,0.027999999999999997,0.0248,0.0268,0.0032,0.0157,0.0456,0.0257,0.0276
19940828,0.0583,-0.0068,0.0508,-0.0033,0.0916,0.0117,0.0425,0.1157,0.0035,0.0237,0.0391
19940928,-0.0067,-0.0368,-0.0216,-0.0267,-0.006999999999999999,-0.0049,-0.0244,0.0165,-0.0324,-0.0474,-0.0224
19941028,0.0153,0.0061,-0.0005,0.0716,0.0607,0.0023,0.0063,0.0036,0.0139,-0.0005,0.0111
19941128,-0.0208,-0.0515,-0.0542,-0.0505,-0.027000000000000003,-0.0657,-0.0357,-0.0019,-0.0077,-0.0536,-0.0408
19941228,0.01,0.0539,0.0238,-0.0087,0.02,0.0009,-0.0291,-0.0013,0.0046,0.0069,0.0084
19950128,0.0148,-0.0283,-0.0058,0.0032,-0.0114,0.024,0.0096,0.0558,0.0558,0.0447,0.0164
19950228,0.0255,0.0392,0.0498,0.0425,0.068,0.0168,0.0211,0.0152,0.0072,0.0409,0.0356
19950328,0.0259,-0.0061,0.0331,0.0475,0.049,-0.0002,0.0299,0.0241,-0.0232,0.0126,0.0224
19950428,0.0137,0.0325,0.0248,0.0198,0.0738,0.0096,-0.0213,0.0089,0.0179,0.0186,0.0205
19950528,0.0444,0.0392,0.0261,0.0323,0.0227,0.0047,0.0212,0.0138,0.0556,0.0346,0.0287
19950628,0.0095,0.008,0.0228,-0.0336,0.0927,0.0396,0.0464,0.0384,-0.0106,0.016,0.0261
19950728,0.006999999999999999,0.0387,0.0255,0.0236,0.0733,0.0471,0.0342,0.0524,-0.0091,0.0423,0.0362
19950828,0.0008,-0.0052,-0.0069,-0.0165,-0.0018,0.0373,-0.03,0.0057,0.0034,0.0323,0.0046
19950928,0.0603,0.0274,0.0125,0.0105,0.0062,0.0621,0.0255,0.0718,0.0559,0.0381,0.0321
19951028,-0.0027,-0.0549,-0.0288,-0.0074,0.0165,-0.0139,-0.0583,0.0099,0.0128,-0.0226,-0.0158
19951128,0.0407,0.0367,0.0658,0.0407,-0.0146,0.0233,0.0522,0.052000000000000005,0.0118,0.0545,0.0388
19951228,0.0088,0.0303,0.0031,0.0571,-0.0418,0.027999999999999997,-0.0122,0.0498,0.0446,0.0101,0.0105
19960128,0.0243,0.0317,0.0215,-0.0017,0.0209,0.0042,-0.004,0.0551,0.0139,0.0305,0.0238
19960228,0.0284,0.0003,0.0075,0.0095,0.0638,-0.0265,0.0342,-0.0135,-0.0303,0.0137,0.0122
19960328,-0.0169,0.0337,0.0284,0.0466,-0.0348,-0.023,0.0575,-0.0007,-0.0102,0.0106,0.0073
19960428,-0.004,0.0237,0.0141,0.0317,0.0947,0.0189,0.039,-0.0122,-0.0308,0.0007,0.0205
19960528,0.0591,0.0452,0.0108,0.0011,0.0334,-0.0026,0.0398,0.0326,0.0107,0.0099,0.0225
19960628,0.0256,-0.0218,-0.0109,0.0048,-0.0585,-0.0065,-0.0214,-0.0094,0.0475,-0.0007,-0.0117
19960728,-0.0435,-0.0582,-0.0442,-0.0507,-0.0806,-0.0971,-0.0768,-0.0696,-0.0601,-0.0463,-0.0579
19960828,-0.017,0.0163,0.033,0.0267,0.0408,-0.0064,0.0554,0.0411,0.022000000000000002,0.0302,0.0281
19960928,0.0375,0.039,0.0515,0.0333,0.0971,0.0335,0.031,0.0715,0.0034,0.0439,0.0486
19961028,0.0116,0.0085,0.0036,0.0532,-0.0109,-0.0371,-0.0317,-0.0136,0.0353,0.0407,0.0097
19961128,0.0499,0.0796,0.0555,0.0523,0.1059,0.0762,0.0237,0.0641,0.0198,0.066,0.0616
19961228,0.0023,-0.0264,-0.0035,0.0,-0.0319,0.0144,-0.035,-0.0298,-0.0063,-0.0216,-0.016
19970128,0.054000000000000006,0.0422,0.0345,0.0373,0.0839,0.0175,0.0093,0.0924,0.0043,0.0536,0.0485
19970228,0.0425,-0.0251,0.0059,-0.0648,-0.07400000000000001,0.0079,0.0262,0.006999999999999999,-0.0085,0.0207,-0.0048
19970328,-0.055999999999999994,-0.0392,-0.0402,0.047,-0.0645,-0.0776,-0.0231,-0.0772,-0.039,-0.0605,-0.0487
19970428,0.0488,0.052000000000000005,0.044000000000000004,-0.0004,0.0752,0.0182,0.0148,0.057,-0.0176,0.0451,0.0382
19970528,0.0525,0.0835,0.0676,0.071,0.0946,0.086,0.0569,0.0652,0.0337,0.0534,0.0664
19970628,0.0309,0.0547,0.0431,0.0155,0.0052,0.0342,0.0468,0.0822,0.0275,0.0468,0.0405
19970728,0.0323,0.0823,0.0677,0.0686,0.1491,0.0468,0.0738,0.0191,0.0228,0.0818,0.07200000000000001
19970828,-0.0712,-0.0588,-0.0462,-0.0024,-0.0121,-0.037000000000000005,-0.0302,-0.0671,-0.0171,-0.0494,-0.0406
19970928,0.0515,0.069,0.021,0.0636,0.0283,0.1008,0.0501,0.0612,0.0449,0.0723,0.0536
19971028,-0.0367,-0.0459,-0.0633,-0.0237,-0.0861,0.0325,-0.0294,-0.0018,0.0021,-0.031,-0.0383
19971128,0.0604,0.0554,0.0245,-0.0432,0.0138,0.0676,0.052000000000000005,0.0251,0.0653,0.0306,0.0272
19971228,0.0318,0.0177,-0.0026,-0.0163,-0.0508,0.0439,-0.0052,0.0296,0.0787,0.0411,0.0132
19980128,-0.0331,0.0277,-0.0046,-0.0644,0.0459,0.0549,0.0072,0.0522,-0.0478,-0.0208,0.0001
19980228,0.0467,0.0596,0.0792,0.0638,0.0937,0.0454,0.0968,0.0527,0.0235,0.0742,0.0689
19980328,0.0564,0.0755,0.0346,0.0436,0.0028,0.1087,0.0619,0.0327,0.0657,0.0559,0.0475
19980428,-0.0383,0.0025,0.0089,0.0376,0.0383,-0.0053,-0.0063,0.0162,-0.0267,0.0108,0.0066
19980528,0.006,0.0129,-0.03,-0.0483,-0.0695,-0.0359,0.013999999999999999,-0.0291,-0.0131,-0.0316,-0.0295
19980628,0.0366,0.0513,-0.0284,-0.0198,0.0787,0.0564,0.0439,0.0593,0.0271,0.025,0.0286
19980728,-0.0421,-0.0157,-0.0664,-0.0817,-0.004,0.0601,-0.0353,-0.0075,-0.0566,-0.0239,-0.0272
19980828,-0.1353,-0.1399,-0.1589,-0.11900000000000001,-0.1786,-0.17800000000000002,-0.1404,-0.1304,0.017,-0.1983,-0.1611
19980928,0.0095,0.0153,0.0119,0.1176,0.1572,0.0847,0.0109,0.1154,0.0758,0.025,0.0595
19981028,0.1079,0.1091,0.1102,0.005,0.0507,0.0742,0.10300000000000001,0.0378,-0.0176,0.0803,0.0711
19981128,0.0605,0.0384,0.0324,-0.0029,0.1198,0.0313,0.081,0.0583,0.0118,0.0596,0.0586
19981228,0.0008,0.10300000000000001,-0.0046,-0.0269,0.1431,0.1893,0.0889,0.0463,0.0236,0.0298,0.0594
19990128,-0.0405,0.0508,-0.0079,-0.0625,0.1526,0.1105,0.0167,-0.0012,-0.0722,0.0063,0.0347
19990228,-0.0443,-0.0537,-0.0159,-0.0396,-0.1184,-0.0483,-0.0144,-0.001,-0.0446,-0.005,-0.0415
19990328,-0.0266,0.0777,0.0241,0.1383,0.0789,0.0236,0.0214,0.0221,-0.0249,0.0077,0.0332
19990428,0.0343,-0.0069,0.1325,0.1509,0.0132,0.0744,-0.0021,-0.0598,0.0711,0.0707,0.0447
19990528,0.0118,-0.0388,-0.0343,-0.027000000000000003,-0.0099,-0.0058,-0.0278,-0.0237,0.0604,-0.0375,-0.0239
19990628,-0.0017,0.0661,0.0232,-0.0078,0.1048,0.0521,0.0773,0.0397,-0.0382,0.0339,0.0472
19990728,-0.027999999999999997,-0.0431,-0.0175,0.0192,-0.0129,-0.0315,-0.0513,-0.0488,-0.0044,-0.0616,-0.0345
19990828,-0.0316,0.0157,-0.0125,0.0108,0.0541,-0.0704,-0.0673,0.0309,0.0027,-0.0585,-0.0135
19990928,-0.0842,0.01,-0.057999999999999996,-0.0401,-0.0038,0.0162,0.0049,-0.0775,-0.0447,-0.0379,-0.0268
19991028,0.0563,0.0956,0.0051,-0.0296,0.0359,0.0716,0.0325,0.1028,0.0183,0.1027,0.057999999999999996
19991128,-0.0031,-0.0258,-0.0069,0.0375,0.1187,0.079,0.031,0.0101,-0.073,-0.0285,0.032
19991228,-0.0528,0.1299,0.0638,-0.0062,0.2083,0.054000000000000006,0.069,-0.0646,-0.0136,0.0021,0.0783
20000128,-0.0705,-0.1116,-0.057,-0.0171,-0.0478,-0.0749,-0.113,0.0689,0.0493,-0.0386,-0.0443
20000228,-0.0896,-0.0285,-0.0497,-0.0543,0.1789,0.0111,-0.0485,-0.0397,-0.0724,-0.085,0.0255
20000328,0.048,0.1503,0.0471,0.1263,0.0353,0.0256,0.136,0.0071,0.0519,0.1479,0.0513
20000428,-0.0047,0.0205,-0.0038,-0.0101,-0.1103,-0.08800000000000001,-0.0471,0.0492,0.0853,-0.0381,-0.0624
20000528,0.1019,-0.0421,-0.0221,0.098,-0.1123,-0.1044,-0.0326,0.0352,0.0319,0.011000000000000001,-0.0427
20000628,0.0265,-0.0358,-0.0157,-0.0606,0.1261,0.0717,-0.0237,0.0998,-0.0473,-0.0439,0.0467
20000728,0.0053,-0.0179,-0.013000000000000001,-0.0281,-0.0491,-0.102,-0.0159,-0.0647,0.0466,0.0546,-0.0223
20000828,-0.0225,0.1307,0.0704,0.0806,0.1224,-0.0047,-0.0343,0.0339,0.1272,0.07,0.0709
20000928,0.0302,-0.0275,-0.0671,0.0367,-0.1475,-0.0996,0.0196,0.0338,0.0943,0.0056,-0.0564
20001028,0.0701,-0.0276,0.013000000000000001,-0.0365,-0.0703,-0.067,-0.0171,0.02,-0.0446,-0.004,-0.0298
20001128,0.024,-0.1139,-0.0432,-0.0364,-0.2273,-0.1917,-0.0141,0.0027,0.021,-0.0642,-0.1064
20001228,0.0482,-0.019,0.0633,0.0734,-0.0828,-0.0591,0.0506,0.0318,0.0654,0.0747,0.0144
20010128,-0.0308,-0.0015,-0.0047,-0.0354,0.146,0.1852,0.0638,-0.0944,-0.1038,0.0024,0.033
20010228,-0.0014,-0.0021,-0.0525,-0.0048,-0.2538,-0.1415,-0.0561,-0.0082,0.0493,-0.0566,-0.1017
20010328,-0.0477,-0.0897,-0.0715,-0.0092,-0.1422,-0.0845,-0.0326,-0.087,0.0077,-0.0382,-0.0734
20010428,0.0072,0.1391,0.0802,0.0994,0.1748,0.0281,0.0509,0.0379,0.0453,0.0391,0.0794
20010528,0.03,-0.0072,0.0226,-0.0024,-0.0334,-0.0206,0.0168,0.0234,-0.0067,0.0377,0.0076
20010628,-0.0203,-0.0083,-0.0437,-0.0794,0.0132,-0.0499,-0.0257,-0.0287,-0.064,-0.0017,-0.0201
20010728,-0.0029,-0.0754,0.0011,-0.0315,-0.0756,-0.0037,0.0444,0.0241,-0.0455,-0.0156,-0.0208
20010828,0.0197,-0.0837,-0.0255,-0.0472,-0.1296,-0.0993,-0.0633,-0.0311,-0.0083,-0.0559,-0.0622
20010928,-0.0333,-0.1163,-0.1294,-0.0646,-0.1871,-0.0186,-0.0935,-0.0087,-0.0957,-0.0769,-0.0935
20011028,0.0095,-0.0182,0.0331,0.0262,0.1485,-0.0961,0.0189,0.01,0.0168,-0.0094,0.025
20011128,0.0203,0.0839,0.0825,-0.0591,0.1544,0.0489,0.1095,0.0473,-0.0165,0.0785,0.0765
20011228,0.0174,0.0276,0.023,0.059000000000000004,-0.0063,0.026000000000000002,0.0437,-0.0302,0.0322,0.0306,0.0161
20020128,0.0108,-0.0558,0.01,-0.0289,-0.0076,-0.0814,0.0245,-0.0238,-0.0433,-0.0239,-0.0177
20020228,0.0427,0.0407,0.0369,0.049,-0.1293,-0.0336,-0.0025,-0.0065,-0.0162,-0.0124,-0.0228
20020328,0.0388,-0.0059,0.0514,0.0787,0.0651,-0.0036,0.0213,-0.0007,0.1004,0.0577,0.0425
20020428,0.0246,-0.109,-0.0239,-0.0462,-0.1166,-0.1382,-0.0185,-0.0708,-0.0103,-0.0265,-0.0506
20020528,0.0121,-0.0098,-0.0032,-0.0042,-0.0379,0.0188,-0.0161,-0.0262,-0.073,0.0,-0.0122
20020628,-0.0599,-0.0741,-0.0405,-0.0098,-0.121,-0.1429,-0.0542,-0.0933,-0.0538,-0.0604,-0.0716
20020728,-0.0653,0.0288,-0.0768,-0.1226,-0.1055,-0.115,-0.1155,-0.0358,-0.1287,-0.0781,-0.0826
20020828,0.0215,-0.0462,-0.0104,0.0066,-0.0062,0.0073,0.0187,0.0035,0.0338,0.0161,0.0063
20020928,-0.0792,-0.1603,-0.0885,-0.0799,-0.1634,-0.1032,-0.0979,-0.0565,-0.1128,-0.0988,-0.1012
20021028,0.0484,-0.0002,0.0415,0.0264,0.1937,0.2189,0.0544,0.0517,-0.011000000000000001,0.071,0.0731
20021128,-0.012,0.0921,0.0574,0.0314,0.1568,0.1159,0.013999999999999999,0.0358,0.0169,0.0433,0.0601
20021228,-0.0025,-0.0885,-0.038,0.0089,-0.1313,-0.0958,-0.0698,-0.0409,0.0369,-0.0455,-0.0545
20030128,-0.0417,-0.0423,-0.0407,-0.0261,-0.022000000000000002,-0.0378,-0.0495,-0.0052,-0.0327,-0.0216,-0.0241
20030228,-0.0294,0.0173,-0.0198,0.016,0.006,-0.0708,-0.0127,-0.0231,-0.0428,-0.0344,-0.0161
20030328,-0.0296,0.0338,0.0128,0.0094,-0.0117,-0.0027,0.0441,0.036000000000000004,0.0432,0.0035,0.0093
20030428,0.045,0.1527,0.0631,-0.0063,0.096,0.113,0.0862,0.042,0.0754,0.1111,0.0815
20030528,0.0953,-0.0085,0.0467,0.0886,0.0973,0.0736,0.0301,0.0381,0.1021,0.0578,0.0622
20030628,0.0156,0.0149,0.0028,-0.011000000000000001,0.0047,0.0168,0.035,0.0417,0.0043,0.0073,0.0154
20030728,-0.018000000000000002,0.0064,0.0488,-0.0223,0.0545,-0.0276,0.0297,0.0041,-0.051,0.0393,0.0223
20030828,0.003,0.0497,0.0434,0.0616,0.0601,0.0128,0.0644,-0.0297,0.0137,0.0031,0.0247
20030928,0.0095,-0.0004,-0.0405,-0.0256,-0.0102,-0.0568,-0.0457,0.002,0.0394,0.0,-0.0101
20031028,0.0587,0.0054,0.0884,0.0182,0.0788,0.0692,0.0897,0.0092,0.0152,0.0706,0.0595
20031128,0.0365,0.0018,0.0188,0.0091,0.0185,-0.0115,0.0064,0.0186,0.0096,0.0114,0.0158
20031228,0.0344,0.0986,0.0658,0.1305,0.0224,0.0709,-0.022000000000000002,0.0556,0.0583,0.0405,0.0447
20040128,-0.0026,0.052000000000000005,-0.0104,0.0016,0.0391,0.0202,0.0048,0.0308,0.0199,0.026000000000000002,0.0224
20040228,0.0413,-0.0198,0.0197,0.0461,-0.0306,-0.0139,0.0613,0.011000000000000001,0.0189,0.0262,0.0149
20040328,-0.0011,-0.042,-0.0012,-0.0037,-0.0271,-0.022000000000000002,0.0024,-0.0385,0.0085,-0.0036,-0.0116
20040428,0.0139,-0.013999999999999999,-0.0052,0.0179,-0.0483,0.0015,-0.0277,0.0321,-0.0377,-0.0382,-0.025
20040528,-0.0207,0.0206,0.0179,0.0038,0.0438,-0.0315,0.0001,-0.0038,0.0101,0.0166,0.0135
20040628,0.0155,0.0442,0.0505,0.0538,0.0269,0.0013,-0.0016,-0.0066,0.0196,0.0117,0.0208
20040728,-0.0645,-0.0044,-0.0414,0.0317,-0.0842,-0.0141,-0.0329,-0.0592,0.0087,-0.0309,-0.0387
20040828,0.0095,-0.0211,0.0076,-0.0117,-0.0443,0.0101,-0.0134,0.0149,0.0355,0.0216,0.0016
20040928,-0.0227,0.034,0.0175,0.0873,0.0305,0.0166,0.0235,-0.0114,0.0129,0.0072,0.0195
20041028,0.0221,0.0001,-0.0141,0.0081,0.0455,0.0275,0.0369,-0.0242,0.0414,0.0108,0.0167
20041128,0.0446,0.0469,0.069,0.0628,0.0568,0.0362,0.0326,0.0113,0.0458,0.0457,0.0468
