Date,Utilities,Financials,Industrials,ConsDiscre,ConsStaple,Energy,Healthcare,IT,Materials,Comms,UST,Gold,WTI,Silver,IG,TIPS
20040101,0.040983848,0.045839072,0.044074109,0.035060297,0.008076403,0.040429997,0.068582966,0.07548887,0.008275882,0.098269824,-0.028,-0.0301,0.0112,0.0492,0.012209442,0.012191505
20040201,0.007053859,0.026352267,-0.007698614,-0.000403472,0.041796162,0.02720663,0.017976584,-0.033806859,0.000449155,0.01226991,-0.0392,-0.0152,0.0692,0.072,0.011079396,0.0214668
20040301,0.01476997,-0.003292575,-0.036207165,-0.007855823,0.007086941,-0.040643232,0.011257882,-0.048552188,-0.014325902,-0.010275172,-0.034,0.0761,0.016,0.1852,0.00600912,0.016641308
20040401,-0.018039331,-0.021669054,0.025619058,0.01438811,0.010971004,0.019639928,0.021862477,0.013283129,0.009659806,-0.005439423,0.1754,-0.0915,0.0446,-0.2607,-0.042515778,-0.052848207
20040501,-0.040220349,-0.037883464,-0.02014935,-0.038627488,-0.014666097,-0.00895603,-0.004236792,-0.039276448,-0.061748384,-0.030624167,0.0344,0.0204,0.0443,0.0406,-0.009174312,0.014714576
20040601,0.028541454,0.024155246,0.05317705,0.031341527,0.011681201,0.003544209,0.02824079,0.035362743,0.047376383,-0.004527436,-0.0176,-0.0028,-0.0926,-0.0539,-0.002777806,-0.008077878
20040701,0.011471618,-0.023803937,0.002732144,-0.03910459,-0.027702246,-0.048447871,0.03549622,-0.055845403,0.005408795,0.002579954,-0.0201,-0.0079,0.2164,0.134,0.01151351,0.004022802
20040801,0.028121221,0.003624852,-0.018190525,-0.021048346,-0.021945989,-0.02135894,-0.01620041,-0.052195624,-0.003212504,0.033891584,-0.0559,0.0475,-0.0391,0.0337,0.026711914,0.021499042
20040901,0.021114361,0.026935398,0.028422672,0.03556978,-0.007040724,0.025099926,0.067696946,0.014684592,0.029112514,0.031105246,-0.0276,0.0206,0.1854,0.0214,-0.000804613,-0.003252626
20041001,0.022177802,-0.019603131,0.001927306,0.017968731,-0.019363017,-0.052620341,0.04211966,0.035294378,0.012993063,0.011971565,-0.0228,0.0246,0.0392,0.0544,0.007963493,0.010941549
20041101,0.061186748,0.035104391,0.059374468,0.063502798,0.048915043,0.016794452,0.013894448,0.061568732,0.056727961,0.028586836,0.0809,0.0522,-0.0293,0.0591,-0.01597873,-0.004841944
20041201,0.00691906,0.025052332,0.027895958,0.024247187,0.014561622,0.038322284,0.003819289,0.030472064,0.023110298,0.022011338,-0.0305,-0.0276,-0.1445,-0.1186,0.006134425,0.009444743
20050101,0.002292493,-0.010697447,-0.03037388,-0.014620361,0.011816011,-0.003391157,0.000647492,-0.044473952,-0.026565337,-0.050119802,-0.0213,-0.0361,0.1015,-0.0103,0.012283717,9.45279E-05
20050201,0.048138993,0.005169493,0.010051519,-0.008463614,0.010906865,0.008161482,0.125919623,-0.004450952,0.041371294,-0.021277596,0.0603,0.0308,0.1025,0.0923,-0.013108981,-0.006804026
20050301,0.004601262,-0.030692611,0.007472479,-0.012384228,-0.011488685,0.002362096,0.055253563,-0.016547597,0.02849169,-0.017261417,0.0244,-0.0165,0.0605,-0.0257,-0.016424359,0.00218843
20050401,0.013841139,-0.038174788,-0.031305854,-0.044364436,-0.012977794,0.014375698,-0.031499203,-0.040397886,-0.067627395,-0.010875619,-0.0642,0.015,-0.0846,-0.0372,0.012136163,0.014905535
20050501,0.004767746,0.024800612,0.004149887,0.001896703,0.014636502,0.025671417,-0.043123529,0.03003532,-0.029572679,-0.003698688,-0.0507,-0.0403,0.0212,0.0784,0.00234405,0.00364826
20050601,0.034424987,0.016715103,0.000618741,0.030118756,-0.003094307,-0.002264019,0.077493358,0.028233343,-0.000617794,0.029346652,-0.0166,0.0429,0.1041,-0.0559,0.008274852,-0.000559213
20050701,0.036811622,0.018475416,-0.004519074,0.021734959,-0.00273652,0.000805721,0.04270762,0.02940214,-0.001552284,0.00837111,0.0921,-0.0116,0.0616,0.0299,-0.012042801,-0.030961474
20050801,-0.006633774,-0.01443748,-0.005476536,-2.04869E-05,-0.004018797,0.003621799,0.033104804,0.005459277,0.003828598,-0.001477899,-0.0626,0.0117,0.1487,-0.0631,0.010925499,0.018669944
20050901,0.039645535,-0.004712557,-0.005826645,-0.037375187,-0.005369475,0.003768028,0.07176133,-0.004006921,-0.025459624,-0.026843845,0.0792,0.0779,-0.0424,0.0998,-0.022597347,-0.005479462
20051001,-0.054138352,-0.007457796,-0.010930434,-0.04238761,-0.004918925,-0.036023262,-0.077384751,-0.028993169,-0.027326546,-0.047401451,0.0519,-0.0084,-0.0869,0.0123,-0.019738673,-0.016053909
20051101,-0.01438541,0.068536379,0.03680706,0.041918281,0.017285587,0.005697938,0.007623384,0.050251392,0.073361531,0.048726617,-0.0147,0.0616,-0.0691,0.0967,0.002703468,-0.002413593
20051201,0.022510841,0.014718726,0.025108204,0.009954506,0.00608373,0.021953582,0.029291415,0.018388489,0.05117674,0.008102668,-0.0212,0.0481,0.0615,0.0652,0.001208665,-0.004935662
20060101,0.017554427,0.006716043,-0.004169603,0.002338197,-0.008408215,0.020871827,0.06380629,0.009911953,0.025227537,-0.00731302,0.0282,0.0992,0.1398,0.1168,-0.004364388,0.000291753
20060201,-0.012047889,-0.002067339,0.008644871,0.000500376,-0.001070849,-0.0011323,-0.022855235,-0.018160201,0.008500077,0.061766565,0.0084,-0.0127,-0.1033,-0.0132,0.002984518,0
20060301,-0.012103897,0.016486186,0.033409213,0.004029979,0.015519971,0.003113673,-0.003516405,0.009069436,0.014601083,0.043108327,0.065,0.039,0.0858,0.1811,-0.02082944,-0.021390336
20060401,-0.025259273,0.004697867,0.028974267,0.002400074,-0.018375647,-0.039650227,0.06246883,0.010340462,0.049840236,-0.021837493,0.042,0.1214,0.0774,0.1768,-0.006172849,-0.007451565
20060501,0.011510183,0.004496231,0.00743772,0.002298576,0.01495017,-0.025276219,-0.009785248,-0.057395347,-0.009987617,-0.028876326,0.0131,-0.0165,-0.0029,-0.0823,-0.006306775,-0.002002052
20060601,0.019986851,-0.030686406,-0.039374344,-0.025341101,-0.003710611,-0.00972405,-0.050554053,-0.055331872,-0.068534703,0.012922596,0.0043,-0.0475,0.031,-0.1262,-0.005000452,-0.001303882
20060701,0.034978334,0.007379716,-0.02338094,-0.027084687,0.024246876,0.021172804,0.071981307,-0.037496076,0.00485166,0.01348611,-0.0305,0.035,-0.0004,0.0454,0.01014783,0.009440615
20060801,0.027799474,0.019856144,-0.018133278,0.00459418,0.0230215,0.039481827,0.021147036,0.036136916,0.005032473,0.042755312,-0.0513,-0.0121,-0.044,0.1391,0.017795638,0.010944174
20060901,-0.005169463,0.026479537,0.024572976,0.052849567,0.018842406,0.026238233,-0.073116312,0.066243342,0.005358208,0.041738667,-0.0209,-0.0456,-0.1044,-0.1124,0.004230166,-0.004527104
20061001,0.029595581,0.035476909,0.047029211,0.065585693,-0.001652933,0.01042494,0.024646281,0.046278975,0.033088166,0.032229858,-0.0063,0.0139,-0.0695,0.0666,0.005522756,-0.005239733
20061101,0.021706678,0.008668452,0.009382369,0.025999773,0.002281132,-0.013433771,0.060220832,0.03387462,0.043764416,0.002338186,-0.0308,0.0687,0.0741,0.1403,0.01024017,0.005068515
20061201,0.026837671,0.02202952,0.013275088,0.019893033,0.015458711,0.009528349,0.044470411,0.001814847,0.032418999,0.031600721,0.0533,-0.0177,-0.0297,-0.0795,-0.016955373,-0.023039593
20070101,-0.016464252,0.010745837,0.006302768,0.01895747,0.015451695,0.023987127,-0.062130947,0.006355936,0.006873586,0.009534279,0.0243,0.0258,-0.0499,0.0543,0.000937373,0.002327895
20070201,0.048008769,0.009177801,0.01509894,0.011916809,0.002421737,0.006991882,0.031101294,-0.003335366,0.056400963,0.036265126,-0.0492,0.0256,0.0643,0.0434,0.015639614,0.019791972
20070301,0.018821685,-0.047949767,-0.024745141,-0.041691414,-0.017180123,-0.029127926,-0.00697929,-0.030608926,-0.004370677,0.001106966,0.0155,-0.0095,0.067,-0.0504,-0.01088059,0.000495128
20070401,0.060784265,0.022330149,0.024928577,0.027648464,0.038380083,0.055406408,0.079193814,0.038360514,0.036348233,0.032884266,-0.0043,0.0221,-0.0039,0.0041,0.004288301,0.002969072
20070501,0.01801985,0.030566799,0.046691287,0.009306544,0.005658841,0.028256878,0.049782215,0.04097775,0.02418695,0.050980566,0.057,-0.0255,-0.0224,-0.0027,-0.016708465,-0.016873881
20070601,-0.057392813,-0.016498826,0.018865079,-0.001074603,-0.003335394,-0.022077036,0.042958321,0.014714344,0.016491344,0.008227607,0.0276,-0.0171,0.098,-0.0788,-0.012744246,-0.006624471
20070701,-0.000371273,-0.039494398,0.029968446,-0.008894179,-0.005224858,-0.014074016,0.045183896,0.035897819,0.023695316,-0.007437405,-0.0585,0.0213,0.1079,0.0483,-0.012717556,0.018490472
20070801,-0.024605258,-0.059030286,-0.034101169,-0.072927345,-0.010678589,-0.034367228,-0.058659229,-0.036455182,-0.075693985,-0.02995259,-0.0435,0.0143,-0.0521,-0.0685,0.018983041,0.003769811
20070901,0.023786185,0.007727905,0.025934034,0.006177393,0.018543788,0.024453304,0.079101053,0.038697461,0.047775204,0.021797905,0.0148,0.1056,0.1035,0.1435,0.002661334,0.00840086
20071001,0.026897861,0.013189641,0.023054255,0.008668915,0.027639474,0.022154965,0.03429705,0.051345373,0.057504426,0.018037588,-0.0263,0.07,0.1654,0.0423,0.005024164,0.007546839
20071101,0.021223001,-0.120027663,-0.047071441,-0.078894295,0.01109754,-0.012951837,-0.043131856,-0.034187842,-0.044259934,-0.074183936,-0.1171,-0.0167,-0.0698,-0.0288,0.005659366,0.037937684
20071201,0.030757092,-0.016462538,0.002756991,-0.018218898,0.025830556,0.015127485,0.045870004,0.006691509,0.027992659,0.018251683,0.0218,0.0648,0.0847,0.0597,-0.016694869,-0.008434808
20080101,-0.048098487,-0.08072409,-0.071900879,-0.082276499,-0.046950557,-0.033568105,-0.050261981,-0.10698804,-0.056306118,-0.082946723,-0.1086,0.1104,-0.0478,0.1454,0.025658175,0.035727778
20080201,-0.046644342,-0.012546099,0.006673166,0.034793108,-0.017181327,-0.043185634,-0.009862279,-0.05408154,0.028292127,-0.066056333,-0.0217,0.0506,0.1117,0.1688,-0.011624663,0.009034477
20080301,-0.038144803,-0.082605578,-0.010613006,-0.040358163,0.002993852,-0.057329956,0.009455981,-0.008171865,-0.012103553,-0.040663258,-0.0278,-0.0584,-0.0009,-0.1279,-0.010161856,-0.006059492
20080401,0.049288771,0.042648265,0.030699571,0.029544899,0.019167401,0.002705589,0.079605817,0.046074829,0.062759092,0.044826184,0.0915,-0.0489,0.1287,-0.0447,0.007509515,-0.025386724
20080501,0.020037144,-0.007467709,0.010959346,0.027294425,-0.00251956,0.000644614,0.053321486,0.05930912,0.029220647,0.052112854,0.0892,0.0183,0.112,0.0197,-0.026323248,-0.003080963
20080601,0.003827116,-0.129966242,-0.064356879,-0.062926917,-0.022276778,-0.026676813,0.003183211,-0.022504147,-0.010256838,-0.067861175,-0.0226,0.0431,0.101,0.0352,-0.017441813,0.010020594
20080701,-0.03978263,-0.10452861,-0.067779354,-0.086754243,-0.020491726,0.015106259,-0.083053549,-0.072459288,-0.096814524,-0.081003167,-0.0043,-0.0122,-0.116,0.0189,-0.000394487,-0.012795522
20080801,-0.054683196,0.036830416,0.031094432,0.07249352,0.045281436,0.04713382,-0.071546473,0.03873717,-0.027124244,-0.015585822,-0.0336,-0.0909,-0.0679,-0.2334,-0.003157064,-0.001033155
20080901,-0.066556656,-0.018990456,-0.066121157,-0.010890593,-0.00614288,-0.047703028,-0.071939494,-0.102742301,-0.075296582,-0.043055364,0.001,0.0495,-0.1184,-0.1011,-0.111342042,-0.047574257
20081001,-0.172992056,-0.231818955,-0.239524393,-0.251055522,-0.131626728,-0.143595542,-0.233666441,-0.207170861,-0.286954231,-0.174258902,0.0368,-0.1685,-0.3342,-0.2045,-0.023833378,-0.088153995
20081101,-0.010205482,-0.20066627,-0.092671993,-0.122107459,-0.037218259,-0.059630406,-0.020437524,-0.121740102,-0.132003136,0.014355973,-0.2645,0.1275,-0.1877,0.0468,0.028408408,0.008769048
20081201,-0.006372676,-0.048352647,-0.008633537,0.057672045,-0.014782617,0.000726262,-0.020308212,-0.007913821,-0.018333511,0.051683492,-0.2397,0.0767,-0.2159,0.1065,0.127690294,0.065035394
20090101,0.024185655,-0.146106314,-0.025434757,-0.008115707,-0.013954877,0.033324972,0.020136807,0.018215897,0.000383255,-0.047475922,0.2842,0.054,-0.0361,0.1145,-0.018002971,-0.000403073
20090201,-0.051739196,-0.182533835,-0.13078634,-0.099682551,-0.067160076,-0.006735385,-0.062370215,-0.01446132,-0.074970106,-0.060566834,0.0596,0.0188,0.0708,0.0418,-0.056702024,-0.021975807
20090301,-0.118109958,-0.056824682,-0.113714402,-0.025161016,-0.0437008,-0.107685146,-0.072531809,-0.01642044,-0.017857528,0.005469063,-0.1168,-0.0286,0.0959,-0.0084,-0.000424819,0.05906002
20090401,0.050989013,0.281459405,0.187257656,0.196692837,0.050750981,0.031434965,0.053583912,0.146533017,0.160815298,0.067750196,0.169,-0.0345,0.0399,-0.0516,0.022099383,-0.022481732
20090501,0.025427833,0.153254123,0.085954827,0.054629147,0.037612724,0.041916337,0.077348184,0.035822609,0.099303455,-0.01757704,0.1097,0.1055,0.3045,0.2678,0.018191269,0.013639944
20090601,0.034859733,0.012031829,0.010279458,0.012421399,0.026350636,0.019795045,0.022000553,0.062880313,0.010396022,-0.012019525,0.022,-0.0542,0.0645,-0.1299,0.023787668,-0.001669767
20090701,0.028709184,-0.001021825,-0.020383708,0.009214205,0.025667105,0.03917611,-0.045346132,0.038979886,-0.006557343,-0.003472781,-0.0155,0.0301,-0.0255,0.0264,0.041683287,-0.002951623
20090801,0.02759222,0.176587752,0.110772274,0.097838866,0.02364506,0.049079836,0.051112139,0.064721092,0.122163184,0.023363205,-0.0233,-0.0038,0.0109,0.0693,0.008328576,0.004144524
20090901,0.004353901,0.034937471,0.060307934,0.037616141,0.026648183,0.016524191,0.034589104,0.039160333,0.035631586,0.009870025,-0.0282,0.0595,0.0125,0.1167,0.012816842,0.01100624
20091001,0.000846488,0.015827199,0.006058778,0.024179286,0.032233662,0.001682971,0.05713265,0.027533917,0.009000119,-0.020210181,0.0251,0.0369,0.0941,-0.0234,-0.009373828,0.010983719
20091101,-0.004559441,-0.02549859,0.027554696,0.027209709,0.025363865,0.036776113,0.013347084,0.031106516,0.023345682,0.018797572,-0.0561,0.1282,0.0047,0.1384,0.01485617,0.024612998
20091201,0.066233522,-0.015367236,0.02673708,0.037071914,0.00522421,0.045403542,-0.020016595,0.030324326,0.026523992,0.067732504,0.1998,-0.0701,0.0284,-0.0905,-0.02890441,-0.025053936
20100101,-0.016981405,0.02683503,0.020698958,0.006439586,-0.008016779,0.019503241,0.019581422,0.00859966,0.010865774,-0.044306122,-0.0649,-0.0134,-0.0872,-0.038,0.012481949,0.015303137
20100201,-0.049367918,-0.039109682,-0.020691627,-0.008321018,-0.001509971,-0.023137565,-0.045739815,-0.04860659,-0.060705577,-0.053341781,0.0086,0.0323,0.0958,0.0196,0.000758672,-0.014977666
20100301,0.017374447,0.090850423,0.079922489,0.085063613,0.035383016,0.023985279,0.025334772,0.062744482,0.06580116,0.028984159,0.0591,-0.0024,0.0471,0.0613,0.002274216,-9.62564E-05
20100401,0.015181778,0.060345958,0.060991519,0.070202136,0.006225171,-0.013495827,0.044578387,0.045189776,0.036474759,0.012519634,-0.0454,0.0588,0.0337,0.0628,0.014559904,0.020789182
20100501,-0.032178444,-0.078670253,-0.054144554,-0.046975258,-0.035045541,-0.062662711,-0.07762571,-0.068644923,-0.091639148,-0.035584622,-0.0973,0.0313,-0.1392,-0.0107,-0.017239764,0.000377145
20100601,-0.014811477,-0.053656558,-0.060078284,-0.041946718,-0.026704742,-0.027047483,-0.044389623,-0.031555732,-0.044055458,0.002427002,-0.1114,0.0215,0.0156,0.0141,0.028446805,0.007634364
20100701,0.034255142,-0.005405238,-0.004197825,-0.032189025,0.011838878,-0.010955157,-0.009815026,-0.005648602,0.014014927,0.010959163,-0.0102,-0.0495,0.048,-0.0366,0.016964817,-0.005050987
20100801,0.022628557,-0.017400742,0.020529371,0.015062828,0.00901192,0.00861505,0.016766693,-0.015563092,0.035179564,0.058613544,-0.1497,0.0565,-0.0926,0.0784,0.024478667,0.017580097
20100901,0.018304849,0.02278056,0.03313089,0.048522976,0.027449745,0.030585306,0.016144737,0.031884266,0.045635194,0.05329307,0.017,0.0496,0.1136,0.1237,0.000796425,0.007575758
20101001,0.015727604,0.006491617,0.046366802,0.054499811,0.028432914,0.035365785,0.072233451,0.067930272,0.053198208,0.023802354,0.0362,0.0382,0.0204,0.1267,-0.006454992,0.023473364
20101101,-0.019282785,0.014248302,0.011144315,0.04349154,0.008698624,-0.003299514,0.057327682,0.033355369,0.033145944,0.00277994,0.0745,0.0186,0.0266,0.1476,-0.019935902,-0.019172191
20101201,-0.005176001,0.048571596,0.053908693,0.036662712,0.014533622,0.010093011,0.06265077,0.020655841,0.06167261,0.029527805,0.1755,0.0264,0.0933,0.0967,-0.015256093,-0.017902868
20110101,0.019453737,0.051182513,0.039659621,0.009700555,0.002663489,0.021438024,0.054334595,0.039427819,0.024786082,0.002423499,0.0262,-0.0628,0.009,-0.0885,0.000368877,0.000186049
20110201,1.53034E-05,0.026138852,0.041553,0.028729218,0.001168839,0.006198211,0.075815027,0.03021422,0.03019031,-0.003625968,0.0142,0.0596,0.0505,0.1998,0.006821515,0.005672317
20110301,-0.007028838,-0.029401362,-0.017969344,-0.010197453,0.001541215,0.005399223,0.0156729,-0.04084569,-0.027950598,0.000219449,0.014,0.0144,0.1022,0.1203,-0.009338985,0.0093389
20110401,0.014683683,-0.00599403,0.025977681,0.023492919,0.038247479,0.04088997,0.018455844,0.00494734,0.038346328,0.045650979,-0.0519,0.0933,0.0651,0.2828,0.020979705,0.018321729
20110501,0.042997477,-0.026636618,-0.002207256,0.018027899,0.036695906,0.05320718,-0.041982699,0.005244571,-0.025222801,0.018817321,-0.0702,-0.0193,-0.098,-0.2116,0.008780673,-0.002698839
20110601,-0.018522781,-0.058698424,-0.048000657,-0.041628905,-0.025292069,-0.021016917,-0.028072459,-0.052110335,-0.033800546,-0.028853246,0.033,-0.023,-0.0728,-0.0911,-0.011755249,-0.001984503
20110701,0.016483634,0.007973201,0.020516883,0.049136048,0.009185303,0.004105671,0.048747021,0.053078715,0.046146707,0.000379667,-0.1165,0.0844,0.0087,0.1517,0.020339654,0.03190527
20110801,-0.038741052,-0.140749754,-0.151908255,-0.112665145,-0.048220527,-0.097040261,-0.128626659,-0.087380823,-0.133760075,-0.073437995,-0.1999,0.1212,-0.0752,0.0401,-0.000355976,0.001313848
20110901,0.032621053,-0.052242164,-0.020487682,0.00579711,0.009276779,0.013689677,-0.046065056,0.007590251,-0.040719387,-0.004253466,-0.1419,-0.1097,-0.1125,-0.2796,-0.000178082,-0.000174921
20111001,0.015073866,0.025234807,0.03512609,0.03997606,0.009582381,0.006679105,0.030378016,0.04782463,-0.000874977,0.008693741,0.1038,0.0564,0.1757,0.143,0.021280376,0.019160061
20111101,0.011472656,-0.000160074,0.030290403,0.007728825,0.008864953,0.010834755,0.042300427,0.008075375,0.030993789,0.000771671,-0.0213,0.0178,0.0855,-0.0468,-0.034960725,0.002146107
20111201,0.017960017,0.011204307,0.019898569,0.01276187,0.031965577,0.025603653,0.001609301,-0.002057231,-0.009371566,0.022548551,-0.0942,-0.1039,-0.0144,-0.1484,0.027735116,-0.000428268
20120101,-0.005324154,0.076390064,0.067641221,0.050007775,0.008441708,0.04711963,0.035099499,0.040816978,0.08219117,0.008028042,-0.0432,0.112,-0.0079,0.1922,0.02144862,0.022881129
20120201,-0.005938334,0.055088489,0.036447865,0.043066866,0.010739046,0.012311984,0.033070078,0.075028747,0.033790119,0.00093908,0.0997,-0.0254,0.0878,0.0406,0.012908778,-0.005780856
20120301,-2.00012E-05,0.049163573,0.002384597,0.03952086,0.024208208,0.015752663,-0.00738599,0.051737258,-0.014705904,0.032473909,0.1216,-0.0155,-0.0372,-0.0611,-0.017587086,-0.008595231
20120401,0.001193433,-0.002120835,-0.013537686,0.008934317,0.011766879,0.012631256,-0.045927721,0.003926191,-0.013694811,-0.013830686,-0.1332,-0.0027,0.0189,-0.0465,0.007351086,0.01504459
20120501,0.015764797,-0.058472445,-0.036318547,-0.021248145,-0.003263953,-0.014837536,-0.04838629,-0.05788698,-0.05439062,0.051657564,-0.1855,-0.0623,-0.1752,-0.1039,0.004206713,0.015826495
20120601,0.025037467,-0.029009401,-0.023548389,-0.020364643,0.000783116,0.002024123,-0.033090529,-0.021682775,-0.009739165,0.041989306,0.0512,0.0243,-0.0187,-0.0058,0.005300462,-0.013271791
20120701,0.021904252,0.02994004,0.017428666,0.011644369,0.033825823,0.034105352,0.053590002,0.012170126,0.015881402,0.037215767,-0.1053,0.0096,0.0349,0.0114,0.031380246,0.014536383
20120801,-0.011709433,0.028662997,0.034668864,0.028134765,0.012345362,0.009686876,0.04857959,0.055353015,0.021008796,0.026807507,0.0531,0.0479,0.099,0.1246,-0.003710397,-0.00247038
20120901,-0.021761089,0.048097202,0.011924505,0.043640652,0.003214515,0.029779633,0.028621525,0.029558367,0.036281543,0.021591186,0.0549,0.0473,-0.0461,0.1003,0.007779483,0.00511807
20121001,0.014035668,0.014275398,-0.003004357,-0.005619563,0.0014252,0.022524625,-0.006462002,-0.040064895,-0.006914647,-0.021518034,0.0374,-0.0286,-0.0655,-0.0646,0.010265254,0.006241746
20121101,-0.058171251,-0.022760064,-0.012197117,-0.009834735,-0.026305783,-0.029286876,-0.041955439,-0.051780026,-0.026722881,-0.049627956,-0.046,-0.0033,0.0322,0.0284,-0.007234596,0.003183211
20121201,0.011758127,0.031962483,0.02782864,0.018570835,0.013907399,0.018371584,0.011369854,0.012680564,0.019293996,0.006364081,0.0866,-0.0232,0.0331,-0.0913,-0.009334308,-0.012204051
20130101,0.017652298,0.063716549,0.050746502,0.049005952,0.01969095,0.038966241,0.045410222,0.020877695,0.066396764,0.003319879,0.1304,-0.0068,0.0616,0.0385,-0.012976279,-0.00518907
20130201,0.025371056,0.023249302,0.025869341,0.017282921,0.036228504,0.028565189,0.027222892,0.001680625,-0.009378936,0.021998604,-0.0524,-0.0502,-0.0573,-0.0938,0.007620198,0.001904314
20130301,0.033225599,0.030086831,0.020143523,0.036041614,0.030190566,0.033602876,0.006266596,0.013931638,0.009381379,0.033047363,-0.0154,0.0105,0.0583,-0.0036,-0.003573506,0.002148541
20130401,0.056033794,0.005508331,-0.012164182,0.021399764,0.041233672,0.054969701,-0.017854041,-0.014389065,-0.02158208,0.047021955,-0.0967,-0.0749,-0.0425,-0.1466,0.01859879,0.007256576
20130501,-0.017613728,0.064443406,0.048776309,0.055475798,0.016772024,0.023542268,0.044671468,0.058015432,0.047981231,0.001279131,0.2744,-0.0611,-0.0149,-0.0794,-0.035044617,-0.044371665
20130601,-0.057884866,-0.000937953,-0.005585273,-0.012729553,-0.028395425,-0.012143018,-0.01835798,-0.008097093,-0.024072675,-0.043441427,0.1665,-0.1101,0.0526,-0.1249,-0.03563849,-0.0404352
20130701,0.033126739,0.03981781,0.031769674,0.051696476,0.022745157,0.035640533,0.027575731,0.010285296,0.008782025,0.009022819,0.0406,0.072,0.0918,0.0085,0.007831051,0.007677895
20130801,-0.015373061,-0.011192779,0.011063694,0.000345108,-0.015107031,0.006657813,-0.008186914,0.01425266,0.021229557,-0.038575324,0.0777,0.0554,0.023,0.1961,-0.013008538,-0.018871312
20130901,-0.022804165,-0.001106378,0.02248618,0.016401369,-0.007308045,0.012850638,0.017476381,0.011461953,0.030047749,-0.017794069,-0.0624,-0.0493,-0.0507,-0.077,0.004157399,0.016615532
20131001,0.022094447,0.013851712,0.022933127,0.023906635,0.014588246,0.018646999,0.013128889,0.017958462,0.020989361,0.018715409,-0.0241,-0.0028,-0.059,0.0081,0.014799155,0.003020039
20131101,0.012700245,0.026133286,0.050539407,0.040896312,0.042981992,0.038523544,0.025530206,0.038132265,0.025832801,0.024418262,0.076,-0.0531,-0.0361,-0.0848,-0.004687439,-0.011601107
20131201,-0.026267897,0.019520568,0.017672573,0.015834666,-0.007725736,0.013321857,-0.001748396,0.030751924,0.009488802,-0.027656747,0.102,-0.0382,0.0636,-0.0321,-0.004099093,-0.015321199
20140101,0.007959403,0.010981423,0.010319741,-0.004893482,-0.016348553,0.026621514,-0.005438777,0.015602063,0.01132336,-0.020344505,-0.1262,0.0317,-0.0124,-0.0121,0.018828216,0.021019081
20140201,0.039987587,-0.018089624,-0.014690706,-0.008737222,-0.019651687,0.022865392,-0.018304225,0.006973848,0.003312852,-0.027987356,0.0019,0.0664,0.0538,0.1099,0.008423621,0.004366794
20140301,0.01660604,0.035997904,0.021258147,0.019322627,0.028993641,0.019927385,0.024025216,0.018747056,0.037836557,0.017178079,0.0264,-0.0318,-0.0115,-0.0693,-0.003238987,-0.00532386
20140401,0.043563579,-0.011288286,0.008328978,-0.030169209,0.018918066,-0.023761243,0.047198897,-0.009546792,-0.001392513,0.036515947,-0.0268,0.006,-0.018,-0.0312,0.010347186,0.013202534
20140501,-0.002501744,-0.000215019,0.014335926,0.002355941,0.018124327,0.012712708,0.026940747,0.017096605,0.016153897,0.021474449,-0.0646,-0.0316,0.032,-0.0244,0.012187846,0.017696724
20140601,0.018504301,0.031699033,0.022452374,0.029996107,0.013119246,0.029307692,0.037080321,0.039268003,0.025886137,-0.002022452,0.023,0.0611,0.0257,0.1262,-0.002759378,-0.001989748
20140701,-0.008585255,0.006241728,-0.012682226,0.014096178,-0.001564692,0.022596182,0.012890206,0.031514482,0.00741501,0.020201879,0.0118,-0.034,-0.0748,-0.0302,-0.005953371,-0.003900806
20140801,-0.024015976,-0.007102389,-0.018159135,-0.000478034,-0.011071687,0.003485953,-0.03003075,0.005040206,-0.003241705,-0.021704065,-0.0847,0.0041,-0.0182,-0.0479,0.017123568,0.002958802
20140901,0.015354427,0.027372895,0.014125526,0.008824333,0.01772999,0.035545242,-0.028822523,0.017973666,0.007112765,0.006551272,0.064,-0.0608,-0.047,-0.1233,-0.019572076,-0.027592191
20141001,0.025060265,-0.022465435,-0.03047718,-0.0363763,0.004417248,-0.011087477,-0.089965982,-0.034289129,-0.058353417,-0.015793783,-0.0641,-0.0288,-0.1171,-0.0546,0.00947382,0.009012242
20141101,0.045551228,0.05337223,0.07444277,0.05170351,0.054104742,0.066806396,0.007959114,0.065883618,0.035492662,0.024453011,-0.0694,-0.006,-0.181,-0.0366,0.006284565,0.001591793
20141201,0.020914077,0.017447302,-0.001644879,0.024663409,0.011374811,0.020079852,-0.081421594,0.011887272,-0.016890415,-0.053015334,-0.0014,0.0142,-0.1858,0.0049,-0.005662353,-0.011036553
20150101,0.034605989,-0.034716147,-0.021584542,-0.009446129,0.005984135,0.00699292,-0.030810732,-0.022795102,-0.012810292,-0.009463976,-0.2447,0.0841,-0.1118,0.1045,0.037517753,0.032318498
20150201,-0.041594881,0.01629594,0.028257762,0.052218389,0.006205199,0.010834448,0.044671543,0.031887026,0.056478193,0.036471501,0.2178,-0.0548,0.0343,-0.0395,-0.016869772,-0.012885912
20150301,-0.05097517,0.003012543,-0.008516436,0.018958058,-0.014189277,0.025222028,-0.049072117,0.000734523,-0.020688657,-0.02114851,-0.0346,-0.0244,-0.0383,0.0041,-0.000738949,-0.00481867
20150401,0.010787117,-0.003795789,-0.004391823,0.005688355,0.005839547,0.00521918,0.052839434,0.000407259,-0.000510746,0.005822975,0.056,0.0007,0.2572,-0.0276,-0.014542741,0.00677881
20150501,-0.013250301,0.014461105,0.00301818,0.000850301,-0.004810893,0.005734313,-0.008891152,0.01954338,0.021519109,0.008821607,0.0432,0.0052,0.0094,0.0347,-0.01392367,-0.010055981
20150601,-0.037739656,0.006774781,-0.017250867,0.005257469,-0.019116518,0.013970764,-0.042569247,-0.010062931,-0.021420323,-0.018374847,0.1065,-0.015,-0.0216,-0.0679,-0.021560802,-0.010246409
20150701,0.010123523,0.005293414,-0.025593995,0.019493252,0.026582695,0.010833575,-0.059359201,-0.010205358,-0.059354819,-0.017600195,-0.069,-0.0656,-0.2073,-0.0518,0.00544415,0.005354743
20150801,0.02493396,-0.023245254,-0.025164946,-0.020268335,-0.012065226,-0.027579357,-0.08423098,-0.02624524,-0.055783233,-0.02233946,0.0123,0.0355,0.0297,-0.0115,-0.011087237,-0.009498446
20150901,-0.053228118,-0.067788478,-0.041757334,-0.030539872,-0.04198868,-0.065497904,-0.052103312,-0.032443865,-0.064768749,-0.039580229,-0.0808,-0.0172,-0.0571,-0.0044,0.008951834,-0.00797634
20151001,0.054577349,0.028134857,0.050062137,0.045506336,0.05164564,-0.004521788,0.074127919,0.056031236,0.050858787,0.013190396,0.0545,0.0246,0.0222,0.0726,0.002842639,0.002439218
20151101,-0.030899552,0.036431811,0.0307729,0.028208975,-0.008573451,0.033015614,0.011091978,0.041651094,0.030442624,0.005487381,0.0289,-0.0682,-0.1019,-0.0974,-0.004380639,-0.001441925
20151201,-0.006475832,-0.016192717,-0.022483253,-0.018039013,0.019044417,0.001753029,-0.091836981,-0.008802752,-0.024378289,0.012811471,0.0276,-0.0029,-0.1099,-0.0196,-0.016392045,-0.01010833
20160101,0.021821869,-0.093382313,-0.07095608,-0.072599768,-0.019568449,-0.054127347,-0.090165065,-0.081106765,-0.112843727,0.001085926,-0.1525,0.0535,-0.0905,0.033,0.001227962,0.015682002
20160201,0.058683409,-0.04557132,0.018359105,-0.021081723,0.021132226,-0.034108499,0.013074266,-0.014969223,0.031697479,0.076279554,-0.0962,0.1074,0.0047,0.0469,0.007533946,0.012208258
20160301,0.037622743,0.06818236,0.071828356,0.071198825,0.034916652,0.026844165,0.084381764,0.072648247,0.088828651,0.051191768,0.0184,-0.0044,0.1242,0.0379,0.033127536,0.016672552
20160401,0.007237887,0.027190244,0.023692851,0.021562516,0.009137151,0.04053101,0.046476583,0.021570315,0.040817979,-0.007600318,0.0367,0.0495,0.2067,0.1506,0.012708315,0.002093493
20160501,0.002135937,0.011518058,-0.008869886,-0.006451009,-0.001113731,-0.007122564,0.022108785,-0.032260839,0.005673471,-0.013103886,0.0087,-0.0607,0.0624,-0.1021,-0.007811876,-0.006441487
20160601,0.033378626,-0.014521122,0.003897532,-0.008135898,0.012943135,0.01583198,0.020948501,0.013804075,0.011084116,0.040462733,-0.2031,0.088,-0.01,0.1634,0.028059293,0.022165753
20160701,0.036058607,0.015184496,0.036467061,0.032149056,0.029495941,0.040327952,0.013467705,0.032616354,0.01716977,0.050909039,-0.0169,0.0217,-0.1447,0.0931,0.010184129,0.001971407
20160801,-0.038352358,0.02589155,0.007325999,0.003993542,-0.013245876,0.001763442,-0.007049399,0.049996094,0.014465054,-0.033511318,0.0883,-0.0311,0.0836,-0.0832,-0.000806509,-0.007356724
20160901,-0.015452477,-0.00061016,-0.01543018,-0.023760983,-0.023810603,-0.027448518,-0.004988681,0.01208191,-0.022543696,-0.029168379,0.0127,0.0054,0.0716,0.0278,-0.005730882,0.003877947
20161001,-0.034394963,0.004434584,-0.009489864,-0.004346011,-0.019552807,-0.031009525,0.020503605,0.010432707,-0.017479738,-0.051632947,0.1421,-0.0293,-0.0277,-0.0719,-0.017860018,-0.005408164
20161101,-0.019422147,0.088975745,0.047177279,0.009817432,-0.023453295,-0.018287395,0.002759411,-0.009207404,0.025524559,-0.027292745,0.3096,-0.0816,0.0488,-0.0763,-0.034220589,-0.020714673
20161201,0.015321906,0.09381975,0.045032469,0.034458485,0.00695294,-0.003146396,0.072792222,0.019331582,0.047418521,0.084038321,0.0234,-0.0181,0.0998,-0.0286,0.002909997,-0.002555976
20170101,0.012749764,-0.000607311,0.003041808,0.012859703,0.009331322,0.018512004,-0.018230994,0.028911926,0.015854612,0.004464642,0.0082,0.051,-0.0202,0.0989,0.001450742,0.008924644
20170201,0.019152155,0.026180697,0.019430446,0.020402369,0.031740254,0.034712879,-0.038850611,0.042429268,0.015441219,-0.029728745,-0.028,0.0314,0.0225,0.0519,0.0104815,0.004116325
20170301,0.031156732,0.009295209,0.005085816,0.011896205,0.018428677,0.03002875,-0.029797202,0.028966826,-0.0012254,0.006948741,-0.0033,0.0004,-0.0593,-0.01,-0.005650177,0
20170401,0.007624912,-0.036510371,-0.001385159,0.01185238,0.000518645,-0.011778395,-0.008584447,0.006261403,0.001786317,-0.028893102,-0.0419,0.0152,-0.0313,-0.0573,0.009159477,0.003139991
20170501,0.003702126,0.002703585,0.014177021,0.01920154,0.003877149,0.013601339,-0.030946015,0.048384843,0.004072881,-0.049515151,-0.0363,0.0004,-0.0116,0.0103,0.010589142,-0.002869333
20170601,0.027159718,0.02112952,0.019506951,0.003788185,0.016930492,0.037540899,-0.030696343,0.00988059,0.02191797,0.004409167,0.0444,-0.0213,-0.0471,-0.0461,0.002162179,-0.010899895
20170701,-0.023539023,0.033566283,0.007778234,-0.001538315,-0.025410252,0.017821423,0.001236525,0.011175234,0.015660255,-0.038606285,-0.0035,0.0225,0.0831,0.011,0.004978832,0.002027718
20170801,0.036424058,-0.003368604,-0.014134086,-0.00944298,0.001280938,-0.01082734,-0.02846957,0.016884714,-0.014637093,0.043805008,-0.0767,0.0414,-0.062,0.0436,0.004128478,0.008446234
20170901,-0.003674987,0.001714364,0.019329056,-0.001565452,-0.006956454,0.034538443,0.042256885,0.0174254,0.03199128,-0.014662722,0.1033,-0.0322,0.0905,-0.0499,-0.003124727,-0.009073469
20171001,0.000764848,0.055923229,0.032107879,0.01658442,-0.016613866,0.008124393,0.029208614,0.037642782,0.039617143,-0.009556413,0.0162,-0.0062,0.0602,0.0023,-0.000742423,0.00193697
20171101,0.024839398,-0.00041118,-0.014586788,0.020875879,0.006499461,-0.015709285,0.001849726,0.056050019,0.00200342,-0.061347752,0.016,0.0025,0.0516,-0.0158,-0.003879817,-0.001054508
20171201,-0.026827426,0.055108004,0.041960502,0.048663727,0.043772149,0.016872697,0.024425084,-0.003334688,0.01814659,0.111281615,-0.0041,0.0218,0.0522,0.0414,0.007375487,0.003518666
20180101,-0.064227834,0.045227348,0.055365751,0.06919789,0.012722106,0.051848358,0.084554751,0.054137233,0.053655217,-0.000506819,0.1277,0.0327,0.078,0.0084,-0.012257305,-0.008502814
20180201,-0.036361415,-0.020078067,-0.036873202,-0.009104933,-0.053441367,-0.037374295,-0.10258917,-0.015126462,-0.04823441,-0.035573949,0.056,-0.0201,-0.0525,-0.0512,-0.024985425,-0.010520758
20180301,0.007515554,-0.008937323,-0.012446682,-0.004549467,-0.030284059,-0.00883357,-0.02072724,0.026018988,-0.022776014,-0.025323297,-0.0429,0.0053,0.0543,-0.0062,0.002733399,0.010096542
20180401,0.018966124,-0.032550843,-0.021644206,-0.016862695,-0.02641698,-0.021896337,0.05896724,-0.033187964,-0.017271539,-0.015616887,0.0781,-0.0073,0.0566,0.0055,-0.018485374,-0.003892101
20180501,-0.009750918,0.004638522,-0.000174091,0.024306705,-0.046796188,0.001899557,0.063609735,0.050981376,0.011603468,-0.042217226,-0.0321,-0.013,-0.022,0.0055,0.002343317,-0.001154409
20180601,-0.00583525,-0.015499519,-0.002124385,0.048843033,0.027408354,0.024862794,-0.007576619,0.03292164,0.009044821,0.009103736,0,-0.0349,0.11,-0.0182,-0.00796604,0.003467283
20180701,0.049119643,0.001895154,-0.004090014,0.012453028,0.031056594,0.028396519,0.005864312,0.010923619,-0.009552095,0.010995271,0.0357,-0.0233,-0.0687,-0.0375,0.010386681,-0.009125604
20180801,0.015064407,0.025133606,0.028837785,0.016439246,0.024043008,0.042788145,-0.022459217,0.019325597,0.004052887,0.035766518,-0.0344,-0.0186,0.0175,-0.0685,-0.00276434,0.002235336
20180901,-0.000984828,0.001237195,0.027539238,0.025758173,0.007691822,0.027187132,-0.000103979,0.01106599,0.004098798,0.020077301,0.0717,-0.0075,0.0462,0.0128,-0.004417897,-0.0131144
20181001,0.006534318,-0.054980719,-0.054104995,-0.068323038,-0.008652423,-0.019856325,-0.02799821,-0.047897041,-0.087499908,-0.02899325,0.0274,0.0188,-0.1193,-0.0269,-0.023492535,-0.016091186
20181101,0.011015288,-0.004582141,-0.042072058,-0.028731636,0.030437833,-0.004552464,-0.081140124,-0.05107291,-0.001511796,-0.036506661,-0.0495,0.0061,-0.2209,-0.0095,-0.006860946,0.003950763
20181201,0.004168907,-0.093427131,-0.072648398,-0.056238639,-0.054239661,-0.037613825,-0.094444388,-0.060274508,-0.062505892,-0.042762033,-0.1026,0.0498,-0.1107,0.095,0.012201696,0.00219644
20190101,-0.030349249,0.03610492,0.029106417,0.038624783,-0.021706086,-0.002172414,0.021527838,0.003471071,0.024664252,0.034346337,-0.0197,0.0299,0.1936,0.0382,0.033681998,0.014245256
20190201,0.047768726,0.04185404,0.095082069,0.037937776,0.045287962,0.036894841,0.047002466,0.081711956,0.039186139,0.041933292,0.0319,-0.0052,0.0601,-0.0302,-0.005059201,-0.00171066
20190301,0.034879341,-0.004846872,-0.004200095,0.020336549,0.016708552,-0.002502734,0.013752336,0.044133564,0.011195227,0.027416296,-0.1141,-0.0171,0.0567,-0.0156,0.026113928,0.01975111
20190401,-0.000926869,0.034482558,0.036273126,0.063744758,0.024779226,-0.019826484,0.020459007,0.065380834,0.040850226,0.045889178,0.0403,-0.0066,0.055,-0.0148,0.001343885,0.00221102
