Date,S1,S2,S3,S4,SH,L1,L2,L3,L4,L5,M1,M2,M3,M4,M5,N1,N2,N3,N4,N5,SMB,HML,MOM,UMD
19630701,0.0058,-0.0012,0.004,-0.0016,-0.016,-0.0214,0.0002,-0.0112,-0.0217,-0.0146,-0.0211,-0.021,-0.0112,-0.0242,-0.0207,-0.0108,-0.0185,-0.0244,-0.021,-0.0213,-0.0045,-0.0117,0.0103,-0.0044
19630801,0.0355,0.0187,0.0074,0.0214,0.0438,0.0515,0.044000000000000004,0.0425,0.0408,0.0798,0.0511,0.0437,0.0527,0.0444,0.049,0.0533,0.0458,0.059000000000000004,0.0677,0.0509,-0.0103,0.018000000000000002,0.011000000000000001,0.0502
19630901,-0.0297,0.0003,-0.0149,-0.0186,-0.0064,-0.0419,-0.0184,-0.0082,-0.0139,-0.0318,-0.0491,-0.0187,-0.0089,-0.0032,-0.0209,-0.0285,-0.0219,-0.0226,-0.0364,-0.0226,-0.0021,0.0008,0.0015,-0.0146
19631001,0.0107,-0.0083,0.0095,-0.002,0.0207,0.0091,0.0401,0.0202,0.0188,0.0365,0.0197,0.0022,0.024,0.0143,0.0078,-0.0055,0.0049,0.0212,0.0436,0.0034,-0.006999999999999999,-0.002,0.0312,0.0248
19631101,-0.0337,-0.0442,-0.018000000000000002,-0.0129,-0.0134,-0.0444,-0.0203,-0.0103,-0.0035,-0.0037,-0.0319,-0.018000000000000002,-0.0113,-0.0146,-0.0148,-0.0126,-0.0118,-0.0068,0.0054,0.0324,-0.0121,0.0162,-0.0076,-0.0083
19631201,-0.0323,-0.0065,-0.0105,-0.0195,-0.0133,-0.0097,-0.012,0.0079,0.0069,-0.0016,0.0032,0.0085,0.0127,0.0107,0.0018,-0.0045,0.0121,0.011000000000000001,0.0227,0.0585,-0.0217,0.0005,0.017,0.0188
19640101,0.0364,0.0266,0.0397,0.0383,0.0457,-0.0208,-0.0091,0.033,0.0122,0.0391,0.0021,0.0031,0.0216,0.0356,0.0291,-0.0064,0.0144,0.0107,0.0305,0.0302,-0.0027,0.0137,0.0106,0.0228
19640201,0.0287,0.0225,0.0191,0.0005,0.0427,0.0136,0.0148,0.0226,0.0176,0.0583,0.0005,0.0254,0.0159,0.0322,0.0375,0.0243,0.0092,0.0306,0.0732,0.0434,-0.0004,0.0279,0.0028,0.0146
19640301,0.0032,0.0097,0.018000000000000002,0.0324,0.0246,0.02,0.0294,0.033,0.054000000000000006,0.0582,-0.0095,0.0231,0.0429,0.0472,0.0641,0.0156,0.0233,0.0537,0.0606,0.0044,0.0094,0.0294,0.0077,0.0145
19640401,-0.0199,0.0213,-0.005,-0.0116,-0.0129,-0.0104,-0.0433,0.0021,-0.0177,-0.009000000000000001,-0.023,-0.0142,-0.0003,-0.0105,-0.0131,-0.0296,0.0047,0.0118,-0.0162,-0.0255,-0.0137,-0.0067,-0.0061,0.0017
19640501,-0.0166,-0.0119,0.0012,0.0008,0.0128,0.0285,0.0009,0.026000000000000002,0.0157,0.0351,-0.0073,0.0124,-0.0063,0.0111,0.0223,0.0092,0.0206,0.0105,0.0166,0.0384,-0.0075,0.0123,0.0262,0.0148
19640601,0.0161,-0.0005,0.0135,0.0051,0.0081,0.006,0.0139,0.012,0.0086,0.0188,0.0058,0.0192,0.0211,0.0201,0.0094,0.0086,0.0091,0.0111,0.0198,0.0279,-0.0031,0.0072,0.0049,0.0121
19640701,0.0054,0.0355,0.0294,0.0234,0.0444,0.0076,0.013000000000000001,0.0387,0.0284,0.0215,0.0212,0.0228,0.0282,0.0289,0.0094,0.0128,0.0333,0.0144,0.013000000000000001,0.0274,0.0032,0.0075,-0.003,0.0171
19640801,0.0093,-0.0218,-0.0203,-0.012,-0.0077,-0.0207,-0.0284,-0.0137,-0.002,-0.0194,-0.0311,-0.0104,0.0022,-0.0043,-0.023,-0.0137,0.0007,0.01,-0.003,-0.0094,-0.0009,0.0027,-0.002,-0.0141
19640901,0.0432,0.0377,0.0559,0.0246,0.0371,0.0326,0.02,0.0226,0.0181,0.0426,0.0111,0.0166,0.0291,0.0298,0.0343,0.0287,0.0277,0.0398,0.0438,0.0399,-0.0056,0.0172,-0.004,0.0277
19641001,0.0159,0.0006,0.0226,0.019,0.0309,-0.0177,0.0156,0.0182,0.0094,0.0119,0.0316,0.0318,0.015,0.0103,0.0243,0.0074,0.0079,0.0091,0.027000000000000003,0.0347,0.0037,0.0108,0.0015,0.006
19641101,-0.0044,-0.0069,0.0039,0.0045,0.0029,-0.0098,-0.0051,-0.0024,-0.0087,-0.0211,0.0121,0.0017,-0.0036,0.0019,-0.0012,0.0042,0.0113,-0.0127,-0.0089,-0.0502,0.0057,-0.0199,0.011000000000000001,0.0002
19641201,-0.0184,-0.0168,-0.0264,-0.0292,-0.0224,0.0112,-0.0024,0.0043,-0.019,-0.0185,-0.003,0.006,-0.0075,-0.0211,-0.012,0.0076,-0.0017,-0.0184,-0.0152,-0.0164,-0.0001,-0.0277,-0.006999999999999999,0.0006
19650101,0.0851,0.0555,0.0564,0.0693,0.0863,0.0738,0.0577,0.051,0.0543,0.0619,0.0497,0.0595,0.0502,0.055999999999999994,0.0669,0.063,0.037000000000000005,0.0511,0.0466,0.0653,0.0229,0.0057,-0.0139,0.0359
19650201,0.0147,0.0075,0.0229,0.0277,0.0315,0.0311,0.0376,0.0338,0.0305,0.0349,0.035,0.0461,0.0444,0.026000000000000002,0.0306,0.0111,0.0306,0.0343,0.026000000000000002,0.0136,0.0321,0.0034,0.0031,0.004
19650301,0.0143,0.0236,0.0091,0.0195,0.0289,0.0166,-0.0167,0.0041,0.0104,0.0021,-0.0047,-0.0072,-0.0072,0.012,0.0028,-0.0107,-0.0068,-0.0061,0.0009,0.0147,0.0186,0.0118,0.001,-0.0133
19650401,0.0429,0.0457,0.049,0.0375,0.0413,-0.0031,0.0436,0.0415,0.0436,0.047,0.0244,0.0268,0.0398,0.031,0.0651,0.0258,0.0279,0.0438,0.040999999999999995,0.0182,0.0113,0.0061,0.0256,0.0305
19650501,-0.0071,-0.0264,-0.0184,-0.0073,-0.0146,0.0093,-0.0162,-0.0116,-0.0066,-0.0248,-0.0074,0.0004,-0.0179,-0.0111,-0.0093,-0.0128,-0.004,-0.017,-0.006999999999999999,-0.037000000000000005,0.0008,-0.015,0.0054,-0.0075
19650601,-0.1258,-0.1105,-0.0981,-0.0832,-0.0987,-0.1069,-0.0869,-0.0936,-0.0878,-0.0848,-0.0709,-0.0961,-0.0879,-0.0884,-0.0871,-0.0689,-0.0696,-0.0811,-0.0893,-0.0877,-0.0406,0.0031,-0.0316,-0.0554
19650701,0.0206,0.0352,0.0291,0.0206,0.0393,0.0352,0.0097,0.0247,0.0338,0.0404,0.0079,0.042,0.0218,0.0408,0.0442,0.024,0.0278,0.0374,0.0262,0.0611,0.006999999999999999,0.0219,0.0407,0.0136
19650801,0.0227,0.0506,0.0513,0.0354,0.0358,0.0725,0.0357,0.0442,0.042,0.0373,0.07400000000000001,0.0484,0.0721,0.0321,0.0591,0.038,0.0321,0.0511,0.0273,0.0455,0.0281,-0.0087,0.0255,0.0276
19650901,0.027000000000000003,0.068,0.0054,0.0369,0.0277,0.052000000000000005,0.0318,0.0276,0.0443,0.0247,0.0213,0.0424,0.0216,0.0484,0.0429,0.0342,0.0319,0.0144,0.0239,0.0374,0.0031,0.0,0.0329,0.0288
19651001,0.0551,0.0865,0.061,0.0532,0.0868,0.0453,0.0553,0.0362,0.0522,0.0505,0.0438,0.0465,0.0547,0.0505,0.0503,0.0391,0.022000000000000002,0.0299,0.0386,0.0834,0.0253,0.0184,0.0342,0.0262
19651101,0.0333,0.0597,0.0269,0.0756,0.0617,0.0105,0.0501,0.0392,0.0504,0.0381,0.0357,0.0316,0.0498,0.0249,0.024,0.0304,0.0186,0.0347,0.0105,0.0529,0.0453,0.004,0.0441,-0.0005
19651201,0.0622,0.0654,0.0258,0.0369,0.0451,0.0336,0.0465,0.0392,0.0219,0.0654,0.0219,0.0111,0.0332,0.0166,0.0517,0.0086,0.0101,0.0093,0.0414,0.0519,0.0197,0.0206,0.0012,0.0102
19660101,0.0581,0.0628,0.0747,0.0894,0.091,0.0413,0.0502,0.0491,0.047,0.0624,0.0422,0.022000000000000002,0.0237,0.0432,0.059000000000000004,0.0025,0.0111,0.0464,0.0389,0.0584,0.0392,0.0345,0.0539,0.0083
19660201,0.0609,0.0592,0.0101,0.0439,0.0562,0.0478,0.0493,0.0156,-0.0045,0.0307,-0.0039,0.0164,0.0382,0.0228,0.0228,0.0195,-0.0251,0.0041,0.0014,0.0217,0.0455,0.006999999999999999,0.0453,-0.0121
19660301,-0.0006,-0.0131,-0.0201,-0.0128,-0.0149,0.0003,-0.0223,-0.0247,-0.0396,-0.0213,-0.0201,-0.0513,-0.0259,-0.0387,-0.0414,-0.0047,-0.0261,-0.0388,-0.0305,-0.0326,0.0097,-0.0197,0.0137,-0.0247
19660401,0.0972,0.04,0.0581,0.0643,0.0334,0.0277,0.0485,0.0333,0.0731,0.0825,0.0317,0.0384,0.0283,0.0376,0.025,0.0368,0.0141,0.0345,0.0431,0.0076,0.0335,-0.0048,0.0615,0.0214
19660501,-0.1275,-0.1322,-0.1121,-0.11,-0.1201,-0.1027,-0.1052,-0.0928,-0.1028,-0.0945,-0.0615,-0.0776,-0.0829,-0.1045,-0.1014,-0.0551,-0.0545,-0.0759,-0.0902,-0.1092,-0.0422,-0.02,-0.047,-0.0566
19660601,-0.0133,-0.0048,0.0048,0.0131,-0.0008,0.0111,-0.0002,-0.0011,-0.0105,-0.0016,-0.0069,-0.0067,0.0213,-0.0063,-0.0111,-0.0145,-0.0183,-0.0056,0.0341,0.0046,0.0106,0.0061,0.0334,-0.0141
19660701,-0.0234,-0.0231,-0.0279,-0.0028,-0.0139,-0.0386,-0.0129,-0.0146,-0.0198,-0.0204,-0.0132,-0.022000000000000002,-0.0113,-0.0144,-0.0163,-0.0135,-0.0172,-0.0226,-0.0298,-0.0226,-0.0022,0.0088,-0.0138,-0.0164
19660801,-0.1207,-0.1127,-0.1029,-0.1119,-0.1084,-0.1362,-0.1065,-0.0996,-0.1016,-0.1132,-0.1099,-0.0913,-0.0853,-0.102,-0.0919,-0.0977,-0.0808,-0.083,-0.0732,-0.1053,-0.0324,0.0036,-0.021,-0.0795
19660901,-0.0209,-0.0274,-0.0199,-0.023,-0.0159,-0.0242,0.0044,-0.0259,-0.0227,-0.0249,-0.0266,-0.05,-0.0013,-0.0089,-0.0149,-0.0133,-0.0025,-0.013999999999999999,-0.0361,-0.0042,-0.011000000000000001,0.0056,-0.0176,-0.011000000000000001
19661001,-0.0841,-0.0513,-0.0502,-0.0142,-0.0193,-0.0608,-0.0089,-0.0138,-0.0026,-0.0066,-0.025,0.0119,0.0275,0.0436,0.012,-0.0007,0.0452,0.0329,0.0349,0.0103,-0.0673,0.028999999999999998,-0.0513,0.0378
19661101,0.0832,0.0267,0.0425,0.0181,0.0329,0.0733,0.0231,0.0721,0.0135,0.0226,0.0942,0.0634,0.0068,0.0422,0.0009,0.0796,0.0088,0.0089,0.0152,0.0071,0.0415,-0.0458,0.057,0.0135
19661201,0.0376,0.021,0.021,0.0053,-0.0028,0.0434,0.0264,0.0067,0.017,0.0031,0.0264,0.0295,0.0041,0.0269,-0.0088,0.0277,0.0191,0.0119,0.0328,0.0179,0.0183,-0.0132,0.0108,0.0022
19670101,0.19,0.2083,0.1898,0.1974,0.1714,0.1654,0.1561,0.1757,0.1693,0.2,0.1676,0.1339,0.1203,0.1292,0.1394,0.0938,0.0625,0.1002,0.1053,0.129,0.0804,0.0221,-0.0676,0.0812
19670201,0.0687,0.0525,0.05,0.042,0.0559,0.0287,0.0162,0.0216,0.0259,0.0127,0.0153,0.0159,0.0151,0.0041,0.0049,0.0251,-0.0077,-0.0055,0.0073,0.0004,0.034,-0.0223,0.0356,0.0074
19670301,0.0665,0.0585,0.0458,0.0709,0.0484,0.065,0.0551,0.0701,0.0606,0.0585,0.0521,0.0517,0.0426,0.0735,0.0393,0.0531,0.0388,0.0537,0.0409,0.0532,0.0154,0.0044,0.0143,0.0395
19670401,0.0642,0.0418,0.0299,0.0369,0.033,0.028999999999999998,0.0332,0.0488,0.035,0.03,0.052000000000000005,0.0414,0.0284,0.0515,0.026000000000000002,0.0638,0.0266,0.0395,0.0301,0.0292,0.0062,-0.0265,0.0062,0.0384
19670501,0.0002,0.0054,-0.0148,-0.0125,-0.0093,-0.0158,0.0045,-0.0002,-0.028999999999999998,-0.0385,-0.0348,-0.019,-0.0212,-0.0025,-0.0212,-0.026000000000000002,-0.0088,-0.0244,-0.0169,-0.0091,0.0205,0.0096,0.0058,-0.0426
19670601,0.1547,0.0945,0.1174,0.1193,0.0984,0.0996,0.0592,0.0703,0.0923,0.0562,0.0453,0.0794,0.0375,0.0427,0.0341,0.0274,0.0203,0.0346,0.0646,0.0609,0.0575,0.012,0.0603,0.0242
19670701,0.0917,0.0961,0.0931,0.067,0.1171,0.0585,0.065,0.0918,0.0921,0.0793,0.0506,0.0485,0.0561,0.0687,0.1105,0.0439,0.0448,0.0483,0.0682,0.0881,0.0306,0.0246,-0.0107,0.046
19670801,-0.0116,0.0045,0.0001,0.0007,0.0179,-0.0149,-0.0162,0.0037,0.0009,0.0079,-0.0334,0.0075,0.0091,0.0091,-0.0061,-0.0124,-0.0123,-0.0095,0.008,0.0362,0.0046,0.0135,-0.0142,-0.0093
19670901,0.1096,0.0946,0.08,0.073,0.0455,0.048,0.0557,0.0675,0.0518,0.027999999999999997,0.0534,0.0196,0.0246,0.0432,0.0235,0.0322,0.0124,0.021,0.0315,0.0009,0.0303,-0.0247,0.0254,0.0311
19671001,0.0157,-0.0445,-0.0228,-0.0211,-0.0315,-0.0116,-0.0265,0.0025,-0.0292,-0.0545,-0.0389,-0.0169,-0.0373,-0.0321,-0.0282,-0.0526,-0.0557,-0.0588,-0.0294,-0.0557,0.0165,-0.034,0.0363,-0.0313
19671101,-0.0141,0.0321,-0.0145,-0.0154,-0.0162,0.0072,0.0022,0.0208,-0.0015,-0.0024,0.0233,0.0025,0.003,-0.0063,-0.0128,0.0295,0.0018,-0.0031,-0.0046,-0.0091,0.0021,-0.0191,0.0129,0.0043
19671201,0.1289,0.1035,0.084,0.0966,0.0953,0.1206,0.0595,0.0854,0.0689,0.0879,0.0736,0.0576,0.053,0.0536,0.0677,0.0133,0.0218,0.0388,0.042,0.0367,0.059000000000000004,-0.0058,0.0322,0.0304
19680101,0.0279,0.0214,0.0256,0.0297,0.0567,-0.0496,-0.0255,-0.0091,0.0073,0.0215,-0.0726,-0.0142,-0.0106,-0.0113,0.0238,-0.0838,0.0008,-0.0346,-0.0025,-0.0113,0.0357,0.0405,-0.0465,-0.0403
19680201,-0.1051,-0.0742,-0.0574,-0.0775,-0.055999999999999994,-0.0711,-0.0662,-0.0931,-0.0372,-0.0603,-0.0727,-0.0434,-0.0308,-0.027999999999999997,-0.0496,-0.0583,-0.0373,-0.0302,-0.0538,-0.0462,-0.0254,0.0088,-0.0339,-0.0375
19680301,-0.019,-0.004,-0.0069,-0.0256,-0.0037,-0.0076,-0.0232,-0.0055,-0.0152,-0.0102,0.0163,-0.0076,-0.0271,0.0035,-0.0056,-0.0016,-0.0048,-0.0171,-0.0016,-0.0036,-0.0172,-0.0022,0.0317,0.0013
19680401,0.2114,0.1736,0.1582,0.162,0.1486,0.1854,0.1246,0.1729,0.11800000000000001,0.1222,0.157,0.1095,0.0771,0.1026,0.1736,0.1224,0.0679,0.08199999999999999,0.1163,0.1109,0.057999999999999996,-0.0153,0.0512,0.0898
19680501,0.0992,0.1231,0.1007,0.1135,0.1141,0.1145,0.0726,0.0738,0.0713,0.0656,0.0834,0.0422,0.0441,0.0444,0.0654,0.0402,0.0409,0.0229,0.0233,0.0583,0.0623,0.0111,0.0376,0.0225
19680601,-0.0167,-0.0055,0.0126,0.0126,-0.0004,-0.0157,0.013000000000000001,-0.0179,0.0109,-0.0014,-0.0243,0.0242,0.0297,0.015,0.0098,-0.0056,0.0387,0.0329,0.0245,-0.0292,-0.0035,0.0076,-0.0188,0.0072
19680701,-0.0532,-0.0516,-0.0381,-0.0203,0.0026,-0.0935,-0.0448,-0.0238,-0.0059,-0.0081,-0.0639,-0.0414,-0.0422,-0.0124,-0.0067,-0.0595,-0.0404,-0.0414,-0.0183,-0.0269,-0.0152,0.0557,-0.009000000000000001,-0.0268
19680801,0.0399,0.0547,0.038,0.0437,0.042,0.0115,0.0297,0.0336,0.0102,0.0676,0.0256,0.0266,0.027000000000000003,0.0176,0.0454,0.0145,0.008,0.0159,0.0151,0.0276,0.0245,0.0092,0.0188,0.0138
19680901,0.0671,0.0807,0.0637,0.0551,0.0575,0.0666,0.0592,0.068,0.0542,0.0576,0.0707,0.0579,0.027999999999999997,0.0573,0.0595,0.0611,0.0563,0.0481,0.0593,0.0526,0.0295,0.0015,-0.0059,0.0402
19681001,-0.0232,-0.0041,0.0105,0.0005,0.0136,-0.0074,0.0028,0.0158,0.0162,0.004,-0.0065,0.0212,0.0258,0.0223,0.0036,-0.0076,0.0006,0.0181,0.0037,0.0208,-0.0046,0.0279,-0.0144,0.0046
19681101,0.0611,0.0716,0.0586,0.0625,0.0657,0.0966,0.0868,0.0741,0.0888,0.055,0.0794,0.0665,0.0765,0.0901,0.073,0.0642,0.0749,0.0676,0.0671,0.0806,0.0219,-0.0083,0.0173,0.0543
19681201,0.0403,0.0177,0.0028,-0.0085,0.0013,-0.0053,0.0017,-0.0186,-0.0376,-0.0392,-0.0304,-0.044000000000000004,-0.017,-0.0027,-0.0328,-0.044000000000000004,-0.0495,-0.0422,-0.0185,-0.0095,0.0364,-0.0013,0.0028,-0.0382
19690101,-0.013000000000000001,-0.0259,-0.0288,-0.0185,-0.0188,-0.0322,-0.0156,-0.0189,0.0078,0.0003,-0.0391,-0.0163,-0.0136,-0.0136,-0.0174,-0.0263,-0.0022,-0.005,-0.0114,0.0075,-0.0091,0.0144,-0.0015,-0.012
19690201,-0.1291,-0.1115,-0.094,-0.0928,-0.09,-0.1151,-0.0853,-0.0503,-0.0808,-0.0794,-0.0985,-0.0878,-0.0656,-0.0746,-0.0624,-0.086,-0.08,-0.0526,-0.0787,-0.0926,-0.0389,0.009000000000000001,-0.0242,-0.0582
19690301,0.0275,0.021,0.028999999999999998,0.0381,0.0183,0.0376,0.0121,0.0177,0.0013,0.0476,0.0152,0.0193,0.0014,0.0227,0.0225,0.0431,-0.0261,0.0243,0.0099,0.0306,0.0,-0.0067,0.0402,0.0259
19690401,0.0072,-0.0106,0.0044,0.0199,-0.0047,0.0103,0.0063,0.0057,-0.0087,0.0405,0.0178,-0.0049,-0.0018,0.0146,-0.0006,0.0222,0.0182,0.0014,-0.0198,0.0159,-0.01,0.0014,0.0116,0.0152
19690501,0.0033,0.0046,0.0027,0.0039,-0.0017,-0.0243,-0.0198,-0.0126,-0.0078,0.0002,-0.0043,-0.0005,0.0077,0.0107,-0.0234,-0.0075,-0.0143,0.0198,-0.0015,-0.0279,0.0014,0.0065,0.0163,0.0002
19690601,-0.1481,-0.1334,-0.1381,-0.133,-0.1261,-0.1267,-0.1153,-0.0965,-0.109,-0.1157,-0.10800000000000001,-0.0988,-0.1177,-0.1026,-0.0953,-0.0762,-0.0925,-0.0856,-0.0789,-0.0885,-0.053,-0.0109,-0.0228,-0.0725
19690701,-0.1379,-0.1163,-0.1165,-0.1088,-0.0845,-0.1113,-0.1039,-0.0897,-0.0713,-0.08900000000000001,-0.1051,-0.113,-0.0701,-0.0667,-0.0815,-0.0716,-0.087,-0.0763,-0.0607,-0.0721,-0.032,0.0126,0.017,-0.0705
19690801,0.0436,0.0433,0.0471,0.0268,0.0226,0.0669,0.0604,0.034,0.028999999999999998,0.0216,0.0914,0.0798,0.0651,0.0205,0.051,0.0942,0.0511,0.0422,0.0308,0.0187,0.008,-0.0376,0.0217,0.0465
19690901,-0.0345,-0.0551,-0.057,-0.028999999999999998,-0.0407,0.0069,-0.0133,-0.0239,-0.0154,-0.0204,-0.0048,-0.0055,-0.0215,-0.0351,-0.0423,-0.0004,-0.0223,-0.0291,-0.0358,-0.0439,0.0106,-0.0318,0.025,-0.0288
19691001,0.1398,0.1177,0.0854,0.0734,0.0573,0.1031,0.0762,0.0645,0.0542,0.0636,0.084,0.0618,0.0678,0.0763,0.0628,0.0835,0.0706,0.0729,0.0561,0.0475,0.036000000000000004,-0.0324,-0.0432,0.0496
19691101,-0.0913,-0.0799,-0.0668,-0.065,-0.079,-0.04,-0.0618,-0.0365,-0.0565,-0.0584,-0.0519,-0.0488,-0.0717,-0.0404,-0.0606,-0.0265,-0.0433,-0.0378,-0.0582,-0.067,-0.0263,-0.01,0.0364,-0.0374
19691201,-0.0876,-0.0829,-0.0642,-0.08900000000000001,-0.0928,-0.0468,-0.0659,-0.0801,-0.0665,-0.0652,-0.0373,-0.0227,-0.048,-0.0556,-0.0573,-0.0022,-0.0495,-0.0255,-0.0242,-0.0406,-0.0406,-0.0289,0.0498,-0.0261
19700101,-0.0491,-0.0453,-0.0485,-0.0302,-0.005,-0.0753,-0.0701,-0.0248,-0.0454,-0.0239,-0.1025,-0.0709,-0.0861,-0.0468,-0.04,-0.0853,-0.1203,-0.0816,-0.0676,-0.0599,0.0296,0.0298,0.0061,-0.0793
19700201,0.0164,0.0292,0.0317,0.0251,0.0365,0.0235,0.0228,0.0183,0.0797,0.0641,0.0357,0.0149,0.052000000000000005,0.0514,0.0674,0.0369,0.0439,0.057999999999999996,0.0828,0.0607,-0.0268,0.0406,0.0018,0.0505
19700301,-0.069,-0.0552,-0.0318,-0.0023,-0.0184,-0.0664,-0.0351,-0.0051,-0.0088,0.0015,-0.0441,-0.0108,-0.0177,0.0137,0.0051,-0.0471,-0.0033,0.0061,0.0033,0.0236,-0.0224,0.0412,-0.0027,-0.0104
19700401,-0.2476,-0.1921,-0.1528,-0.1327,-0.1241,-0.2259,-0.1769,-0.1489,-0.11699999999999999,-0.11599999999999999,-0.2101,-0.1436,-0.1388,-0.0929,-0.113,-0.1617,-0.1552,-0.1014,-0.1015,-0.0985,-0.0606,0.0625,-0.0069,-0.1103
19700501,-0.1056,-0.1069,-0.0967,-0.0835,-0.1095,-0.132,-0.0899,-0.1102,-0.0876,-0.0865,-0.1169,-0.1133,-0.1367,-0.0755,-0.0809,-0.1151,-0.10400000000000001,-0.0802,-0.0796,-0.0874,-0.0455,0.0308,-0.0263,-0.0696
19700601,-0.1281,-0.0949,-0.0769,-0.0875,-0.0652,-0.11,-0.0744,-0.0848,-0.0778,-0.0663,-0.0909,-0.0462,-0.0762,-0.0531,-0.0756,-0.0307,-0.0614,-0.0406,-0.0372,-0.1044,-0.0199,0.0051,0.0576,-0.0569
19700701,0.046,0.0456,0.0468,0.0617,0.0314,0.064,0.0701,0.0468,0.1014,0.0728,0.0743,0.0585,0.0903,0.05,0.064,0.0556,0.0896,0.0804,0.0854,0.105,-0.0067,0.0077,-0.0312,0.069
19700801,0.0496,0.0589,0.0623,0.062,0.0586,0.0922,0.0868,0.0578,0.0703,0.0401,0.0522,0.0727,0.0609,0.0474,0.0644,0.0386,0.0777,0.0314,0.044000000000000004,0.0631,0.0158,0.0116,-0.0646,0.0447
19700901,0.2141,0.1607,0.155,0.111,0.1131,0.1755,0.1797,0.1005,0.0655,0.0904,0.1474,0.0935,0.0852,0.0446,0.0562,0.0897,0.0568,0.0431,0.0342,0.0729,0.0866,-0.0554,-0.0891,0.0421
19701001,-0.1157,-0.0774,-0.1156,-0.0669,-0.054000000000000006,-0.0493,-0.084,-0.0654,-0.0441,-0.0485,-0.0617,-0.0483,-0.066,-0.0304,-0.0407,-0.0299,-0.0394,-0.0393,-0.0378,-0.0675,-0.043,0.0056,0.0955,-0.0228
19701101,-0.0508,-0.0262,-0.025,-0.0009,-0.0016,0.0037,0.0084,0.0245,0.0513,0.0339,0.0245,0.0275,0.0407,0.0454,0.016,0.0442,0.0252,0.0582,0.0845,0.0412,-0.0413,0.018000000000000002,0.0286,0.0458
19701201,0.0656,0.07200000000000001,0.1003,0.1116,0.1038,0.0826,0.0781,0.08,0.0891,0.0905,0.0564,0.0929,0.102,0.0752,0.0763,0.0562,0.1022,0.0813,0.0904,0.07400000000000001,0.0285,0.0112,-0.0221,0.0565
19710101,0.1468,0.1343,0.1577,0.1362,0.1554,0.0716,0.1266,0.1248,0.1059,0.1231,0.0795,0.0817,0.1067,0.0739,0.0745,0.0493,0.0667,0.0471,0.0762,0.1359,0.0749,0.0136,-0.066,0.0482
19710201,0.0775,0.0701,0.0546,0.0299,0.037000000000000005,0.0368,0.033,0.0235,0.0128,0.0056,0.0366,0.0146,0.0208,0.0088,0.0146,0.034,0.0254,0.0007,0.0289,0.0076,0.0182,-0.0116,0.0078,0.0136
19710301,0.0771,0.0454,0.0777,0.0633,0.0472,0.0765,0.0644,0.0525,0.0411,0.0108,0.1009,0.0901,0.0317,0.0294,0.0486,0.0643,0.0589,0.0436,0.0195,0.0345,0.0247,-0.0351,-0.0134,0.0418
19710401,0.0056,0.0311,0.0162,0.0239,0.0151,0.0195,0.0221,0.0218,0.0311,0.0666,0.0599,0.0421,0.0464,0.018000000000000002,0.0569,0.0286,0.0275,0.016,0.0317,0.0903,-0.0081,0.0077,0.0145,0.0305
19710501,-0.0683,-0.0532,-0.0758,-0.0517,-0.0656,-0.0375,-0.057999999999999996,-0.0563,-0.0452,-0.0475,-0.0481,-0.0295,-0.0521,-0.0395,-0.0379,-0.0235,-0.0376,-0.0458,-0.0327,-0.0469,-0.0113,-0.0105,0.009000000000000001,-0.0393
19710601,-0.0092,-0.0398,-0.0296,-0.0141,-0.0231,0.0366,-0.0267,-0.0003,-0.0222,-0.0373,-0.0198,0.0144,-0.0181,-0.0227,-0.0198,0.0096,0.0075,0.0189,0.0068,-0.044000000000000004,-0.0181,-0.0153,0.0276,-0.0006
19710701,-0.0896,-0.0861,-0.0774,-0.063,-0.0633,-0.0677,-0.0522,-0.0453,-0.0692,-0.0614,-0.0842,-0.0491,-0.0342,-0.0566,-0.0657,-0.0388,-0.0468,-0.0417,-0.0453,-0.0833,-0.0132,-0.001,-0.0233,-0.0443
19710801,0.0284,0.0389,0.0249,0.0398,0.0525,0.034,0.0676,0.032,0.055,0.0714,0.0608,0.0431,0.0148,0.0671,0.0809,0.0644,0.0374,0.0185,0.0301,0.0866,-0.0031,0.0285,0.0353,0.0378
19710901,0.0101,0.0164,-0.0043,-0.0095,-0.0279,0.018000000000000002,-0.0154,-0.0234,-0.0202,-0.0319,0.0076,-0.0001,-0.0127,-0.0144,-0.0383,0.015,-0.0119,-0.0086,-0.0048,-0.0524,0.0051,-0.0303,0.0208,-0.0087
19711001,-0.0809,-0.0722,-0.0759,-0.0471,-0.0763,-0.0626,-0.0578,-0.0378,-0.0471,-0.0703,-0.0835,-0.0665,-0.0338,-0.0488,-0.0622,-0.0371,-0.0353,-0.0275,-0.059000000000000004,-0.0726,-0.0192,-0.0046,0.0052,-0.0444
19711101,-0.0373,-0.0608,-0.0433,-0.0482,-0.059000000000000004,-0.0201,-0.0287,-0.0199,-0.0298,-0.0305,-0.0229,-0.0143,-0.0126,-0.0499,-0.0573,0.0012,-0.0238,-0.0281,0.0017,-0.0484,-0.0275,-0.0193,0.0145,-0.005
19711201,0.1424,0.135,0.1054,0.1138,0.1291,0.1261,0.1354,0.1268,0.1071,0.1229,0.1374,0.092,0.0968,0.1131,0.1266,0.1181,0.0934,0.0864,0.0752,0.1256,0.0305,0.0026,-0.0062,0.0876
19720101,0.1277,0.1308,0.1088,0.1072,0.1458,0.0922,0.0603,0.0563,0.0632,0.1041,0.0577,0.0364,0.025,0.0573,0.0797,0.0258,0.0157,0.0133,0.0284,0.0729,0.0634,0.0189,0.0028,0.0255
19720201,0.027000000000000003,0.0488,0.0365,0.0425,0.0327,0.0492,0.0406,0.0405,0.0138,0.0382,0.0663,0.0365,0.0214,-0.0067,0.0142,0.054000000000000006,0.0143,-0.0001,0.018000000000000002,0.0011,0.0138,-0.0244,0.0255,0.0288
19720301,0.0266,-0.0034,-0.0221,-0.017,-0.0076,0.0179,0.0128,-0.0122,-0.0027,-0.0186,0.0217,0.0092,0.0176,-0.0009,-0.02,0.0085,-0.0056,0.0261,0.0144,0.0043,-0.0043,-0.0145,0.0292,0.006
19720401,-0.0151,0.0022,-0.0156,0.0126,0.0071,-0.0045,0.0035,0.02,0.018000000000000002,0.0138,0.013000000000000001,-0.0095,-0.0066,0.006999999999999999,0.0035,-0.0097,-0.0113,-0.0046,0.0086,0.0356,-0.0005,0.0053,0.0267,0.0026
19720501,-0.0173,-0.0173,-0.0465,-0.0244,-0.026000000000000002,-0.0086,-0.0188,-0.0225,-0.0372,-0.0178,0.0092,-0.0207,0.0026,-0.0133,-0.0382,0.032,-0.0179,-0.0185,-0.0048,-0.0039,-0.0267,-0.0303,0.0329,0.0134
19720601,-0.0454,-0.0506,-0.0394,-0.0332,-0.0396,-0.0486,-0.0223,-0.0186,-0.0171,0.0043,-0.0041,-0.02,-0.0436,-0.0459,-0.062,-0.0454,-0.0207,-0.0253,-0.0471,-0.0789,0.0031,-0.0226,0.0194,-0.0238
19720701,-0.07400000000000001,-0.051,-0.0451,-0.0369,-0.0311,-0.0558,-0.0509,-0.0372,-0.0226,-0.0412,-0.0356,-0.0177,-0.0368,-0.0085,-0.0136,-0.0384,-0.0452,-0.0235,-0.0043,-0.024,-0.0288,0.0045,0.0281,-0.0074
19720801,-0.02,-0.0283,0.0036,-0.0044,0.02,-0.0091,-0.0188,0.0184,0.0149,0.0429,0.0001,0.0196,0.0273,0.0496,0.0323,-0.0032,0.0236,0.0471,0.0493,0.0677,-0.0404,0.0443,-0.0537,0.0331
19720901,-0.0525,-0.0513,-0.0506,-0.0415,-0.0448,-0.0385,-0.039,-0.0249,-0.025,-0.0391,-0.0203,-0.0285,-0.0144,-0.0221,-0.0316,-0.0215,-0.0373,-0.0079,-0.0271,-0.0434,-0.0296,0.0042,0.018000000000000002,-0.0111
19721001,-0.037000000000000005,-0.0372,-0.0321,-0.0238,-0.0229,-0.0444,-0.0077,0.0115,0.003,-0.0115,-0.0312,-0.0119,0.0091,0.0033,-0.001,-0.0203,-0.0083,0.0103,0.0191,-0.0134,-0.027000000000000003,0.0115,0.0074,0.0047
19721101,-0.0082,0.0373,0.0433,0.055999999999999994,0.0558,0.0415,0.045,0.0679,0.0427,0.0721,0.0266,0.037000000000000005,0.0622,0.0711,0.0687,0.0625,0.0746,0.0638,0.0656,0.1068,-0.01,0.0477,-0.0518,0.0461
19721201,-0.0227,-0.0266,-0.0358,-0.0289,-0.0185,-0.0099,-0.0307,-0.0003,-0.038,-0.0275,0.0063,-0.0069,-0.0105,-0.013999999999999999,-0.0298,0.0019,-0.0144,-0.0095,-0.0215,-0.0478,-0.0197,-0.0235,0.0499,0.0075
19730101,-0.0855,-0.0543,-0.0319,-0.0406,-0.0182,-0.1096,-0.0611,-0.0739,-0.0364,-0.0589,-0.0793,-0.0781,-0.0643,-0.0411,-0.0583,-0.0686,-0.0781,-0.0602,-0.0388,-0.0465,-0.0348,0.0263,0.0368,-0.0321
19730201,-0.1425,-0.0925,-0.0884,-0.087,-0.0632,-0.1424,-0.0852,-0.0799,-0.0633,-0.0589,-0.1135,-0.0866,-0.083,-0.0332,-0.0748,-0.0866,-0.0794,-0.0483,-0.0407,-0.0249,-0.0375,0.0181,0.0216,-0.0486
19730301,-0.0722,-0.0482,-0.0297,-0.0142,-0.0222,-0.0586,-0.0279,-0.0309,-0.0247,-0.0059,-0.0535,-0.0473,-0.0252,-0.023,-0.0019,-0.0438,-0.0456,-0.0247,-0.0259,0.0038,-0.028999999999999998,0.0249,0.0361,-0.0125
19730401,-0.1227,-0.1023,-0.0719,-0.0696,-0.0587,-0.1459,-0.0999,-0.0636,-0.0495,-0.0514,-0.1175,-0.0685,-0.0439,-0.04,-0.0463,-0.1142,-0.0871,-0.0322,-0.0343,-0.0513,-0.0417,0.0533,0.0632,-0.0569
19730501,-0.1154,-0.1144,-0.0932,-0.0824,-0.0864,-0.1184,-0.096,-0.0806,-0.0707,-0.0948,-0.094,-0.0853,-0.0533,-0.0327,-0.0718,-0.0756,-0.0821,-0.028999999999999998,-0.0296,-0.0503,-0.0595,0.0031,0.0711,-0.0296
19730601,-0.0531,-0.0468,-0.0507,-0.0342,-0.0282,-0.0731,-0.047,-0.0331,-0.0247,-0.0205,-0.07,-0.0322,-0.0235,-0.0142,-0.0368,-0.051,-0.0452,-0.0336,-0.015,-0.0423,-0.028999999999999998,0.0142,0.0434,-0.0138
19730701,0.1827,0.153,0.1147,0.1295,0.09699999999999999,0.2154,0.136,0.1055,0.0643,0.0926,0.1861,0.0894,0.063,0.0128,0.0707,0.1467,0.087,0.0598,0.0255,0.0828,0.0802,-0.0508,-0.1157,0.0507
19730801,-0.0617,-0.0741,-0.0648,-0.0676,-0.0527,-0.0355,-0.0817,-0.0549,-0.0568,-0.0464,-0.0372,-0.0483,-0.0479,-0.0318,-0.0165,-0.0318,-0.0167,-0.024,-0.0372,-0.0081,-0.0205,0.0132,0.0348,-0.0367
19730901,0.1118,0.109,0.0619,0.0722,0.0627,0.102,0.1094,0.1045,0.0646,0.0962,0.1054,0.0921,0.0912,0.08,0.0987,0.0923,0.1101,0.1059,0.0899,0.0984,0.0298,0.0168,-0.0723,0.0472
19731001,-0.032,-0.0019,0.0021,-0.0046,0.0067,-0.0395,-0.0303,0.0071,0.0051,0.0074,-0.0453,0.0158,0.0001,-0.0085,0.0062,-0.0325,-0.0211,0.0098,-0.0089,0.0115,-0.0031,0.0174,0.0679,-0.0068
19731101,-0.2545,-0.221,-0.1972,-0.1735,-0.185,-0.2391,-0.2097,-0.1946,-0.1642,-0.1638,-0.2332,-0.1875,-0.1652,-0.1283,-0.1617,-0.2074,-0.1784,-0.1465,-0.1265,-0.154,-0.077,0.0386,0.0869,-0.1265
19731201,-0.0438,-0.0544,-0.0484,-0.0365,-0.048,-0.0137,-0.0472,-0.0128,-0.0179,-0.015,-0.0212,0.0033,-0.0011,0.0036,0.0203,-0.0062,0.0219,0.0633,0.0227,0.0598,-0.0536,0.0353,0.1033,0.005
19740101,0.0956,0.1372,0.1408,0.1194,0.1807,0.0403,0.0995,0.0868,0.1009,0.1269,0.046,0.0371,0.0784,0.0682,0.1043,-0.0225,0.0139,0.0234,0.0716,0.0485,0.0971,0.0602,-0.0889,-0.0019
19740201,-0.0092,-0.0132,-0.0097,-0.006999999999999999,0.005,-0.0027,0.0136,0.0053,0.0105,0.0353,-0.0313,-0.0097,0.0119,-0.0007,0.0157,-0.0295,0.0029,0.0142,0.0119,0.0288,-0.001,0.0286,0.0013,-0.0035
19740301,-0.0029,-0.0141,0.0,0.0076,0.0139,-0.0218,0.01,-0.0212,-0.0148,0.0009,-0.0235,-0.0145,-0.0352,-0.0199,-0.0161,-0.0318,-0.0424,-0.0526,-0.0337,-0.0277,0.0248,-0.003,-0.009000000000000001,-0.028999999999999998
19740401,-0.055,-0.0653,-0.0594,-0.0627,-0.0473,-0.0903,-0.0709,-0.0658,-0.0454,-0.0417,-0.0692,-0.0813,-0.0487,-0.0676,-0.033,-0.076,-0.0767,-0.0668,-0.0726,-0.0239,-0.0085,0.01,0.0215,-0.0535
19740501,-0.0901,-0.0802,-0.08900000000000001,-0.0757,-0.0672,-0.0728,-0.0851,-0.0831,-0.0794,-0.0805,-0.0781,-0.1013,-0.0728,-0.0776,-0.0919,-0.0699,-0.0971,-0.0632,-0.068,-0.0793,-0.0282,-0.0192,-0.0038,-0.0495
19740601,-0.0412,-0.0392,-0.0278,-0.0298,-0.0208,-0.0446,-0.0419,-0.0338,-0.0124,-0.0106,-0.051,-0.0307,-0.0408,-0.0515,-0.0103,-0.0371,-0.0437,-0.0318,-0.0519,-0.0503,-0.001,0.0067,0.0233,-0.0289
19740701,-0.0952,-0.0632,-0.0596,-0.0531,-0.046,-0.0788,-0.0451,-0.0509,-0.0423,-0.034,-0.0742,-0.0311,-0.0284,-0.0387,0.004,-0.092,-0.0672,-0.0322,-0.0143,-0.015,0.0096,0.0506,0.0315,-0.0779
19740801,-0.105,-0.0895,-0.0812,-0.081,-0.0744,-0.1,-0.1173,-0.0688,-0.0833,-0.0596,-0.1137,-0.1088,-0.0712,-0.077,-0.0739,-0.1236,-0.0922,-0.0872,-0.0719,-0.0672,-0.0074,0.0254,0.0299,-0.0937
19740901,-0.1391,-0.091,-0.078,-0.0774,-0.0916,-0.1248,-0.078,-0.08800000000000001,-0.0852,-0.0808,-0.1384,-0.0922,-0.0781,-0.0538,-0.0668,-0.1236,-0.0796,-0.0606,-0.0713,-0.0892,0.0036,0.0559,0.0416,-0.1178
19741001,0.1468,0.0664,0.0634,0.0732,0.0873,0.1595,0.1038,0.0637,0.0775,0.0617,0.1811,0.1016,0.0657,0.0796,0.0863,0.2068,0.1237,0.1061,0.0915,0.0984,-0.0318,-0.099,-0.0081,0.1605
19741101,-0.0637,-0.0608,-0.0568,-0.0576,-0.0726,-0.0574,-0.0504,-0.045,-0.0575,-0.0738,-0.0498,-0.0456,-0.0325,-0.0486,-0.0188,-0.0275,-0.0097,-0.0146,-0.0433,-0.0639,-0.0145,0.0016,0.0219,-0.0464
19741201,-0.0768,-0.0884,-0.0801,-0.0813,-0.0973,-0.0723,-0.0653,-0.0628,-0.0749,-0.0654,-0.0628,-0.0496,-0.0483,-0.0578,-0.0765,-0.0522,-0.0316,-0.048,-0.0268,-0.1026,-0.0492,0.0016,0.0294,-0.034
19750101,0.2589,0.2895,0.2772,0.2725,0.3209,0.2066,0.2557,0.2625,0.2651,0.2876,0.1853,0.2428,0.2146,0.2293,0.2713,0.1511,0.1996,0.2295,0.2384,0.2715,0.1064,0.0765,-0.1385,0.1356
19750201,0.0643,0.0481,0.0266,0.0297,0.0441,0.0887,0.0619,0.0119,0.0349,0.0164,0.0689,0.0257,0.0268,0.0441,0.040999999999999995,0.0601,0.0218,0.0126,0.0271,0.0201,0.0013,-0.047,-0.0056,0.0543
19750301,0.0859,0.1042,0.0835,0.07400000000000001,0.0939,0.0601,0.0641,0.067,0.0564,0.0786,0.055,0.0627,0.0374,0.0687,0.052000000000000005,0.055,0.0582,0.0509,0.0496,0.0388,0.0374,0.0305,-0.0201,0.0261
19750401,0.0609,0.0576,0.0394,0.0247,0.0231,0.06,0.0353,0.024,0.009000000000000001,0.0377,0.0502,0.0478,0.046,0.0314,0.0274,0.0651,0.0275,0.0248,0.0534,0.0402,-0.0056,-0.012,0.0139,0.042
19750501,0.1124,0.1057,0.0803,0.0723,0.0635,0.115,0.0707,0.0653,0.07400000000000001,0.0708,0.0492,0.076,0.0389,0.0744,0.0103,0.0728,0.0582,0.0495,0.0382,0.0478,0.0362,-0.0408,-0.0055,0.0508
19750601,0.0559,0.0725,0.0708,0.0854,0.0708,0.0905,0.0663,0.0655,0.0785,0.0286,0.0531,0.0472,0.0629,0.0561,0.0502,0.0482,0.073,0.0703,0.1032,0.0786,0.0104,0.0132,0.0006,0.0475
19750701,-0.0201,-0.0033,-0.0209,-0.0064,-0.0114,-0.0389,-0.0369,-0.0325,-0.0409,-0.0443,-0.0559,-0.0377,-0.0404,-0.0449,-0.0628,-0.0776,-0.0695,-0.0447,-0.0489,-0.0732,0.027999999999999997,0.0186,0.0043,-0.0652
19750801,-0.0748,-0.0688,-0.0529,-0.0583,-0.0819,-0.0497,-0.0448,-0.055999999999999994,-0.046,-0.08800000000000001,-0.0445,-0.0392,-0.039,-0.0465,-0.0604,-0.0492,-0.0386,-0.033,-0.0284,-0.0118,-0.0333,-0.0073,-0.0014,-0.0284
19750901,-0.0589,-0.0303,-0.0356,-0.0347,-0.0443,-0.0391,-0.0446,-0.0416,-0.0379,-0.0533,-0.0586,-0.0346,-0.0442,-0.0478,-0.0496,-0.0507,-0.0356,-0.0446,-0.0344,-0.0498,0.0001,0.004,0.004,-0.0433
19751001,0.0093,0.0078,0.0234,0.0223,0.0036,0.015,0.036000000000000004,0.009000000000000001,0.0313,0.038,0.0123,0.0314,0.0318,0.0413,0.0048,0.0532,0.054000000000000006,0.0661,0.0472,0.0641,-0.0415,0.0022,-0.0014,0.0504
19751101,-0.0034,0.0144,0.0168,0.0204,0.0327,-0.0037,0.0281,0.0166,0.0362,0.035,0.0147,0.0215,0.0433,0.0376,0.0036,0.0257,0.0369,0.033,0.069,0.0567,-0.0125,0.017,-0.0045,0.0271
19751201,-0.0137,-0.017,-0.0167,-0.0149,-0.0191,-0.0298,-0.0197,0.0007,-0.011000000000000001,-0.0251,-0.0136,-0.0124,0.0014,-0.005,0.0236,-0.0278,0.001,-0.0045,-0.0121,-0.0126,-0.0106,0.0211,-0.0013,-0.0158
19760101,0.1536,0.1661,0.2021,0.2186,0.2634,0.1239,0.1608,0.1642,0.2033,0.263,0.1552,0.1496,0.1631,0.1813,0.218,0.1231,0.1343,0.1571,0.1751,0.2213,0.0489,0.0819,0.0443,0.1213
19760201,0.0949,0.0688,0.1009,0.11800000000000001,0.1554,0.0694,0.0617,0.0691,0.0817,0.111,0.0366,0.0322,0.0526,0.0723,0.1144,0.0027,0.0297,0.0387,0.0496,0.0349,0.0713,0.0578,0.0036,0.0038
19760301,0.0312,0.018000000000000002,0.0154,0.0018,0.0128,0.0069,0.0034,0.001,0.0081,0.0209,0.0075,0.0045,0.0157,0.0167,0.0178,0.0049,0.0185,0.0065,0.0168,0.0639,-0.0166,0.001,0.0017,0.0228
19760401,-0.0181,-0.0108,-0.0313,-0.0153,-0.0208,-0.0149,-0.0198,-0.0088,-0.0147,-0.0228,-0.0173,-0.0026,-0.0114,-0.0124,-0.0097,-0.0201,-0.0176,-0.0086,-0.0236,-0.0413,-0.0001,-0.0023,0.0052,-0.0147
19760501,-0.0219,-0.0201,-0.0188,-0.0389,-0.0519,-0.0109,-0.0251,-0.0123,-0.0295,-0.0474,-0.0184,-0.0176,-0.0194,-0.0167,-0.0338,-0.0285,-0.0156,-0.0135,-0.0426,0.0084,-0.0126,-0.0143,-0.0113,-0.0131
19760601,0.0369,0.0185,0.0167,0.0261,0.0154,0.0202,0.0256,0.0336,0.0281,0.0579,0.0381,0.0474,0.0612,0.0418,0.0707,0.0379,0.0449,0.0687,0.075,0.0347,-0.0162,0.0061,-0.0042,0.0401
19760701,-0.0148,-0.024,0.0029,-0.0078,0.0069,-0.0147,-0.0048,0.0207,-0.0036,0.0094,-0.02,-0.0127,-0.0002,0.003,-0.0054,-0.0201,-0.0001,-0.001,0.0108,0.0117,0.0031,0.0174,-0.001,-0.0108
19760801,-0.0473,-0.0213,-0.016,-0.0181,-0.0197,-0.0481,-0.0211,-0.0307,-0.0155,-0.0172,-0.0303,-0.0175,-0.013999999999999999,-0.0067,-0.0414,-0.0308,-0.0005,0.0124,-0.0163,0.0023,-0.0212,0.0101,-0.0086,-0.0056
19760901,0.0185,0.0137,0.0062,0.0172,0.0149,0.037000000000000005,0.040999999999999995,0.022000000000000002,0.0295,0.0142,0.03,0.0254,0.0206,0.0237,0.0107,0.0181,0.0173,0.0251,0.0244,0.0084,-0.002,-0.0016,0.0021,0.0201
19761001,-0.0316,-0.019,-0.0199,-0.0195,-0.0275,-0.0333,-0.0369,-0.0266,-0.0176,-0.017,-0.0382,-0.0003,-0.0181,-0.0147,-0.0407,-0.0264,-0.0174,-0.0168,-0.0207,-0.0285,0.0013,-0.0017,-0.0045,-0.0245
19761101,0.0522,0.0288,0.0151,0.0214,0.0247,0.0279,0.0296,0.0258,0.0386,0.0466,0.0335,0.0295,0.0289,0.039,0.0653,0.04,0.0291,0.0292,0.0148,0.0116,0.0225,0.0154,0.0292,0.0016
19761201,0.1035,0.0888,0.0932,0.1056,0.0954,0.0851,0.0871,0.0891,0.0892,0.1069,0.054000000000000006,0.0912,0.0831,0.0786,0.0818,0.0568,0.0665,0.071,0.0907,0.091,0.0299,0.0194,0.0078,0.0576
19770101,0.0258,0.0394,0.0229,0.0408,0.0544,-0.0054,0.0179,0.0012,0.0152,0.0302,-0.0257,-0.0045,0.0069,0.0071,0.0006,-0.0452,-0.0302,-0.0287,-0.0019,0.0139,0.0489,0.0417,0.0396,-0.0399
19770201,-0.0072,-0.0075,-0.008,-0.0074,0.0007,-0.0201,-0.0134,-0.006999999999999999,-0.0028,-0.0202,-0.0448,-0.0116,-0.027000000000000003,-0.0003,-0.0347,-0.0335,-0.0203,-0.0229,-0.0227,-0.024,0.0108,0.0051,0.0039,-0.0193
19770301,-0.0025,-0.001,0.0107,0.0109,0.0091,-0.0004,-0.0091,0.0116,-0.005,-0.0119,-0.0043,0.0096,-0.0072,-0.0013,-0.0001,-0.0224,-0.0011,0.0067,0.0018,0.0469,0.0106,0.0097,0.0054,-0.013000000000000001
19770401,0.0101,-0.0009,0.013999999999999999,0.0221,0.0215,0.0084,0.0132,0.0094,0.0184,0.0252,0.001,0.0043,0.0152,0.0223,0.0215,-0.0108,0.0182,0.0238,0.027000000000000003,0.024,-0.0004,0.0347,0.042,0.0012
19770501,-0.019,-0.0082,0.0007,-0.0015,0.0091,0.0054,-0.0131,-0.006999999999999999,0.005,-0.0194,-0.0104,-0.0032,0.0034,0.0035,-0.0029,-0.0083,-0.0139,-0.0042,-0.0162,-0.0149,0.0121,0.0085,0.0208,-0.0145
19770601,0.0542,0.0616,0.0659,0.0513,0.0686,0.0817,0.0613,0.0588,0.0512,0.0925,0.0854,0.0577,0.0569,0.0419,0.0601,0.0604,0.0453,0.0451,0.044000000000000004,0.0555,0.0202,-0.0063,0.0178,0.0474
19770701,0.0071,0.0034,0.0074,0.0019,0.0079,-0.0154,-0.0034,-0.0117,0.0024,-0.0007,-0.0038,-0.0059,-0.0173,-0.0158,-0.0118,-0.015,-0.0359,-0.0115,-0.015,-0.048,0.0201,-0.0017,0.0036,-0.017
19770801,0.0049,-0.0045,-0.0107,-0.0177,-0.0214,0.0003,-0.0114,-0.0216,-0.0124,-0.0209,0.0139,-0.0168,-0.0134,-0.0081,-0.0153,-0.0197,-0.0165,-0.0251,-0.0275,-0.0419,0.0149,-0.0272,-0.0169,-0.0178
19770901,0.0192,0.0162,0.0059,0.0147,0.0089,0.0091,0.0038,0.01,0.0007,-0.0121,0.0149,0.0129,0.0092,-0.0031,-0.0095,0.0058,-0.0016,0.0053,0.0067,-0.0147,0.0109,-0.0008,0.0207,-0.0027
19771001,-0.0522,-0.0308,-0.0275,-0.0178,-0.026000000000000002,-0.0576,-0.0291,-0.0432,-0.003,-0.021,-0.0402,-0.0275,-0.0294,-0.0294,-0.0312,-0.0457,-0.0363,-0.0337,-0.046,-0.0537,0.0138,0.0139,-0.0006,-0.0442
19771101,0.0896,0.0827,0.076,0.0647,0.0846,0.0782,0.0898,0.0828,0.0651,0.0776,0.0621,0.0705,0.0552,0.057999999999999996,0.0788,0.0667,0.0559,0.0487,0.0675,0.0663,0.0366,0.0055,0.0217,0.0404
19771201,0.0434,0.032,0.0208,0.0228,0.0124,0.0249,0.012,0.0012,0.0006,0.0186,0.011000000000000001,0.0023,0.0131,0.0051,-0.0032,-0.0014,0.0038,0.0003,-0.0088,-0.0107,0.0136,-0.0037,0.016,0.0033
19780101,-0.017,-0.0366,-0.0203,-0.0164,-0.003,-0.0587,-0.0615,-0.0303,-0.0227,-0.0252,-0.0722,-0.0587,-0.0375,-0.0408,-0.0156,-0.0646,-0.068,-0.0595,-0.0505,-0.0219,0.0228,0.0335,-0.0067,-0.0601
19780201,0.0281,0.0262,0.0345,0.0273,0.0304,0.0127,0.0119,0.004,0.0177,0.0011,0.0012,0.0106,0.0005,0.0029,0.0068,-0.0182,-0.011000000000000001,-0.0121,0.0065,-0.0271,0.0356,0.0088,0.0197,-0.0139
19780301,0.0787,0.0686,0.0738,0.0629,0.0751,0.0559,0.0535,0.0693,0.0591,0.0684,0.0502,0.0524,0.0413,0.0408,0.0689,0.0442,0.0425,0.0415,0.0411,0.0428,0.0322,0.0142,0.013999999999999999,0.0287
19780401,0.096,0.0819,0.0768,0.0659,0.0788,0.0929,0.0664,0.0783,0.0672,0.0567,0.0934,0.081,0.0697,0.0462,0.0546,0.0803,0.0683,0.049,0.0537,0.0797,0.0022,-0.0366,0.0088,0.0775
19780501,0.078,0.0576,0.0817,0.0583,0.0744,0.0645,0.0656,0.0435,0.0346,0.0468,0.0577,0.0465,0.0491,0.018000000000000002,0.035,0.043,0.0319,0.0097,0.0165,0.0319,0.0451,-0.0074,0.0287,0.0181
19780601,0.0026,-0.0014,-0.0018,-0.0041,-0.0025,-0.0175,-0.0312,-0.0003,0.0287,-0.0078,-0.0113,-0.0152,0.0027,0.0035,0.0068,-0.0155,-0.0108,-0.0048,-0.0003,-0.0115,0.0139,0.0085,0.0276,-0.0162
19780701,0.0631,0.0552,0.0543,0.042,0.0412,0.0743,0.0458,0.0548,0.0443,0.0777,0.0616,0.044000000000000004,0.0363,0.0389,0.0313,0.0539,0.053,0.057999999999999996,0.053,0.0843,0.003,-0.0133,0.0417,0.0511
19780801,0.0914,0.0878,0.0782,0.0737,0.0963,0.0847,0.0719,0.0884,0.0644,0.0883,0.0751,0.0799,0.0597,0.0434,0.0954,0.0709,0.0573,0.0372,0.0353,0.0261,0.051,-0.003,0.0285,0.0369
19780901,-0.0174,-0.0018,-0.0257,-0.0072,-0.0041,-0.0238,-0.0226,-0.0229,-0.0007,-0.0241,-0.0381,-0.0159,-0.0182,-0.0097,-0.0151,-0.0394,-0.0276,-0.0009,-0.0054,-0.0155,-0.003,0.0179,-0.0313,-0.0131
19781001,-0.2758,-0.2402,-0.2233,-0.1936,-0.2179,-0.255,-0.1969,-0.1924,-0.1571,-0.1938,-0.1951,-0.1925,-0.1503,-0.151,-0.2,-0.1639,-0.1372,-0.1418,-0.1276,-0.1477,-0.0995,0.0154,-0.0838,-0.1178
19781101,0.0799,0.07,0.0604,0.0374,0.0342,0.1076,0.0452,0.0393,0.0209,0.0509,0.0639,0.0436,0.0363,0.0239,0.0198,0.0379,0.0153,0.0299,0.0077,0.0131,0.0296,-0.023,0.054000000000000006,0.0268
19781201,0.0264,0.0249,0.0153,0.0034,-0.001,0.0222,0.027000000000000003,0.0067,0.0179,0.0137,0.0226,0.0107,-0.0054,0.0056,0.028999999999999998,0.0025,0.0092,0.0067,-0.0024,-0.0045,0.0136,-0.0219,0.0307,0.0099
19790101,0.0934,0.0908,0.0748,0.0969,0.1084,0.0777,0.0736,0.0687,0.0645,0.0898,0.0615,0.0589,0.0705,0.0621,0.0896,0.0497,0.0435,0.0538,0.0755,0.0607,0.0347,0.0234,-0.013999999999999999,0.0418
19790201,-0.0369,-0.0405,-0.0321,-0.0354,-0.0209,-0.0371,-0.0377,-0.0357,-0.0403,-0.0292,-0.055,-0.0253,-0.0312,-0.022000000000000002,-0.0161,-0.0458,-0.0435,-0.0386,-0.0405,-0.0468,0.005,0.011000000000000001,-0.011000000000000001,-0.0341
19790301,0.113,0.0863,0.0709,0.0625,0.0758,0.1153,0.0805,0.076,0.0639,0.0747,0.0993,0.0866,0.0591,0.0822,0.1207,0.0692,0.07,0.0624,0.0718,0.0843,0.0286,-0.0076,0.0291,0.0575
19790401,0.0234,0.0204,0.0146,0.0218,0.026000000000000002,0.0071,0.0215,0.0142,0.0205,0.0125,0.0055,0.0046,0.0139,0.0119,0.0329,0.0136,-0.0003,0.008,-0.0059,0.0122,0.0213,0.0119,0.0075,0.0005
19790501,-0.0351,-0.0175,-0.0243,-0.0168,-0.0197,-0.0324,-0.0255,-0.0102,-0.0107,-0.0179,-0.0433,-0.0371,-0.0099,-0.0034,-0.0302,-0.0109,-0.0233,-0.0237,-0.0134,-0.0195,0.0013,0.0112,-0.0058,-0.0218
19790601,0.0521,0.0493,0.0447,0.037000000000000005,0.0457,0.0628,0.0508,0.0288,0.05,0.0771,0.0285,0.0394,0.0548,0.0527,0.0567,0.0422,0.065,0.0565,0.0708,0.0557,0.0132,0.0134,0.0086,0.0388
19790701,0.0141,0.0211,0.0227,0.0233,0.0147,0.0127,0.0136,0.0228,0.0409,0.0308,0.025,0.0333,0.0341,0.0199,0.0447,0.006999999999999999,0.0251,0.0202,0.0163,0.0172,0.0128,0.0197,-0.011000000000000001,0.0073
19790801,0.0789,0.0812,0.0569,0.0618,0.0717,0.0784,0.0778,0.0629,0.0606,0.064,0.0853,0.0727,0.0502,0.0507,0.0571,0.0785,0.0558,0.0586,0.0431,0.0738,0.0195,-0.0126,-0.0022,0.057
19790901,-0.0095,-0.0104,-0.0234,-0.0135,-0.0182,-0.0009,-0.0007,-0.0346,-0.0232,-0.0276,0.0059,-0.0088,-0.0212,-0.0396,-0.0239,-0.0097,-0.0119,-0.0067,-0.0272,-0.0236,-0.0048,-0.0114,0.0529,-0.0069
19791001,-0.1192,-0.1061,-0.1224,-0.1028,-0.1253,-0.1006,-0.1084,-0.1242,-0.1277,-0.121,-0.0898,-0.092,-0.1125,-0.0853,-0.132,-0.0837,-0.0893,-0.0902,-0.1108,-0.1137,-0.0341,-0.0226,0.0215,-0.0813
19791101,0.1,0.0734,0.0563,0.0395,0.0549,0.0994,0.0701,0.057,0.0644,0.0627,0.1078,0.063,0.0564,0.0579,0.0433,0.0905,0.0584,0.0669,0.0486,0.0526,0.0255,-0.0329,0.0796,0.0537
19791201,0.1058,0.0694,0.0533,0.0573,0.0422,0.075,0.0529,0.0464,0.0259,0.0391,0.0469,0.0242,0.017,0.0142,0.0705,0.0384,0.0284,0.0133,0.0107,0.0337,0.0436,-0.023,0.0478,0.0187
19800101,0.1197,0.0878,0.0814,0.0776,0.0977,0.0599,0.0666,0.0534,0.0403,0.0785,0.0462,0.0572,0.0613,0.0518,0.0808,0.0691,0.0524,0.0546,0.0021,0.0724,0.0198,0.0133,0.075,0.0576
19800201,-0.0032,-0.0131,-0.0292,-0.0318,-0.0295,-0.0228,-0.0115,-0.038,-0.0497,-0.0228,-0.0179,-0.0434,-0.0518,-0.0495,-0.0356,-0.0313,-0.0276,-0.0367,-0.0574,-0.0199,-0.02,0.0003,0.0787,-0.0079
19800301,-0.2328,-0.2031,-0.1862,-0.1627,-0.1864,-0.2042,-0.1752,-0.1799,-0.1587,-0.1852,-0.17,-0.1642,-0.1762,-0.1418,-0.1994,-0.1342,-0.1521,-0.142,-0.1238,-0.1837,-0.0639,-0.0073,-0.0958,-0.1323
19800401,0.0492,0.0512,0.0542,0.0386,0.0471,0.0477,0.0331,0.0516,0.0667,0.0309,0.0569,0.0588,0.0592,0.0724,0.0452,0.0347,0.0553,0.0582,0.0767,0.0594,0.0064,0.0094,-0.0044,0.0397
19800501,0.0643,0.055,0.0628,0.0562,0.0684,0.0804,0.0939,0.0613,0.07,0.0916,0.0624,0.0614,0.078,0.071,0.0793,0.0677,0.071,0.0829,0.0638,0.0795,0.0219,0.0049,-0.0111,0.052000000000000005
19800601,0.0441,0.0269,0.0312,0.0375,0.0474,0.0374,0.0595,0.0347,0.0495,0.0142,0.0466,0.0527,0.0319,0.039,0.0202,0.0538,0.0301,0.0412,0.0263,0.0434,0.0141,-0.0135,0.0159,0.0316
19800701,0.1152,0.1206,0.0976,0.079,0.0861,0.1374,0.1073,0.094,0.0778,0.07,0.1263,0.0779,0.0914,0.0513,0.0512,0.1072,0.0913,0.0741,0.0279,0.0381,0.0445,-0.0606,0.0039,0.0641
19800801,0.1062,0.0815,0.0638,0.0668,0.0448,0.0769,0.0662,0.0352,0.022000000000000002,0.0314,0.0609,0.0576,0.0186,0.0113,0.0024,0.0364,0.0167,0.0183,-0.0039,0.0046,0.0406,-0.0233,0.0316,0.0171
19800901,0.0575,0.0208,0.019,0.0062,0.0219,0.0382,0.0286,0.0293,0.0022,0.0016,0.0501,0.0148,0.0214,0.0096,-0.0127,0.0524,0.0318,0.0147,-0.0043,-0.0039,0.0114,-0.044000000000000004,0.0544,0.022000000000000002
19801001,0.067,0.0453,0.0331,0.0266,0.0128,0.0576,0.012,-0.0034,0.0258,0.0011,0.0172,0.0126,0.0211,0.0073,0.01,0.0135,0.0206,-0.0164,-0.0222,-0.0114,0.0259,-0.0259,0.0729,0.0105
19801101,0.1528,0.0532,0.0501,-0.0022,0.0072,0.1275,0.0624,0.0367,0.0551,0.0197,0.105,0.0629,0.0158,0.0222,0.0073,0.1183,0.1385,0.0344,0.0212,-0.004,-0.0321,-0.0814,0.1522,0.0953
19801201,-0.0746,-0.068,-0.0511,-0.0391,-0.0481,-0.0648,-0.0391,-0.0296,-0.0293,-0.0174,-0.0517,-0.0448,-0.0186,-0.0242,-0.0165,-0.048,-0.0571,-0.0231,-0.0093,-0.0166,-0.0029,0.0288,-0.0666,-0.0475
19810101,-0.0547,-0.0127,0.006,0.0111,0.0216,-0.0601,-0.0141,-0.0083,0.0088,0.0201,-0.0533,-0.0248,-0.0194,0.0015,0.0196,-0.0784,-0.0445,-0.0181,-0.0029,0.0014,0.0278,0.0671,-0.0793,-0.0505
19810201,-0.0432,-0.0102,0.0004,0.01,0.0141,-0.015,0.0053,0.0125,0.0254,0.0294,0.0119,0.013000000000000001,0.0261,-0.0054,0.0012,0.0034,0.0169,0.0334,0.0062,0.0263,-0.0015,0.0111,-0.0138,0.0048
19810301,0.0611,0.0798,0.076,0.0775,0.0601,0.0684,0.0694,0.0637,0.0625,0.0637,0.0645,0.063,0.0638,0.0815,0.0554,0.078,0.0466,0.0766,0.0624,0.0662,0.0348,0.0069,0.0073,0.0341
19810401,0.0198,0.0352,0.0258,0.0363,0.0443,0.005,0.0269,0.0233,0.0288,0.0282,0.0097,0.0236,0.002,0.0009,0.0207,-0.0102,-0.0155,-0.0089,-0.0083,0.0039,0.0428,0.0256,-0.0094,-0.022000000000000002
19810501,0.0379,0.0382,0.0289,0.0147,0.0161,0.0514,0.0084,0.0175,-0.0057,0.0104,0.0098,0.0242,0.0169,0.0048,0.0353,0.0226,0.0097,0.0072,-0.0028,0.0152,0.0156,-0.0039,0.0375,0.002
19810601,-0.0853,-0.0155,0.0016,0.0141,-0.0017,-0.0843,-0.021,-0.0168,-0.0159,0.0057,-0.0637,-0.0163,-0.0146,0.0074,-0.0245,-0.0646,-0.0348,-0.003,0.013000000000000001,-0.0126,-0.0103,0.0512,-0.0586,-0.0237
19810701,-0.0588,-0.0461,-0.0397,-0.0338,-0.035,-0.0364,-0.0481,-0.0201,-0.0265,-0.0314,-0.0257,-0.0322,-0.0413,-0.0435,-0.0156,0.0077,-0.0209,-0.0359,-0.0359,-0.0436,-0.0192,-0.0052,-0.0247,-0.0155
19810801,-0.1397,-0.0975,-0.0851,-0.0698,-0.0625,-0.1165,-0.0941,-0.0652,-0.0612,-0.0695,-0.0985,-0.0732,-0.0666,-0.071,-0.047,-0.0816,-0.0735,-0.0512,-0.0658,-0.0474,-0.021,0.046,-0.011000000000000001,-0.0691
19810901,-0.1466,-0.0964,-0.0859,-0.0756,-0.0764,-0.1151,-0.08,-0.0775,-0.0439,-0.0695,-0.1056,-0.0703,-0.0754,-0.0279,-0.0501,-0.1036,-0.0932,-0.0769,-0.0496,-0.0569,-0.027999999999999997,0.0551,0.0202,-0.0761
19811001,0.0919,0.0693,0.0708,0.0569,0.037000000000000005,0.0971,0.053,0.0575,0.0604,0.053,0.0983,0.0372,0.0607,0.0361,0.0325,0.0877,0.0629,0.0393,0.0287,0.0244,0.0234,-0.0395,0.040999999999999995,0.0481
19811101,-0.0241,0.0127,0.0275,0.0169,0.0294,0.0035,0.0403,0.0372,0.0508,0.0449,-0.004,0.0158,0.0302,0.0203,0.045,0.025,0.0362,0.0143,0.0642,0.038,-0.0113,0.0186,-0.0027,0.0351
19811201,-0.0484,-0.0292,-0.015,-0.012,-0.0195,-0.0263,-0.0131,-0.0267,-0.0317,-0.0264,-0.0274,-0.0297,-0.0176,-0.0219,-0.0402,-0.0434,-0.0317,-0.0262,-0.0308,-0.0311,0.0125,0.0084,0.0131,-0.0368
19820101,-0.0373,-0.0128,-0.0264,-0.0236,-0.0096,-0.0628,-0.0422,-0.0419,-0.0452,-0.0021,-0.0694,-0.0386,-0.0578,-0.0258,0.0059,-0.0759,-0.0496,-0.0472,-0.025,-0.0224,-0.012,0.034,0.0171,-0.0342
19820201,-0.0867,-0.0496,-0.0394,-0.0361,-0.018000000000000002,-0.0821,-0.0603,-0.0474,-0.0207,-0.0122,-0.0891,-0.0339,-0.0246,-0.0389,-0.0068,-0.0781,-0.0725,-0.0451,-0.013000000000000001,-0.0049,0.0047,0.0615,0.0488,-0.0603
19820301,-0.0316,-0.013999999999999999,-0.0208,-0.0134,-0.0079,-0.0476,-0.0102,-0.0232,0.0086,0.0094,-0.0359,-0.0092,0.0015,-0.0144,0.0199,-0.0385,-0.0279,-0.0102,-0.0085,-0.0024,-0.0018,0.0395,0.0293,-0.0199
19820401,0.0517,0.0479,0.0425,0.0385,0.0331,0.0553,0.0571,0.0476,0.0345,0.0288,0.0517,0.0454,0.0332,0.0438,0.0364,0.0517,0.0429,0.0321,0.0265,0.0417,0.0158,-0.0277,-0.0041,0.032
19820501,-0.0409,-0.027000000000000003,-0.0106,-0.0196,-0.0171,-0.0505,-0.0465,-0.0417,-0.0262,-0.0325,-0.0464,-0.0311,-0.0428,-0.0209,-0.0222,-0.0576,-0.0555,-0.0496,-0.0486,-0.0371,0.0061,0.0212,0.0253,-0.0388
19820601,-0.0535,-0.0407,-0.035,-0.0206,-0.0225,-0.0529,-0.0207,-0.0239,-0.0161,-0.0215,-0.0478,-0.0174,-0.0135,-0.0335,-0.0282,-0.0505,-0.0406,-0.0174,-0.0227,-0.0062,-0.0036,0.0186,0.0504,-0.0335
19820701,-0.0487,-0.0356,-0.0054,-0.019,-0.0149,-0.043,0.0026,-0.0113,-0.0119,-0.0201,-0.0291,-0.0173,-0.0309,-0.0413,-0.0296,-0.0287,-0.0532,-0.0365,-0.0435,-0.036000000000000004,0.0077,0.0058,0.0443,-0.031
19820801,0.0402,0.0641,0.0594,0.044000000000000004,0.0491,0.0708,0.0752,0.0912,0.0706,0.0757,0.1015,0.1007,0.1132,0.1059,0.10099999999999999,0.1107,0.1175,0.1015,0.11800000000000001,0.1286,-0.0414,0.0112,-0.0353,0.1114
19820901,0.0179,0.0202,0.0533,0.034,0.0383,0.0218,0.0179,0.0449,0.05,0.0527,0.0282,0.0483,0.0384,0.0386,0.0155,0.0201,0.0144,0.075,0.0194,0.0023,0.0294,0.0024,0.042,0.0117
19821001,0.1707,0.1304,0.12300000000000001,0.1244,0.1102,0.1655,0.1184,0.1267,0.09699999999999999,0.1038,0.1441,0.1306,0.1167,0.1282,0.1239,0.1497,0.1417,0.12,0.1214,0.1134,0.0254,-0.0386,0.0,0.1127
19821101,0.0856,0.0962,0.1082,0.0995,0.0978,0.0914,0.0826,0.0741,0.071,0.0825,0.0984,0.0814,0.062,0.0446,0.0795,0.0674,0.0604,0.0371,0.0476,0.0623,0.0462,-0.0215,0.0595,0.0456
19821201,0.0191,0.0158,0.0121,0.0147,0.0177,-0.0104,0.0188,0.0039,-0.0043,0.0054,-0.0033,0.0,-0.013999999999999999,-0.0024,0.0154,0.0019,-0.0014,0.0151,-0.003,0.019,-0.0017,-0.0008,0.0002,0.0078
19830101,0.1286,0.076,0.0814,0.0801,0.0629,0.0713,0.075,0.0266,0.04,0.0409,0.0599,0.0236,0.0366,0.0259,0.0295,0.042,0.0245,0.0229,0.0174,0.0116,0.0268,-0.006,-0.0172,0.0346
19830201,0.0245,0.0415,0.0697,0.0711,0.0833,0.0455,0.0441,0.0728,0.0531,0.0476,0.0446,0.0414,0.0478,0.0384,0.046,0.0423,0.0194,0.0234,0.0275,0.0452,0.0315,0.0066,0.0382,0.0243
19830301,0.0223,0.0501,0.0587,0.0398,0.0682,0.013000000000000001,0.0304,0.0613,0.0622,0.0399,0.0142,0.0584,0.0403,0.0686,0.0409,0.0,0.0209,0.0351,0.0493,0.0448,0.0187,0.0179,0.0091,0.0284
19830401,0.0648,0.0683,0.0803,0.0866,0.0834,0.0723,0.0777,0.0788,0.0708,0.067,0.0567,0.0644,0.0618,0.0591,0.0585,0.0425,0.0496,0.0736,0.061,0.0645,0.0036,0.0039,0.018000000000000002,0.0672
19830501,0.1131,0.0967,0.0774,0.0738,0.0728,0.0477,0.0563,0.0455,0.0226,0.0488,0.0505,0.0456,0.0218,0.0153,0.0057,0.0419,0.0522,0.0349,0.0125,0.005,0.063,-0.0165,-0.0158,0.0062
19830601,0.0387,0.0612,0.0272,0.0268,0.0344,0.0613,0.0457,0.0087,0.0236,0.0305,0.0414,0.0478,0.0403,0.0117,0.0046,0.0556,0.0399,0.0312,-0.019,0.0052,0.0099,-0.0386,0.0168,0.0313
19830701,-0.0684,-0.0288,-0.0166,0.0008,0.0,-0.0791,-0.0501,-0.0174,0.0107,0.0022,-0.0696,-0.0381,0.0195,0.0031,-0.0005,-0.053,-0.0411,-0.0471,-0.0172,-0.0144,0.0154,0.0555,-0.0315,-0.0391
19830801,-0.0684,-0.0458,-0.0301,-0.0438,-0.0186,-0.0603,-0.0437,-0.0334,-0.0201,-0.0009,-0.0449,-0.0492,-0.0235,-0.0167,0.0144,-0.0358,-0.025,-0.0041,0.0186,0.0324,-0.0439,0.0522,-0.0544,-0.004
19830901,-0.0383,-0.0058,-0.0035,0.0091,0.0078,0.004,0.0074,0.0331,0.0414,0.0288,0.0116,0.0282,0.0214,0.0431,0.0612,0.026000000000000002,0.0139,0.0242,0.0169,0.0052,0.0063,0.0111,-0.0009,0.0087
19831001,-0.111,-0.0687,-0.0612,-0.0428,-0.0361,-0.1071,-0.0826,-0.0462,-0.0282,-0.0385,-0.0902,-0.0552,-0.0377,-0.0131,-0.0238,-0.0782,-0.0357,-0.0266,-0.0266,-0.0121,-0.0357,0.0496,-0.0454,-0.0353
19831101,0.0302,0.0296,0.0277,0.021,0.034,0.0508,0.0462,0.0397,0.0469,0.0427,0.0555,0.0356,0.040999999999999995,0.0344,0.0335,0.0505,0.0177,0.0374,0.0387,0.0302,0.0189,-0.0082,-0.0018,0.0223
19831201,-0.0602,-0.0176,-0.0134,-0.01,0.0013,-0.038,-0.0206,-0.006,-0.0078,-0.0054,-0.0391,-0.0179,-0.0088,-0.0194,0.008,-0.0399,-0.0152,-0.0331,-0.0202,-0.0137,-0.0031,0.0175,0.008,-0.0177
19840101,-0.0262,-0.0187,-0.0047,0.0037,0.0246,-0.0696,-0.0203,-0.0128,-0.0065,0.0302,-0.0785,-0.0507,-0.0286,-0.006999999999999999,-0.0089,-0.0832,-0.0431,-0.0275,-0.0127,-0.0044,-0.0047,0.0777,-0.0245,-0.0205
19840201,-0.0817,-0.0767,-0.0605,-0.0498,-0.0523,-0.0773,-0.0664,-0.0454,-0.0395,-0.0429,-0.0754,-0.0779,-0.0546,-0.0531,-0.0338,-0.0648,-0.0639,-0.0688,-0.0382,-0.054000000000000006,-0.0169,0.0342,0.0021,-0.0463
19840301,-0.0167,0.008,-0.0014,0.0096,0.0137,-0.0109,0.0053,0.0016,0.0065,0.0142,-0.0001,0.003,0.0167,0.0036,0.0257,-0.0017,0.0025,0.0196,0.0095,0.0343,0.0004,0.0022,0.0101,0.0062
19840401,-0.0479,-0.0255,-0.013999999999999999,-0.0078,-0.0172,-0.0201,0.0064,-0.0014,-0.0084,-0.0173,-0.0091,0.0051,-0.0095,-0.0208,-0.0071,-0.0228,-0.0123,-0.0141,-0.0304,-0.0258,-0.0105,0.0136,0.021,-0.0054
19840501,-0.0677,-0.0535,-0.0574,-0.0421,-0.0427,-0.0684,-0.0594,-0.0581,-0.0471,-0.0467,-0.0687,-0.0599,-0.0647,-0.0465,-0.0762,-0.0468,-0.0521,-0.0636,-0.0611,-0.0829,0.0004,0.0052,0.0163,-0.0602
19840601,0.006999999999999999,0.0265,0.013999999999999999,0.0082,0.005,0.0324,0.0384,0.011000000000000001,0.0212,0.0035,0.0568,0.040999999999999995,0.0027,0.0109,-0.0096,0.0528,0.0373,0.0077,0.0088,0.0175,-0.0016,-0.0232,-0.0065,0.0161
19840701,-0.0814,-0.0591,-0.053,-0.0261,-0.0309,-0.0602,-0.0643,-0.0214,-0.0462,-0.0452,-0.0421,-0.0432,-0.0375,-0.0394,-0.0225,-0.0425,-0.06,-0.0342,-0.057,-0.0131,-0.0241,0.0024,0.0291,-0.0286
19840801,0.1067,0.1078,0.0794,0.0611,0.0775,0.151,0.0978,0.0867,0.0882,0.0923,0.1426,0.1212,0.1007,0.1112,0.0872,0.1185,0.1274,0.1127,0.1078,0.0937,-0.0018,-0.0163,-0.0567,0.1043
19840901,-0.0341,-0.0232,-0.0037,0.0032,0.0158,-0.063,-0.0067,0.0127,0.006,0.0249,-0.0474,0.0094,0.009000000000000001,0.0099,0.0263,-0.0235,-0.0269,0.0021,0.0062,0.0357,-0.0015,0.0522,0.037000000000000005,-0.0082
19841001,-0.0479,-0.0241,-0.0306,-0.024,-0.0195,-0.0393,-0.0278,-0.0109,-0.0006,0.0004,-0.0267,-0.017,0.0047,-0.026000000000000002,0.0036,-0.0139,-0.01,-0.0043,-0.0105,0.006,-0.0112,0.0052,0.0322,-0.0099
19841101,-0.0649,-0.0475,-0.0203,-0.0204,-0.0191,-0.0647,-0.0279,-0.0108,-0.0095,0.0064,-0.0475,-0.0025,0.0057,0.0061,0.0122,-0.040999999999999995,-0.0139,-0.0191,0.0008,0.0112,-0.0059,0.0398,0.0164,-0.0179
19841201,-0.0015,0.002,0.0039,-0.0017,0.0022,0.0129,0.0157,0.0117,0.0192,0.022000000000000002,0.0376,0.022000000000000002,0.0099,0.0078,0.0144,0.0255,0.0151,0.0141,0.0221,0.0277,-0.0057,-0.0027,0.0153,0.0174
19850101,0.1516,0.1389,0.0995,0.0932,0.0799,0.1533,0.1199,0.0835,0.0914,0.0789,0.1301,0.0979,0.0889,0.0832,0.0715,0.1161,0.124,0.0729,0.0758,0.0579,0.032,-0.0497,-0.0689,0.0792
19850201,0.0313,0.0438,0.0277,0.0228,0.0308,0.024,0.025,0.0198,0.0116,0.0076,0.0136,0.0065,0.0053,0.0133,-0.0123,0.0215,-0.016,0.0138,0.0151,0.0126,0.0087,0.0005,0.0183,0.0112
19850301,-0.0337,-0.0354,-0.0196,-0.0194,-0.0081,-0.052000000000000005,-0.0413,-0.0146,-0.0023,0.0259,-0.0487,-0.0173,-0.0274,0.0006,0.0311,-0.0331,-0.0312,-0.0044,0.0019,0.0378,-0.01,0.0388,0.0168,-0.0081
19850401,-0.0291,-0.0261,-0.0047,-0.0023,-0.0025,-0.039,-0.0188,-0.0094,0.0149,0.004,-0.0202,-0.0201,-0.0113,0.0177,0.0034,-0.0185,-0.0386,-0.0067,0.0039,0.004,0.0005,0.0358,0.0303,-0.0094
19850501,0.018000000000000002,0.032,0.0319,0.0215,0.0052,0.0338,0.0329,0.0242,0.0485,0.0251,0.0547,0.0494,0.0265,0.0394,0.0302,0.0618,0.0491,0.0496,0.0349,0.0541,-0.0249,-0.0091,0.0397,0.0493
19850601,-0.0003,-0.0008,0.0045,0.0086,0.0147,0.0018,0.0182,0.0226,0.0236,0.0339,0.0212,0.0111,0.0362,0.0215,0.0285,0.0129,0.0105,0.0144,0.0313,0.0032,0.0058,0.0043,0.0362,0.0117
19850701,0.0175,0.0242,0.0185,0.0071,0.0177,0.0257,0.0299,0.044000000000000004,-0.0067,-0.0036,0.0054,0.0212,0.0086,-0.0016,0.0196,-0.0091,-0.0033,0.0051,-0.0263,0.0046,0.0293,-0.0196,-0.0392,-0.0067
19850801,-0.0215,-0.0154,-0.012,-0.0037,-0.0167,-0.0249,-0.0163,0.0028,-0.0022,-0.0037,-0.0293,-0.0141,-0.0039,-0.008,-0.0041,-0.0238,-0.0088,0.0051,-0.0096,-0.0036,-0.0042,0.0208,0.018000000000000002,-0.0103
19850901,-0.0864,-0.0651,-0.0548,-0.0463,-0.0457,-0.0807,-0.0689,-0.0389,-0.0414,-0.0663,-0.0734,-0.0498,-0.0385,-0.0429,-0.0412,-0.0569,-0.0467,-0.0528,-0.0659,-0.0543,-0.0184,0.0113,0.0148,-0.0457
19851001,0.0003,0.0098,0.0319,0.0244,0.0091,0.0307,0.0303,0.0368,0.0506,0.0184,0.0334,0.0366,0.0378,0.0197,0.022000000000000002,0.0494,0.0469,0.0338,0.0501,0.044000000000000004,-0.0161,0.0055,0.0488,0.0381
19851101,0.0485,0.0581,0.0589,0.0446,0.0389,0.0859,0.0652,0.0742,0.0623,0.0612,0.07,0.067,0.0511,0.0596,0.0581,0.0825,0.0608,0.0742,0.0551,0.055,0.0015,-0.0292,-0.0047,0.0632
19851201,0.03,0.046,0.0347,0.0336,0.0294,0.0445,0.0381,0.0444,0.0339,0.0011,0.0494,0.0385,0.0197,0.0206,0.0436,0.0281,0.0386,0.022000000000000002,0.0439,0.0489,-0.0069,-0.0163,-0.0007,0.0366
19860101,0.0338,0.0144,0.017,0.0156,0.0236,0.0039,0.0171,0.0041,-0.0054,0.0225,0.0136,0.0214,0.0091,0.0169,0.0216,0.0076,-0.0004,0.0097,0.0242,0.0308,0.0117,0.0011,0.0294,0.0043
19860201,0.0538,0.059000000000000004,0.057,0.0774,0.0467,0.0721,0.0627,0.0625,0.0885,0.0499,0.0623,0.0887,0.0754,0.0653,0.0581,0.0736,0.0884,0.063,0.0686,0.0751,-0.0059,-0.0069,0.027000000000000003,0.0675
19860301,0.042,0.0491,0.0448,0.0406,0.0549,0.0312,0.0467,0.0511,0.0397,0.0606,0.0429,0.0666,0.0481,0.05,0.0444,0.0493,0.0455,0.0565,0.0386,0.0495,-0.0053,-0.0019,0.0244,0.0479
19860401,0.0219,0.0165,0.0111,-0.0037,0.0002,0.0158,0.0146,-0.0042,0.0031,-0.0222,0.0166,0.018000000000000002,0.0054,0.0036,-0.0195,0.017,-0.0098,-0.0215,-0.0295,-0.0534,0.0291,-0.0274,-0.0051,-0.0132
19860501,0.0376,0.0275,0.0373,0.0327,0.0336,0.0296,0.0193,0.0502,0.0374,0.0247,0.0571,0.0376,0.055,0.051,0.0305,0.0573,0.0343,0.0511,0.0399,0.0435,-0.0118,-0.0007,0.0202,0.0459
19860601,-0.003,-0.0204,-0.0056,0.0045,0.0182,0.0012,-0.0056,0.0207,0.0124,0.0172,0.0063,-0.0136,0.0173,0.0003,0.0172,0.0116,0.0035,-0.0051,0.036000000000000004,0.0061,-0.0099,0.0143,0.0513,0.0091
19860701,-0.1062,-0.0948,-0.0842,-0.0709,-0.0871,-0.1184,-0.1069,-0.0935,-0.048,-0.0797,-0.1034,-0.0857,-0.087,-0.0635,-0.0623,-0.092,-0.0786,-0.0753,-0.0502,-0.0502,-0.034,0.0445,0.0184,-0.0649
19860801,-0.0014,0.0004,0.0157,0.0145,0.0125,0.0191,0.035,0.0402,0.0427,0.0505,0.0388,0.0348,0.0506,0.0679,0.0829,0.040999999999999995,0.0588,0.0684,0.0997,0.0915,-0.0429,0.0346,-0.05,0.0618
19860901,-0.0856,-0.069,-0.0569,-0.0532,-0.0315,-0.0922,-0.0652,-0.0537,-0.0297,-0.0644,-0.0847,-0.0799,-0.0546,-0.0528,-0.0552,-0.1003,-0.0621,-0.0785,-0.071,-0.067,0.0252,0.0342,-0.0583,-0.0836
19861001,0.015,0.0217,0.0186,0.0245,0.006,0.0601,0.0356,0.0296,0.0329,0.0044,0.0528,0.0207,0.0074,0.0186,0.0152,0.0527,0.0526,0.0453,0.0539,0.0385,-0.0249,-0.0146,0.0268,0.0448
19861101,-0.0267,-0.0034,0.0015,0.0002,0.0034,-0.0008,0.0025,-0.0084,-0.0245,-0.0069,-0.0028,0.0008,-0.0149,0.0089,-0.008,0.004,0.0116,0.0108,-0.0132,0.0053,-0.0214,-0.0042,-0.0034,0.0113
19861201,-0.0611,-0.0237,-0.0427,-0.0211,-0.0367,-0.0354,-0.0234,-0.0394,-0.0362,-0.0023,-0.0308,-0.0232,-0.0404,-0.0226,-0.0141,-0.0475,-0.0352,-0.0328,-0.0244,-0.0402,-0.0006,0.0021,0.0038,-0.0314
19870101,0.1044,0.0912,0.1099,0.0955,0.0895,0.1323,0.115,0.1011,0.0996,0.0972,0.1343,0.1331,0.0839,0.1009,0.0963,0.1366,0.1209,0.0998,0.1309,0.1102,-0.0167,-0.0295,0.0218,0.1242
19870201,0.1011,0.081,0.0665,0.067,0.061,0.0921,0.0855,0.0621,0.0516,0.0542,0.0836,0.078,0.047,0.039,0.039,0.068,0.0611,0.0633,0.0378,0.0172,0.037000000000000005,-0.0574,-0.0217,0.0433
19870301,0.0119,0.0295,0.0205,0.0293,0.0412,0.0048,0.0268,0.0104,0.0231,0.0272,-0.0025,0.0106,0.0096,0.0207,0.0334,0.0133,0.0119,0.0121,0.0179,-0.0148,0.0041,0.0172,0.0163,0.0185
19870401,-0.0265,-0.0322,-0.0245,-0.0115,-0.0153,-0.0441,-0.0277,-0.0339,-0.0438,-0.0487,-0.0259,-0.0241,-0.0485,-0.0265,-0.0359,-0.0425,-0.0278,-0.0311,-0.0162,-0.0244,-0.0166,-0.0043,0.0022,-0.0215
19870501,-0.0057,-0.0201,-0.0021,0.0028,0.027000000000000003,-0.0157,-0.0065,-0.0036,-0.0024,0.0023,0.0047,-0.0062,-0.016,0.0003,-0.0018,0.0153,0.0061,-0.0075,-0.0126,0.0009,-0.0045,0.0042,-0.0073,0.0014
19870601,-0.0072,0.0132,0.0215,0.0141,0.0362,0.0131,0.0249,0.0352,0.0261,0.0337,0.0152,0.0206,0.0512,0.0425,0.0294,0.042,0.026000000000000002,0.0384,0.0296,0.0322,-0.0213,0.0108,-0.0021,0.039
19870701,0.0134,0.0152,0.017,0.0223,0.0493,0.0183,0.0146,0.0294,0.0312,0.052000000000000005,0.0172,0.0411,0.0374,0.0314,0.0764,0.0329,0.0428,0.0449,0.0378,0.0466,-0.0052,0.0118,0.0271,0.0395
19870801,0.0018,0.0186,0.0233,0.0201,0.0018,0.0226,0.0298,0.0353,0.0225,0.0351,0.0317,0.0309,0.0378,0.0331,-0.0002,0.0427,0.0359,0.0289,0.0319,0.0137,-0.0086,-0.0115,-0.0087,0.0325
19870901,-0.032,-0.0095,-0.0126,-0.0103,-0.0166,-0.0254,-0.0276,-0.0133,-0.0112,-0.0295,-0.0386,-0.0278,-0.0243,-0.0344,-0.0087,-0.0263,-0.0176,-0.0294,-0.0211,-0.001,0.0053,0.0006,0.006999999999999999,-0.0252
19871001,-0.3462,-0.3124,-0.2891,-0.2895,-0.2894,-0.3315,-0.3215,-0.2825,-0.2679,-0.2937,-0.2988,-0.2958,-0.2523,-0.2324,-0.2749,-0.2582,-0.2953,-0.2583,-0.1778,-0.2432,-0.084,0.0417,-0.0787,-0.2309
19871101,-0.0896,-0.0522,-0.0522,-0.0495,-0.0372,-0.0747,-0.0524,-0.0422,-0.0363,-0.0338,-0.0787,-0.027000000000000003,-0.031,-0.0356,-0.0392,-0.0655,-0.0593,-0.0648,-0.0446,-0.0221,0.0265,0.0309,-0.0116,-0.0764
19871201,0.0238,0.0454,0.0539,0.0446,0.0287,0.1128,0.0936,0.071,0.055999999999999994,0.0469,0.1173,0.0924,0.0601,0.0422,0.062,0.121,0.1044,0.0882,0.0372,0.0285,0.0006,-0.043,0.0577,0.0665
19880101,0.0542,0.0696,0.0401,0.0504,0.0609,0.0159,0.0263,0.0486,0.0386,0.0659,0.0138,0.031,0.0374,0.0753,0.0635,-0.0004,0.0417,0.0403,0.0579,0.0599,-0.0068,0.0539,-0.0759,0.0424
19880201,0.0552,0.0712,0.0712,0.0686,0.0701,0.0797,0.1139,0.0855,0.0724,0.0735,0.0815,0.0764,0.062,0.0639,0.0664,0.0804,0.0888,0.0604,0.0436,0.057,0.0328,-0.0162,-0.0156,0.047
19880301,0.0349,0.0552,0.0521,0.0467,0.0456,0.0189,0.0661,0.0315,0.0296,0.0408,0.0234,0.0069,0.0078,-0.0057,0.0078,-0.0141,0.0043,-0.005,-0.0083,0.0395,0.0621,0.0093,0.0065,-0.0215
19880401,0.0057,0.0081,0.0194,0.006,0.033,0.0171,0.0373,0.0257,0.0122,0.0196,-0.0123,-0.0034,0.013999999999999999,0.0004,0.0194,-0.0049,0.0034,0.008,-0.0106,-0.0009,0.0083,0.0152,0.0226,0.0064
19880501,-0.0409,-0.0263,-0.0118,-0.0247,-0.0137,-0.0496,-0.0265,-0.0291,-0.0191,-0.0145,-0.0123,-0.0239,-0.0159,0.0096,0.0023,-0.0126,-0.0104,-0.0128,0.0203,0.0062,-0.027000000000000003,0.024,0.0067,-0.0042
19880601,0.0588,0.057999999999999996,0.0541,0.055999999999999994,0.0457,0.0676,0.10099999999999999,0.0774,0.0482,0.0779,0.0614,0.073,0.0605,0.0535,0.0419,0.0676,0.0628,0.0624,0.0313,0.0764,0.0187,-0.0145,-0.0294,0.0465
19880701,-0.0144,-0.009000000000000001,-0.0149,0.0048,-0.0156,-0.0309,-0.0288,-0.0046,0.001,0.0054,-0.0488,-0.0238,-0.0188,-0.0068,-0.0094,-0.0386,-0.0407,-0.0016,-0.0178,-0.0047,-0.0024,0.0227,0.0062,-0.0123
19880801,-0.047,-0.0314,-0.0179,-0.0188,-0.0267,-0.0456,-0.0444,-0.0272,-0.0116,-0.0198,-0.0479,-0.0289,-0.0285,-0.0068,-0.0114,-0.046,-0.0377,-0.0123,-0.0059,0.0018,0.0006,0.0196,0.0031,-0.0338
19880901,0.0064,0.0214,0.0222,0.0106,0.0216,0.0205,0.0193,0.0195,0.0217,0.0233,0.0321,0.018000000000000002,0.0201,0.0096,0.0194,0.042,0.0055,0.0295,0.0145,0.0401,-0.0125,-0.0075,0.0026,0.0311
19881001,-0.0354,-0.0239,-0.0166,-0.0294,-0.0168,-0.0316,-0.0145,-0.0025,-0.0071,-0.0116,-0.0204,0.0005,0.0047,0.0002,0.0198,-0.0235,0.0037,-0.0012,0.0045,0.0154,-0.0273,0.0173,0.0131,0.0116
19881101,-0.0544,-0.0527,-0.0395,-0.0366,-0.0488,-0.048,-0.0361,-0.0248,-0.0382,-0.0265,-0.0358,-0.032,-0.0404,-0.0113,-0.0262,-0.0213,-0.0304,-0.0389,-0.0199,-0.0194,-0.0162,0.0135,0.004,-0.0221
19881201,0.0114,0.035,0.027000000000000003,0.0396,0.0206,0.0449,0.0356,0.0311,0.0418,0.0213,0.0376,0.0301,0.028999999999999998,0.0152,0.0256,0.0272,0.0241,0.0126,0.0124,-0.0096,0.0189,-0.0142,0.0043,0.0145
19890101,0.0476,0.0529,0.0366,0.0352,0.0511,0.0284,0.0515,0.0409,0.0319,0.0674,0.0416,0.047,0.0458,0.033,0.0453,0.0416,0.0507,0.0509,0.0564,0.07200000000000001,-0.0221,0.0047,-0.0015,0.0604
19890201,-0.0191,-0.0021,0.0007,0.0081,0.0126,0.0044,0.0122,0.0063,0.0007,0.0094,-0.0074,-0.0006,-0.0014,0.005,-0.0059,-0.0094,-0.0061,-0.0127,-0.0051,0.0029,0.0285,0.008,0.0087,-0.0225
19890301,0.0059,0.0204,0.0365,0.0204,0.0245,0.0104,0.0187,0.0149,0.0132,0.023,0.0144,0.0055,0.0099,0.0242,0.0212,-0.0094,0.0094,0.0207,-0.0018,0.0179,0.0059,0.0033,0.0356,0.0148
19890401,0.0242,0.025,0.0302,0.0156,0.0223,0.0394,0.0489,0.0406,0.0211,0.0502,0.0452,0.0444,0.0388,0.0331,0.0231,0.0579,0.0458,0.0334,0.0463,0.0376,-0.0065,-0.0167,0.017,0.0418
19890501,0.0242,0.0439,0.0127,0.031,0.0259,0.039,0.0244,0.0323,0.0267,0.0298,0.0484,0.0361,0.0313,0.032,0.0309,0.037000000000000005,0.0206,0.0209,0.0382,0.0502,-0.0008,-0.0105,0.0154,0.0317
19890601,-0.0374,-0.0233,-0.0294,-0.0064,-0.0013,-0.055,-0.0255,-0.0119,-0.0144,-0.0223,-0.0385,-0.019,-0.0199,-0.0051,0.0182,-0.0294,-0.0206,-0.0004,0.0101,0.0188,-0.0096,0.0218,0.0065,-0.0121
19890701,0.0204,0.042,0.0157,0.0276,0.0076,0.0493,0.0446,0.0253,0.0297,0.024,0.0468,0.0438,0.0278,0.0396,0.031,0.0774,0.0779,0.0537,0.0531,0.0695,-0.0419,-0.0296,0.054000000000000006,0.0707
19890801,0.0134,-0.0084,-0.0002,0.019,0.0078,0.0286,0.0205,0.0253,0.0238,0.024,0.0217,0.021,0.0424,0.0256,0.013000000000000001,0.0298,0.0303,0.022000000000000002,0.028999999999999998,0.0075,0.0052,0.0067,-0.0014,0.0149
19890901,0.0066,-0.0109,-0.0125,0.0028,-0.0108,0.0189,-0.0078,0.0003,0.0005,-0.0143,0.0085,-0.0197,-0.0207,-0.0076,-0.0203,-0.0038,-0.0358,-0.0391,-0.0171,-0.0016,0.0034,-0.0132,0.0335,-0.0083
19891001,-0.0576,-0.0611,-0.0536,-0.052000000000000005,-0.0745,-0.0557,-0.0787,-0.0564,-0.0602,-0.0841,-0.0475,-0.064,-0.07,-0.0574,-0.0536,-0.0355,-0.0438,-0.0859,-0.0368,-0.0482,-0.0301,-0.0088,0.013999999999999999,-0.0362
19891101,-0.0128,-0.0053,-0.0121,-0.0075,-0.0194,-0.0044,0.0104,-0.002,0.0099,-0.0158,0.0112,0.0116,-0.0074,0.0013,0.0179,0.0161,0.0148,-0.0013,-0.005,0.0038,-0.0128,-0.0123,0.026000000000000002,0.011000000000000001
19891201,-0.0143,-0.0141,-0.0171,-0.0134,-0.0231,0.006999999999999999,-0.0076,0.0012,0.0022,-0.0014,-0.0053,0.0002,-0.0202,0.0103,-0.0019,0.0199,0.0138,0.0087,0.0099,0.0127,-0.0231,0.0018,0.0276,0.0122
19900101,-0.0873,-0.0818,-0.0525,-0.0719,-0.0654,-0.1,-0.0987,-0.0763,-0.079,-0.0975,-0.1005,-0.0979,-0.0823,-0.0759,-0.0832,-0.0744,-0.0623,-0.0842,-0.0956,-0.1007,-0.01,0.01,-0.0331,-0.0758
19900201,0.0145,0.0145,0.006,0.0288,0.0091,0.027999999999999997,0.0316,0.024,0.026000000000000002,0.0188,0.0281,0.0271,0.0129,0.0081,0.0259,0.0102,0.0079,0.0083,0.0106,0.0325,0.0091,0.0053,-0.0053,0.0093
19900301,0.0366,0.0215,0.0144,0.0315,0.0072,0.0435,0.0387,0.0401,0.0235,0.0089,0.0428,0.0193,0.0203,0.0078,-0.0074,0.0312,0.0335,0.0132,0.0146,-0.0036,0.0125,-0.0285,0.0173,0.0178
19900401,-0.0329,-0.0304,-0.0252,-0.0306,-0.0415,-0.0476,-0.0433,-0.0272,-0.0337,-0.0647,-0.0311,-0.0287,-0.0366,-0.062,-0.0657,-0.0346,-0.0483,-0.0705,-0.0592,-0.0695,-0.0023,-0.0231,0.0236,-0.0351
19900501,0.0748,0.0537,0.0536,0.0358,0.0268,0.099,0.0786,0.0483,0.0405,0.0302,0.0858,0.081,0.0603,0.0431,0.0562,0.1046,0.0784,0.0949,0.0655,0.0872,-0.028999999999999998,-0.0387,0.0304,0.0821
19900601,0.0055,0.0194,0.0192,-0.0014,-0.0085,-0.0044,0.002,-0.0177,-0.0114,-0.0099,0.0145,0.0005,-0.0098,-0.0249,-0.0125,-0.0006,-0.0245,-0.0236,-0.0208,-0.0106,0.0116,-0.0222,0.0237,-0.0106
19900701,-0.0526,-0.0573,-0.0376,-0.0387,-0.0489,-0.063,-0.0498,-0.0497,-0.0334,-0.0515,-0.05,-0.022000000000000002,-0.0395,-0.0555,-0.0434,-0.0288,-0.0248,-0.0406,-0.0239,-0.0379,-0.028999999999999998,-0.0036,0.0594,-0.0162
19900801,-0.1724,-0.1489,-0.1307,-0.1171,-0.1301,-0.152,-0.1432,-0.1319,-0.1087,-0.1194,-0.1425,-0.1426,-0.1138,-0.0957,-0.1039,-0.1012,-0.1201,-0.1109,-0.0898,-0.1175,-0.0334,0.0163,0.0181,-0.0983
19900901,-0.1116,-0.0991,-0.0834,-0.0763,-0.0918,-0.1113,-0.1023,-0.0903,-0.0713,-0.0852,-0.0961,-0.0762,-0.0727,-0.0892,-0.0887,-0.063,-0.0706,-0.1032,-0.0717,-0.0939,-0.0362,0.0056,0.0552,-0.0599
19901001,-0.0714,-0.067,-0.0739,-0.0592,-0.0785,-0.0755,-0.0615,-0.0496,-0.048,-0.0846,-0.0526,-0.0565,-0.0467,-0.0355,-0.0533,-0.0131,-0.0391,-0.0822,-0.0191,-0.0379,-0.0576,0.0027,0.0665,-0.0192
19901101,0.0293,0.0433,0.0387,0.0198,0.0045,0.1158,0.0528,0.0654,0.0659,0.0398,0.1028,0.0845,0.0653,0.0718,0.0638,0.0853,0.0746,0.1049,0.0844,0.0682,0.0027,-0.0287,-0.0566,0.0603
19901201,-0.0029,-0.011000000000000001,-0.001,0.0177,-0.0018,0.0364,0.0472,0.0391,0.0327,0.034,0.0608,0.0393,0.0328,0.03,0.0252,0.0331,0.0352,0.0383,0.037000000000000005,0.032,0.0088,-0.0163,0.0012,0.0235
19910101,0.0727,0.0669,0.1001,0.0827,0.1055,0.0935,0.0627,0.0675,0.0618,0.0831,0.0891,0.0827,0.0604,0.0755,0.0328,0.0783,0.034,0.076,0.0376,0.054000000000000006,0.0358,-0.0165,-0.0661,0.0438
19910201,0.1362,0.1149,0.1264,0.121,0.1136,0.1118,0.0986,0.0962,0.0741,0.1348,0.0908,0.1061,0.07400000000000001,0.0821,0.0795,0.0831,0.0875,0.0865,0.0707,0.0666,0.0387,-0.0098,-0.0479,0.0709
19910301,0.0979,0.0815,0.0747,0.055999999999999994,0.0741,0.0719,0.0473,0.0498,0.0587,0.0617,0.0724,0.0219,0.0214,0.0444,0.0548,0.0451,0.0352,0.0269,0.0333,0.0267,0.039,-0.0122,0.0281,0.0244
19910401,0.0049,0.0034,0.0077,0.0018,0.0014,-0.0199,0.0046,0.0078,0.0103,0.0098,-0.0327,-0.0104,0.0255,0.0193,0.0109,-0.0143,-0.0038,0.0343,0.0143,-0.0014,0.0062,0.0152,-0.0243,-0.0019
19910501,0.0195,0.038,0.0415,0.026000000000000002,0.0276,0.0486,0.025,0.0525,0.0287,0.0309,0.0325,0.0624,0.0427,0.0406,-0.0003,0.0613,0.0224,0.0567,0.0403,0.0515,-0.0037,-0.0056,-0.0015,0.0359
19910601,-0.0752,-0.0422,-0.0422,-0.0442,-0.0419,-0.055,-0.0561,-0.0371,-0.0324,-0.0614,-0.0497,-0.0485,-0.04,-0.0258,-0.0494,-0.0564,-0.0484,-0.062,-0.0368,-0.02,0.0019,0.012,0.0043,-0.0484
19910701,0.0215,0.0357,0.0175,0.0289,0.0229,0.0382,0.0292,0.0284,0.0301,0.0161,0.0552,0.0365,0.032,0.0268,0.0645,0.0545,0.0356,0.0141,0.0471,0.0669,-0.0072,-0.01,0.0439,0.0419
19910801,0.0333,0.038,0.0249,0.0099,0.0207,0.0369,0.0312,0.0321,0.0294,0.0291,0.0506,0.0403,0.0218,0.0358,0.0532,0.0114,0.0202,0.0215,0.0239,0.027999999999999997,0.0153,-0.0098,0.0158,0.0223
19910901,0.0383,0.0205,-0.0001,-0.0066,-0.017,0.0005,0.0049,0.0172,0.0046,-0.0196,-0.0029,-0.0087,-0.0129,0.0003,-0.0409,-0.0076,-0.0217,-0.0154,-0.0033,-0.0154,0.0157,-0.0113,0.0173,-0.0157
19911001,0.066,0.0367,0.011000000000000001,0.0332,0.0112,0.0211,0.0077,0.0272,0.0008,0.0137,0.0236,0.0049,0.0129,0.0227,0.0361,0.0214,-0.0027,0.0134,0.0227,0.033,0.0085,-0.0061,0.0319,0.0135
19911101,-0.0216,-0.0413,-0.0484,-0.0327,-0.0322,-0.0545,-0.0609,-0.0317,-0.0563,-0.0731,-0.0366,-0.0518,-0.0473,-0.0504,-0.0605,-0.0273,-0.0538,-0.0418,-0.0332,-0.0702,-0.0047,-0.018000000000000002,0.0126,-0.0412
19911201,0.0592,0.0384,0.0521,0.0345,0.0461,0.1098,0.066,0.0526,0.0569,0.0779,0.1379,0.1043,0.0682,0.0919,0.1073,0.129,0.0847,0.0954,0.0839,0.1092,-0.024,-0.039,0.0828,0.1032
19920101,0.1412,0.1597,0.0812,0.1359,0.1577,0.0784,0.0433,0.0601,0.0699,0.0938,0.0092,0.0434,0.0494,0.0526,0.09300000000000001,-0.0056,0.0122,0.0126,0.0011,0.0575,0.0849,0.0472,-0.0246,-0.0051
19920201,-0.003,0.0522,0.0259,0.0459,0.0959,0.0014,0.0229,0.0147,0.0437,0.0567,-0.0015,0.0208,0.0351,0.0258,0.0816,-0.0077,0.025,0.0273,0.0204,0.0479,0.0078,0.0662,-0.0068,0.0105
19920301,-0.0697,-0.0594,-0.0278,0.0011,-0.0154,-0.0878,-0.0234,-0.0214,-0.0054,-0.0134,-0.0535,-0.0245,-0.0079,-0.0005,-0.0196,-0.0597,-0.0124,-0.0306,-0.0118,-0.0289,-0.0135,0.0359,-0.0032,-0.0271
19920401,-0.1034,-0.0384,-0.0511,-0.0421,-0.0323,-0.0657,-0.0381,-0.0311,-0.0272,-0.0017,-0.0591,-0.0179,-0.0129,0.0011,0.0244,-0.0226,0.0041,0.013999999999999999,0.0349,0.0348,-0.0603,0.0437,-0.0258,0.0106
19920501,-0.0192,-0.0001,-0.0034,-0.0161,0.0147,-0.0048,0.002,0.0125,0.0084,0.0363,-0.004,-0.0086,0.0156,0.0041,0.0334,-0.0021,0.0114,0.0094,0.0037,-0.0041,0.0042,0.0117,0.0009,0.0037
19920601,-0.09300000000000001,-0.0555,-0.0555,-0.053,-0.0459,-0.0587,-0.0603,-0.0274,-0.0355,-0.0131,-0.0495,-0.0432,-0.0269,-0.0165,-0.0079,-0.0215,-0.0409,-0.0227,-0.0001,-0.0149,-0.0316,0.0328,-0.0058,-0.0224
19920701,0.006,0.0059,0.0162,0.0215,0.0243,0.0239,0.0377,0.0287,0.0419,0.0269,0.0456,0.0445,0.0342,0.0508,0.0318,0.049,0.0378,0.0341,0.0386,0.0179,-0.0028,-0.004,0.0145,0.0368
19920801,-0.0472,-0.0315,-0.0198,-0.0231,-0.0351,-0.0433,-0.0372,-0.0074,-0.0067,-0.0373,-0.0422,-0.0223,-0.0256,-0.0147,-0.0339,-0.0134,-0.027999999999999997,-0.026000000000000002,-0.0177,-0.0512,-0.0004,-0.0107,-0.0052,-0.0234
19920901,-0.0009,0.0151,0.0145,0.0162,0.0068,0.0183,0.013000000000000001,0.0355,0.0189,0.019,0.0227,0.0272,0.0146,0.0044,0.0143,0.0047,0.0309,0.0156,0.0096,-0.0009,0.0071,-0.0009,0.0146,0.0098
19921001,0.0237,0.0156,0.0248,0.0198,0.0122,0.0463,0.0365,0.0241,0.0095,0.0238,0.057,0.032,0.0171,0.0219,0.0104,0.0456,0.0055,0.0079,0.0186,0.0485,0.0222,-0.0206,0.0271,0.0086
19921101,0.1026,0.1026,0.0763,0.0815,0.0761,0.0913,0.0791,0.0607,0.0433,0.0617,0.0953,0.0653,0.0583,0.046,0.0417,0.0687,0.0472,0.0379,0.0252,0.0413,0.0339,-0.0166,-0.0025,0.0379
19921201,0.0112,0.0332,0.0461,0.0363,0.049,0.0133,0.023,0.0301,0.0598,0.0458,0.0284,0.0551,0.0218,0.0379,0.0406,0.0122,0.0152,0.0386,0.0384,0.0448,0.0162,0.0243,0.0445,0.0148
19930101,0.0246,0.0557,0.0438,0.0509,0.0777,-0.009000000000000001,0.0301,0.0424,0.0449,0.0777,-0.0223,0.0305,0.0412,0.0283,0.0399,0.0093,0.0136,0.0271,0.0242,0.043,0.0198,0.0596,0.0481,0.0101
19930201,-0.078,-0.0534,-0.0238,-0.0081,0.0052,-0.0818,-0.0479,-0.0062,0.0238,0.016,-0.0821,0.0,0.0131,0.0065,0.0334,-0.0528,0.0164,0.0135,0.0297,0.0197,-0.0338,0.0643,0.0309,0.0033
19930301,0.0039,0.0148,0.0334,0.0218,0.0458,0.008,0.022000000000000002,0.0364,0.0182,0.0387,0.0456,0.031,0.0272,0.0327,0.057,0.0234,0.0458,0.0378,0.0305,0.0186,0.0049,0.0127,0.0371,0.0225
19930401,-0.0415,-0.0478,-0.0312,-0.0255,-0.0157,-0.0339,-0.0339,-0.0195,-0.0257,-0.0429,-0.0464,-0.0319,-0.0312,-0.019,-0.0162,-0.0516,-0.0273,-0.0209,-0.02,-0.0223,-0.0049,0.0264,0.0031,-0.0279
19930501,0.054000000000000006,0.0419,0.0355,0.0289,0.0435,0.0672,0.0434,0.0319,0.0127,0.0407,0.0757,0.0642,0.0271,0.0222,0.0191,0.0657,0.0386,0.0178,0.0086,0.0253,0.0207,-0.0348,0.0026,0.0272
19930601,-0.0193,0.0031,-0.0023,-0.0112,0.0181,-0.0066,0.005,0.0036,-0.0009,0.0193,-0.0111,0.0003,0.0131,0.0228,0.0079,0.0044,0.0042,0.0202,0.009000000000000001,0.0353,-0.0023,0.0254,0.045,0.0026
19930701,-0.0176,-0.0067,0.0073,0.016,0.0302,-0.0021,0.002,0.0105,0.0251,0.018000000000000002,-0.0068,-0.0027,0.006,0.0196,-0.0051,-0.0288,0.0102,0.009000000000000001,0.0202,0.0051,0.01,0.03,0.0322,-0.0032
19930801,0.0361,0.0485,0.0348,0.0313,0.0279,0.0332,0.0558,0.0441,0.0522,0.0321,0.0385,0.0465,0.0333,0.0295,0.0261,0.0606,0.0325,0.0457,0.0323,0.0467,0.0012,0.0004,0.0255,0.0368
19930901,0.0195,0.0206,0.026000000000000002,0.0272,0.0322,0.034,0.0355,0.02,0.0209,0.0215,0.0382,0.0063,0.0075,0.0156,0.0005,0.0043,0.0199,-0.0015,-0.0113,-0.0177,0.0305,-0.0024,0.0346,-0.002
19931001,0.05,0.0467,0.0446,0.0387,0.0415,0.0372,0.0188,0.0062,0.0099,0.0051,0.0171,-0.0142,0.0017,-0.0004,0.0371,0.0303,0.0008,-0.0067,-0.0104,-0.013000000000000001,0.0178,-0.023,-0.0266,0.0159
19931101,-0.0417,-0.031,-0.0236,-0.0219,-0.0209,-0.0297,-0.0345,-0.0292,-0.045,-0.0406,-0.0284,-0.0253,-0.0307,-0.0401,-0.0118,-0.0264,-0.0322,-0.024,-0.0255,-0.0482,-0.0148,-0.0101,-0.0476,-0.0198
19931201,0.0041,0.0056,0.0135,0.0103,0.0091,0.0206,0.0432,0.0443,0.0124,0.0372,0.0374,0.059000000000000004,0.0494,0.0395,0.0236,0.04,0.0544,0.0347,0.0205,0.0347,0.0123,0.0027,0.0227,0.0171
19940101,0.023,0.0616,0.0501,0.0487,0.0577,0.011000000000000001,0.0182,0.0168,0.0257,0.0474,0.0177,0.0141,0.013000000000000001,0.0183,0.066,0.0218,0.0287,0.0392,0.0223,0.0276,0.0031,0.015,0.0001,0.0288
19940201,-0.0335,0.0145,-0.0076,-0.0015,-0.0025,-0.0053,-0.0003,0.0018,-0.0192,-0.0181,-0.0109,0.015,0.0054,-0.0216,-0.0178,-0.0124,-0.0016,-0.0184,-0.0275,-0.0521,0.0266,-0.0146,-0.0026,-0.0262
19940301,-0.0775,-0.0543,-0.0439,-0.0495,-0.0333,-0.0747,-0.055999999999999994,-0.054000000000000006,-0.0397,-0.0597,-0.0609,-0.0505,-0.0474,-0.0451,-0.059000000000000004,-0.0613,-0.0528,-0.0482,-0.0311,-0.0243,-0.0096,0.015,-0.013000000000000001,-0.0484
19940401,-0.0407,-0.0081,-0.0188,-0.0058,0.0057,-0.0122,0.0035,0.0124,0.0117,0.0191,-0.0174,0.0188,0.0058,0.0066,0.0137,-0.0063,0.0066,0.0117,0.0198,0.0063,-0.0086,0.0148,0.0042,0.0071
19940501,-0.0271,-0.0246,-0.0074,-0.0077,-0.0082,-0.026000000000000002,-0.0261,-0.0168,-0.0016,0.008,-0.0249,-0.0164,0.0009,-0.011000000000000001,-0.0082,-0.0059,-0.0018,0.0,-0.0161,-0.0195,-0.0201,0.0033,-0.0216,0.0063
19940601,-0.0692,-0.0461,-0.0492,-0.0237,-0.0228,-0.0578,-0.0313,-0.0078,-0.0166,-0.0162,-0.0477,-0.0286,-0.0006,-0.0137,-0.0201,-0.0537,-0.0311,-0.023,-0.0208,-0.0382,-0.0044,0.0199,-0.0085,-0.0305
19940701,-0.001,-0.0042,0.0013,0.005,0.0116,0.0226,0.0152,0.0195,0.0097,0.0337,0.0349,0.0191,0.0036,0.0284,0.0462,0.0197,0.0205,0.0389,0.044000000000000004,0.0523,-0.0173,0.0103,0.0018,0.0276
19940801,0.0325,0.0447,0.0259,0.0287,0.0246,0.0893,0.0526,0.0324,0.0441,0.0424,0.0951,0.0405,0.0397,0.0434,0.0274,0.0811,0.0459,0.0208,0.0256,0.0409,0.0117,-0.0285,0.0153,0.0391
19940901,0.0077,0.0108,0.0096,0.0168,0.0037,-0.0031,-0.0008,-0.0046,-0.0062,-0.0235,0.0046,-0.0201,-0.0195,-0.0147,-0.0261,-0.0095,-0.0281,-0.0297,-0.0386,-0.0266,0.026000000000000002,-0.0135,0.0129,-0.0224
19941001,-0.0145,0.0117,-0.0004,0.0085,-0.0071,0.0112,-0.0001,-0.0104,-0.0203,-0.0409,0.0229,0.0007,-0.006999999999999999,-0.017,-0.018000000000000002,0.0106,-0.0012,-0.0084,-0.006999999999999999,-0.0132,-0.0242,-0.0145,0.0146,0.0111
19941101,-0.0463,-0.0355,-0.033,-0.0317,-0.0388,-0.0289,-0.0456,-0.0447,-0.0384,-0.0577,-0.0631,-0.0424,-0.0438,-0.0496,-0.0406,-0.04,-0.0402,-0.0534,-0.0458,-0.0431,-0.0014,0.0002,-0.0019,-0.0408
19941201,-0.0343,-0.0078,-0.0022,-0.0009,-0.0086,0.0107,0.0179,0.0235,0.0224,0.0009,0.0162,0.0159,0.0254,0.0337,0.0307,0.0137,0.005,0.0054,-0.0004,0.0105,0.001,0.0,0.0347,0.0084
19950101,0.0141,0.0143,0.0201,0.0183,0.0203,-0.019,-0.0134,-0.0087,-0.003,-0.0013,-0.0237,-0.0139,-0.0241,-0.0012,0.0119,-0.0009,0.0116,-0.0025,0.0336,0.0347,-0.0303,0.0254,-0.0182,0.0164
19950201,0.0187,0.0261,0.017,0.0273,0.0285,0.0339,0.027999999999999997,0.0282,0.0454,0.0459,0.0561,0.043,0.0505,0.0414,0.0404,0.0356,0.0516,0.0436,0.0358,0.0396,-0.0034,0.0011,-0.0038,0.0356
19950301,0.0052,0.0142,0.001,0.0081,0.0007,0.0323,0.0185,0.0165,0.0149,0.0141,0.0309,0.0208,0.0096,-0.0027,0.0053,0.0189,0.0358,0.0259,0.0169,-0.0106,-0.0047,-0.019,0.0044,0.0224
19950401,0.0133,0.0276,0.0175,0.0259,0.0412,-0.0012,0.0187,0.0285,0.012,0.0298,-0.0015,0.0147,0.0253,0.0255,0.0162,0.0026,0.0142,0.0249,0.0125,0.0231,-0.0046,0.0213,0.0177,0.0205
19950501,0.0126,0.0155,0.0068,0.0116,0.0348,0.0057,0.0168,0.0096,0.027000000000000003,0.0148,0.0159,-0.0091,0.0154,0.0232,0.0203,0.0161,0.0034,0.0232,0.0352,0.0305,-0.0208,0.0175,-0.0049,0.0287
19950601,0.0737,0.0713,0.0545,0.0426,0.0443,0.0932,0.034,0.0391,0.0398,0.0367,0.0585,0.0274,0.0405,0.0173,0.0182,0.0637,0.0219,0.04,0.0057,0.0234,0.0293,-0.0291,0.0285,0.0261
19950701,0.0683,0.0575,0.0472,0.0452,0.0447,0.0861,0.0539,0.0381,0.0452,0.0432,0.0744,0.040999999999999995,0.0458,0.0376,0.0358,0.0763,0.061,0.0356,0.0361,0.0072,0.022000000000000002,-0.0212,0.0256,0.0362
19950801,0.0357,0.0432,0.0355,0.039,0.0318,0.0018,0.0101,0.015,0.0338,0.031,0.0022,0.0068,0.0145,0.0322,0.0299,-0.0031,0.0103,0.0231,0.0143,0.026000000000000002,0.0171,0.0204,0.0015,0.0046
19950901,0.0303,0.0194,0.0131,0.0155,0.0212,0.02,0.0157,0.0174,0.0122,-0.0044,0.0232,0.0028,0.0109,0.0096,0.003,0.0332,0.0144,0.0081,0.0133,0.0293,-0.0219,-0.0064,0.0287,0.0321
19951001,-0.0653,-0.0651,-0.05,-0.0318,-0.0305,-0.0772,-0.0721,-0.0555,-0.0484,-0.057,-0.0295,-0.0407,-0.039,-0.0392,-0.0258,-0.0194,-0.0602,-0.02,-0.0176,-0.0092,-0.0412,0.0035,0.042,-0.0158
19951101,0.0152,0.0142,0.0103,0.0195,0.0074,0.0481,0.036000000000000004,0.0431,0.0486,0.040999999999999995,0.0567,0.0258,0.0336,0.0468,0.057999999999999996,0.0418,0.0305,0.0443,0.0562,0.0275,-0.008,0.0023,-0.006,0.0388
19951201,0.0166,0.0326,0.0052,0.0104,0.0094,0.0188,0.0252,0.0285,0.0304,0.0256,0.0111,0.0179,0.0273,0.0114,0.0157,-0.0261,-0.0021,0.0053,0.0109,0.003,0.0048,0.01,0.0252,0.0105
19960101,0.0154,-0.002,0.0082,0.0014,0.0082,-0.0056,-0.0147,-0.0072,-0.0048,0.0121,-0.0294,0.0065,-0.0156,0.0235,-0.0046,0.0085,0.0215,0.0188,0.0052,0.0162,-0.0255,0.0042,0.0056,0.0238
19960201,0.0281,0.0218,0.0256,0.0237,0.0306,0.0524,0.0335,0.0163,0.0209,0.0034,0.0499,0.0204,0.0278,0.0157,0.0117,0.0499,0.0069,0.0173,0.0097,-0.0283,0.0206,-0.0197,0.006,0.0122
19960301,0.0216,0.0398,0.0293,0.0241,0.0193,0.0187,0.0083,0.0194,0.0189,0.0247,0.0213,0.0213,0.0182,0.0409,0.0098,0.0101,-0.0008,0.0168,0.0146,0.0092,0.0125,0.0105,-0.0187,0.0073
19960401,0.08,0.0907,0.0852,0.0454,0.0533,0.1026,0.0529,0.0347,0.0617,0.0121,0.0584,0.0329,0.0124,0.0135,0.006,0.0582,0.0459,0.0233,0.0025,-0.0324,0.0502,-0.0429,-0.0092,0.0205
19960501,0.0749,0.0598,0.0737,0.0564,0.0501,0.0589,0.0347,0.0409,0.0757,0.022000000000000002,0.0287,0.0283,0.0183,-0.0019,0.0141,0.0257,0.0029,0.0044,0.009000000000000001,-0.0039,0.0324,-0.0146,0.0162,0.0225
19960601,-0.0801,-0.0628,-0.0513,-0.0314,-0.0259,-0.0699,-0.0413,-0.0275,-0.0381,-0.0124,-0.0834,-0.0259,-0.0052,-0.0048,-0.0097,-0.047,-0.0273,-0.0145,-0.0019,0.0252,-0.0399,0.0253,0.0102,-0.0117
19960701,-0.1523,-0.0999,-0.0738,-0.0434,-0.0628,-0.16,-0.0927,-0.075,-0.0532,-0.0676,-0.1232,-0.0698,-0.0589,-0.0716,-0.0497,-0.0894,-0.0584,-0.0496,-0.053,-0.0603,-0.0359,0.0448,-0.0015,-0.0579
19960801,0.0408,0.0435,0.0359,0.0355,0.034,0.0745,0.0589,0.0343,0.0429,0.0481,0.0752,0.0533,0.0552,0.0563,0.0441,0.0507,0.0515,0.0496,0.0486,0.0296,0.0229,-0.0062,0.0002,0.0281
19960901,0.0257,0.0235,0.0207,0.0332,0.0179,0.0542,0.018000000000000002,0.0207,0.0372,0.0353,0.0748,0.0361,0.0339,0.012,0.0136,0.0561,0.0415,0.0334,0.0301,0.0256,-0.0085,-0.0376,0.0268,0.0486
19961001,-0.0663,-0.0214,-0.0065,0.0077,-0.0014,-0.0511,-0.0271,0.0091,0.0129,0.005,-0.0693,-0.0303,0.0062,0.0117,-0.0018,-0.0418,0.0151,0.0209,0.0158,0.0282,-0.0403,0.0462,0.0383,0.0097
19961101,-0.0084,0.0105,0.0364,0.0391,0.0399,0.0124,0.0246,0.051,0.0243,0.0453,0.0185,0.0514,0.0693,0.0403,0.0453,0.0515,0.0515,0.0635,0.0545,0.0591,-0.0346,0.0009,-0.0238,0.0616
19961201,-0.0098,0.0141,0.0224,0.0149,0.0126,0.0164,0.0038,0.0288,0.0313,0.015,-0.0091,0.0032,0.0189,0.0033,0.0061,-0.0198,-0.008,-0.0046,-0.0016,0.0158,0.0314,0.0108,0.0059,-0.016
19970101,0.0582,0.049,0.055,0.0444,0.0277,0.0346,0.0327,0.0071,0.0081,0.015,0.0033,0.0194,0.0087,0.0248,0.0337,0.0191,0.0408,0.0311,0.015,0.0233,-0.0158,-0.0254,0.0192,0.0485
19970201,-0.0615,-0.0567,-0.016,0.0026,0.0062,-0.0943,-0.0247,-0.0026,0.0184,0.0046,-0.0682,-0.009000000000000001,0.0037,0.0041,0.0062,-0.0395,0.0071,0.0071,0.0199,0.0193,-0.0254,0.0483,-0.0203,-0.0048
19970301,-0.1012,-0.0685,-0.0398,-0.0167,-0.0255,-0.0961,-0.055999999999999994,-0.0259,-0.0274,-0.0233,-0.0845,-0.0402,-0.0403,-0.0228,-0.0294,-0.0757,-0.0456,-0.0405,-0.0371,-0.0413,-0.0032,0.0385,0.0097,-0.0487
19970401,-0.0535,-0.0377,-0.027000000000000003,-0.0219,-0.0321,-0.0412,-0.0112,0.0061,0.0067,-0.0045,-0.0175,0.0276,0.0323,0.0217,0.0134,0.0214,0.0147,0.027000000000000003,0.0165,0.0082,-0.0514,-0.012,0.0493,0.0382
19970501,0.1138,0.1159,0.0951,0.0766,0.0752,0.171,0.1255,0.0905,0.0857,0.0772,0.1503,0.0966,0.0708,0.0591,0.0697,0.0929,0.0653,0.0554,0.0693,0.0634,0.0462,-0.0409,-0.0519,0.0664
19970601,0.032,0.0446,0.0603,0.0737,0.0667,0.0287,0.0455,0.0539,0.0597,0.0628,0.0396,0.0319,0.0478,0.0399,0.0525,0.0154,0.042,0.0443,0.0349,0.0172,0.0136,0.0083,0.0258,0.0405
19970701,0.0318,0.0511,0.0574,0.0581,0.0553,0.0451,0.0547,0.0377,0.0489,0.0389,0.0476,0.0627,0.0594,0.0571,0.0548,0.0608,0.0742,0.0671,0.06,0.0528,-0.0237,-0.0069,0.0382,0.07200000000000001
19970801,0.0466,0.043,0.0326,0.0355,0.0406,0.0325,0.0209,0.0297,0.0185,0.0295,0.0178,0.0317,0.0057,-0.0013,0.0038,-0.0057,0.0066,-0.0073,-0.018000000000000002,-0.0018,0.0744,0.009000000000000001,-0.0258,-0.0406
19970901,0.1012,0.0889,0.08800000000000001,0.0822,0.0841,0.0737,0.0708,0.0751,0.0733,0.0522,0.0664,0.071,0.0651,0.0682,0.0462,0.0502,0.0411,0.0636,0.0475,0.0404,0.0258,-0.0038,0.0149,0.0536
19971001,-0.0624,-0.038,-0.0367,-0.0172,-0.0123,-0.0698,-0.0426,-0.0428,-0.0301,-0.0353,-0.0633,-0.0465,-0.0405,-0.0315,-0.0276,-0.0711,-0.0561,-0.03,-0.0474,-0.0479,-0.0093,0.0253,-0.0049,-0.0383
19971101,-0.0429,-0.0276,-0.0209,-0.004,-0.0101,-0.0385,-0.0259,-0.0091,-0.0029,-0.0062,-0.0376,-0.0247,0.0172,0.0182,0.0125,0.0091,0.002,0.0264,0.0199,0.0392,-0.0505,0.0105,0.0034,0.0272
19971201,-0.0634,-0.0311,-0.0071,0.0021,0.0061,-0.0139,-0.0233,0.0226,0.0157,0.0347,-0.0006,0.0049,0.0244,0.0291,0.0417,-0.0183,0.0214,0.0232,0.0505,0.022000000000000002,-0.0233,0.036000000000000004,0.0389,0.0132
19980101,0.0001,-0.012,-0.0168,-0.0143,-0.0117,-0.0021,-0.0222,-0.0171,-0.0305,-0.025,-0.0043,-0.0292,-0.0221,-0.0427,0.0066,-0.0155,-0.0104,-0.0277,-0.0071,-0.009000000000000001,-0.0101,-0.0167,0.0018,0.0001
19980201,0.0595,0.0561,0.0536,0.0607,0.0606,0.0859,0.0807,0.0857,0.0634,0.0597,0.0869,0.0831,0.0751,0.0798,0.0687,0.0915,0.0689,0.0768,0.0524,0.0459,0.0029,-0.0123,-0.0112,0.0689
19980301,0.046,0.0548,0.0472,0.0424,0.0455,0.0408,0.0562,0.0254,0.0408,0.0412,0.037000000000000005,0.0194,0.0538,0.0379,0.0617,0.0319,0.0534,0.0455,0.0338,0.0693,-0.0145,0.0192,0.0213,0.0475
19980401,0.0165,0.0289,0.0294,0.0207,0.0185,-0.0089,0.0138,0.004,0.0234,0.0158,0.0109,-0.0003,-0.0029,-0.0009,-0.0084,-0.0058,0.0005,-0.0019,0.0005,-0.0059,0.0041,0.0022,0.0075,0.0066
19980501,-0.0694,-0.0673,-0.0466,-0.0307,-0.0272,-0.0909,-0.0598,-0.0555,-0.0317,-0.0326,-0.0773,-0.0703,-0.0503,-0.0426,-0.0367,-0.0573,-0.0328,-0.0406,-0.0252,-0.0356,-0.0362,0.0429,0.0184,-0.0295
19980601,-0.0105,0.0145,-0.0209,-0.0233,-0.013000000000000001,0.0148,-0.0191,-0.0172,-0.0132,0.0136,0.0266,-0.0237,-0.0149,-0.0036,0.0044,0.0048,-0.0079,-0.0017,0.002,0.0094,-0.034,-0.0154,0.0729,0.0286
19980701,-0.0764,-0.08,-0.062,-0.0687,-0.057999999999999996,-0.0789,-0.0839,-0.0848,-0.0868,-0.075,-0.0855,-0.0855,-0.0798,-0.0892,-0.0755,-0.062,-0.06,-0.0653,-0.0495,-0.0541,-0.0451,-0.0179,0.0376,-0.0272
19980801,-0.2743,-0.2285,-0.1996,-0.1952,-0.1817,-0.2499,-0.2071,-0.1804,-0.1853,-0.15,-0.2384,-0.2032,-0.1919,-0.16699999999999998,-0.1515,-0.2014,-0.2034,-0.1878,-0.1303,-0.0895,-0.0592,0.0569,0.0186,-0.1611
19980901,0.0533,0.0368,0.0329,0.0245,0.0084,0.1134,0.0749,0.0501,0.0472,0.0359,0.1141,0.049,0.066,0.0419,0.0313,0.0621,0.069,0.0546,0.0466,0.0698,0.0002,-0.0376,-0.0066,0.0595
19981001,0.0316,0.0262,0.0079,0.0199,0.0121,0.0456,0.0548,0.0276,0.0332,0.0088,0.0348,0.069,0.0523,0.0282,0.0234,0.0823,0.0962,0.0579,0.0344,0.0231,-0.0336,-0.0285,-0.0529,0.0711
19981101,0.0997,0.0799,0.0618,0.0748,0.0728,0.0925,0.0555,0.0371,0.0521,0.0282,0.081,0.0662,0.0332,0.0151,0.0268,0.0706,0.0171,0.0333,0.0366,0.0267,0.0136,-0.0368,0.0115,0.0586
19981201,0.0372,0.0232,0.0229,0.0094,0.0085,0.0728,0.0432,0.0272,0.0325,0.0524,0.1128,0.0707,0.0335,0.0398,0.0218,0.1034,0.0361,0.0201,0.0428,0.0144,-0.0031,-0.0495,0.0902,0.0594
19990101,0.0819,0.0373,0.0458,0.0268,0.0464,0.0541,0.003,-0.0183,-0.0174,-0.0198,0.0384,0.0186,-0.0128,-0.0458,-0.0378,0.0091,-0.0216,-0.0301,-0.034,-0.0474,0.0115,-0.0616,0.03,0.0347
19990201,-0.0809,-0.0831,-0.0609,-0.0595,-0.0602,-0.0995,-0.0947,-0.0735,-0.1046,-0.0718,-0.094,-0.08900000000000001,-0.0645,-0.0707,-0.0517,-0.0574,-0.0389,-0.0335,-0.04,-0.0269,-0.0559,0.0166,-0.0015,-0.0415
19990301,-0.0391,-0.0539,-0.0217,-0.0402,-0.0323,0.0063,-0.0125,-0.0019,-0.0175,-0.0239,0.0385,0.0351,0.0088,-0.0182,-0.0099,0.0303,0.0152,0.0352,-0.0069,-0.0011,-0.0382,-0.0304,-0.0136,0.0332
19990401,0.0736,0.0761,0.1259,0.1004,0.0855,0.0962,0.0753,0.0877,0.0874,0.0724,0.0722,0.1244,0.1024,0.0858,0.0799,0.0613,0.1023,0.0988,0.0866,0.1088,0.0289,0.027999999999999997,-0.0911,0.0447
19990501,0.0169,0.0295,0.006,0.023,0.05,0.0108,0.0267,0.0037,0.0341,0.0493,-0.0064,-0.011000000000000001,0.01,0.0103,0.0398,0.0274,-0.0094,0.0175,0.0052,0.012,0.0346,0.0308,-0.0525,-0.0239
19990601,0.0639,0.0825,0.0724,0.0559,0.0608,0.0727,0.0819,0.0386,0.0546,0.0547,0.0387,0.0376,0.0318,0.0298,0.0324,0.0682,0.083,0.0251,0.0311,0.0119,0.0342,-0.0433,0.0505,0.0472
19990701,0.0059,0.0175,0.0043,0.0154,0.0133,-0.0243,-0.0142,-0.0128,-0.0298,-0.0375,-0.0384,-0.023,-0.0265,-0.013000000000000001,-0.0044,-0.0312,-0.027999999999999997,-0.0142,-0.0145,-0.0118,0.0201,0.006999999999999999,0.0163,-0.0345
19990801,-0.0277,-0.0255,-0.0244,-0.0224,-0.0386,-0.0435,-0.0492,-0.0334,-0.0421,-0.0357,-0.0244,-0.0613,-0.0457,-0.0362,-0.0039,-0.022000000000000002,-0.0479,-0.04,-0.0192,-0.0454,-0.0116,-0.0126,0.0312,-0.0135
19990901,0.0123,-0.0082,-0.0123,-0.0346,-0.0466,-0.0086,0.0126,-0.0124,-0.0361,-0.0114,0.0316,0.0079,-0.0234,-0.0477,-0.0226,0.013999999999999999,-0.0462,-0.0426,-0.0521,-0.0258,0.0323,-0.0318,0.0645,-0.0268
19991001,-0.009000000000000001,0.0033,-0.0181,-0.0158,-0.0318,0.0248,-0.0043,-0.0047,-0.033,-0.0532,0.0274,-0.013000000000000001,-0.0122,-0.0081,-0.0053,0.0771,0.0107,0.0191,0.0222,0.0426,-0.0653,-0.0319,0.0548,0.057999999999999996
19991101,0.1952,0.1008,0.106,0.057999999999999996,0.0621,0.1113,0.0636,0.0648,0.0141,0.0237,0.115,0.0503,-0.0085,-0.0105,-0.0036,0.115,-0.005,-0.015,-0.0026,0.0127,0.0771,-0.0809,0.0568,0.032
19991201,0.23,0.2423,0.1013,0.0794,0.0792,0.1679,0.1033,0.0617,0.0069,0.0632,0.1634,0.0644,0.0052,0.0221,0.0348,0.2016,0.0394,0.0256,0.0468,0.0425,0.0698,-0.0905,0.1324,0.0783
20000101,0.0938,0.052000000000000005,0.0196,0.0501,0.037000000000000005,0.01,-0.0399,-0.008,-0.0105,-0.0483,-0.0388,-0.0429,-0.0407,-0.0311,-0.0553,-0.0397,-0.0388,-0.047,-0.0363,-0.08199999999999999,0.0408,-0.0016,0.0183,-0.0443
20000201,0.3881,0.3787,0.2585,0.1916,0.134,0.29100000000000004,0.1622,0.0747,0.0916,0.1036,0.2429,0.0761,0.0169,-0.0173,-0.0168,0.2511,0.0026,-0.0122,0.0372,-0.066,-0.2149,0.1203,0.1838,0.0255
20000301,-0.1467,-0.1995,-0.0846,-0.0325,-0.0353,-0.1571,-0.0459,-0.0257,-0.0138,-0.0023,-0.1496,0.045,0.1011,0.0525,0.1175,-0.0317,0.1186,0.1544,0.0973,0.1203,-0.1669,0.0781,-0.0677,0.0513
20000401,-0.2387,-0.1669,-0.1303,-0.0797,-0.1074,-0.1394,-0.0848,-0.0374,-0.0088,-0.0461,-0.1009,0.0027,-0.0225,0.0283,-0.0031,-0.0781,-0.0365,0.0125,0.0084,0.0089,-0.0753,0.0859,-0.0849,-0.0624
20000501,-0.1444,-0.0794,-0.0747,-0.0792,-0.0769,-0.0967,-0.0653,-0.0586,-0.0505,-0.0172,-0.0511,-0.0386,-0.0217,-0.015,0.0193,-0.0818,-0.0073,-0.0416,0.0304,-0.0127,-0.0586,0.0538,-0.0915,-0.0427
20000601,0.2919,0.2545,0.1704,0.18100000000000002,0.0758,0.1454,0.0904,0.0462,0.049,0.0563,0.1487,0.0024,0.0021,-0.0206,0.0151,0.1075,0.0328,-0.0491,-0.0202,-0.0608,0.1331,-0.0878,0.1641,0.0467
20000701,-0.0882,-0.0204,0.0039,0.0113,0.0102,-0.0805,-0.0116,0.006999999999999999,0.0121,0.003,-0.1089,-0.0013,0.0296,0.0301,0.0788,-0.075,-0.009000000000000001,0.019,0.0402,0.0176,-0.0271,0.0882,-0.0006,-0.0223
20000801,0.0889,0.0718,0.0425,0.05,0.0404,0.0726,0.0337,0.0482,0.0488,0.0663,0.0814,0.094,0.0516,0.0822,0.0381,0.1281,0.0558,0.048,0.0662,0.0658,-0.006,-0.0206,0.0574,0.0709
20000901,-0.1077,-0.0201,-0.0307,-0.0069,-0.0131,-0.0561,-0.0287,-0.0056,-0.0023,-0.0421,-0.106,-0.0362,0.0083,0.0128,-0.0082,-0.0951,-0.0086,-0.0246,0.0108,0.0016,-0.021,0.0774,0.0218,-0.0564
20001001,-0.1223,-0.0998,-0.0424,-0.0599,-0.0488,-0.0913,-0.0244,-0.013999999999999999,-0.0008,-0.0212,-0.1073,-0.027000000000000003,-0.0073,-0.0042,0.027999999999999997,-0.0636,0.0187,0.0263,-0.0072,-0.006999999999999999,-0.0378,0.0506,-0.047,-0.0298
20001101,-0.212,-0.1236,-0.0573,-0.0516,-0.0508,-0.1879,-0.0656,-0.043,-0.0314,-0.0433,-0.2013,-0.0882,-0.0378,-0.0016,0.0221,-0.183,-0.0287,0.0,0.0103,0.0096,-0.0335,0.1311,-0.0246,-0.1064
20001201,-0.1015,0.0036,0.0145,0.0263,0.0234,-0.0024,0.0705,0.1264,0.1037,0.1085,0.0158,0.1291,0.1216,0.1452,0.0533,0.0346,0.09,0.1138,0.1026,0.1205,0.0167,0.0633,0.0683,0.0144
20010101,0.2659,0.1693,0.1245,0.10800000000000001,0.1228,0.1368,0.08,0.0352,0.0363,0.0618,0.1199,0.025,-0.0036,-0.0383,0.0466,0.0704,0.0062,-0.011000000000000001,-0.0294,-0.0147,0.0698,-0.0583,-0.25,0.033
20010201,-0.1425,-0.0799,-0.0219,0.0009,-0.0045,-0.139,-0.0337,-0.0167,-0.0097,0.0136,-0.1749,-0.0489,0.0061,0.0043,0.0037,-0.151,-0.0215,-0.0132,0.008,0.0038,-0.0119,0.1375,0.1268,-0.1017
20010301,-0.1233,-0.017,-0.0129,-0.0142,-0.0198,-0.0665,-0.0086,-0.0202,-0.026000000000000002,-0.013999999999999999,-0.1216,-0.0547,-0.0405,-0.0294,0.0038,-0.1152,-0.0379,-0.0202,-0.0237,-0.0007,0.0056,0.0623,0.0837,-0.0734
20010401,0.0863,0.0652,0.0246,0.0404,0.0512,0.10400000000000001,0.0484,0.0645,0.0381,0.049,0.1135,0.0891,0.0516,0.0366,0.0532,0.1547,0.0664,0.0453,0.0865,0.0651,0.002,-0.0445,-0.0806,0.0794
20010501,0.12300000000000001,0.1145,0.0774,0.1178,0.0966,0.0231,0.0253,0.033,0.0431,0.0459,0.043,0.0075,0.0168,0.0048,0.0178,0.031,0.0387,0.0208,0.0189,0.0212,0.0296,0.0279,0.0209,0.0076
20010601,0.0184,0.027999999999999997,0.0385,0.0277,0.0025,0.0682,0.1098,0.0567,0.0585,0.0316,0.0487,-0.0187,0.0228,0.0011,-0.0238,0.0327,-0.0044,-0.0143,-0.0538,0.0061,0.068,-0.0279,0.0033,-0.0201
20010701,-0.1042,-0.0738,-0.0061,-0.0056,-0.0045,-0.1021,-0.0764,-0.0634,-0.0316,-0.0479,-0.0972,-0.0491,-0.0267,-0.0035,-0.0081,-0.0483,-0.0253,0.0137,0.0009,0.012,-0.04,0.0517,0.0551,-0.0208
20010801,-0.0926,-0.0508,-0.0317,-0.0154,-0.0139,-0.0975,-0.0564,-0.0181,-0.0221,-0.0144,-0.0832,-0.0302,-0.0325,-0.0124,-0.012,-0.0746,-0.0462,-0.036000000000000004,-0.023,-0.0739,0.0188,0.038,0.0545,-0.0622
20010901,-0.1736,-0.1478,-0.094,-0.0982,-0.1382,-0.1945,-0.1488,-0.13,-0.15,-0.1755,-0.1559,-0.1452,-0.1135,-0.1236,-0.1922,-0.1615,-0.1301,-0.1137,-0.139,-0.1354,-0.0645,0.0177,0.1157,-0.0935
20011001,0.0845,0.0795,0.0626,0.0419,0.034,0.1109,0.084,0.0465,0.0296,0.0439,0.1304,0.0688,0.0245,0.0383,0.09300000000000001,0.084,0.0335,0.0125,0.0265,0.0247,0.0687,-0.07,-0.0844,0.025
20011101,0.0723,0.0845,0.0451,0.0593,0.0677,0.105,0.0748,0.0688,0.0989,0.1117,0.0937,0.0687,0.0648,0.0822,0.1145,0.1022,0.0825,0.0728,0.09,0.0688,0.0051,0.0059,-0.086,0.0765
20011201,0.1225,0.0612,0.0582,0.0554,0.0746,0.0786,0.0573,0.0669,0.0729,0.07400000000000001,0.0549,0.0596,0.0606,0.0554,0.0653,0.0336,0.0477,0.0665,0.0448,0.0306,0.0477,0.0098,0.0003,0.0161
20020101,-0.0758,0.0046,0.0168,0.0349,0.0522,-0.0641,-0.0254,0.0079,0.0062,0.0091,-0.0535,-0.0165,-0.0083,0.0116,0.0369,-0.0314,-0.0197,0.0164,0.0199,-0.0154,0.0096,0.034,0.0371,-0.0177
20020201,-0.0993,-0.0641,-0.0309,-0.0154,-0.0376,-0.0987,-0.0448,-0.0072,0.0039,0.0001,-0.0757,-0.0113,0.0054,-0.0012,0.0256,-0.0486,0.0134,0.0149,-0.0173,0.0326,-0.0165,0.038,0.0684,-0.0228
20020301,0.0557,0.0973,0.0683,0.0784,0.0931,0.0876,0.0793,0.0768,0.0837,0.1257,0.0845,0.0609,0.0734,0.0794,0.0939,0.0627,0.0725,0.0518,0.0552,0.0668,0.0427,0.0095,-0.0167,0.0425
20020401,-0.0894,-0.0003,0.0166,0.0408,0.0501,-0.0483,0.0091,0.0384,0.0365,0.0528,-0.0487,0.0091,0.019,0.0087,-0.0118,-0.0326,0.003,0.0,-0.0221,0.0163,0.0585,0.0408,0.0793,-0.0506
20020501,-0.0644,-0.0628,-0.0135,0.0058,-0.0015,-0.0793,-0.0489,-0.0427,-0.0387,-0.0591,-0.0628,-0.0356,-0.0296,-0.0272,-0.0327,-0.0312,-0.0022,-0.0133,-0.0124,0.0078,-0.0348,0.0199,0.031,-0.0122
20020601,-0.0853,-0.0641,0.0035,-0.0039,-0.0075,-0.0847,-0.0459,-0.0246,-0.0085,-0.0417,-0.0798,-0.0684,-0.0641,-0.040999999999999995,-0.0738,-0.0941,-0.0743,-0.0764,-0.0587,-0.0847,0.033,0.0205,0.0617,-0.0716
20020701,-0.191,-0.1653,-0.1353,-0.10800000000000001,-0.1289,-0.1579,-0.1686,-0.1413,-0.1543,-0.2068,-0.08,-0.09699999999999999,-0.1134,-0.1396,-0.1614,-0.1017,-0.0869,-0.0992,-0.1314,-0.1472,-0.0532,-0.032,0.0338,-0.0826
20020801,0.0039,-0.0196,-0.0123,-0.0097,-0.0275,0.0046,0.0027,-0.0022,0.0049,-0.0042,-0.0058,0.0062,0.0235,0.0174,0.0387,-0.0115,0.0018,-0.0017,0.0137,0.0388,-0.023,0.0242,0.0169,0.0063
20020901,-0.1058,-0.0833,-0.0688,-0.0665,-0.0808,-0.0841,-0.0744,-0.0557,-0.0844,-0.0812,-0.0809,-0.0948,-0.0878,-0.073,-0.0991,-0.0875,-0.0919,-0.1137,-0.1311,-0.17600000000000002,0.0265,0.0133,0.0911,-0.1012
20021001,0.0509,0.0534,0.0263,0.0155,0.0069,0.0907,0.0284,0.0301,0.0108,-0.0335,0.0614,0.0353,0.0414,0.0259,0.0066,0.0679,0.0505,0.0519,0.0207,0.0293,-0.0304,-0.0646,-0.0518,0.0731
20021101,0.1755,0.1303,0.0887,0.0787,0.0967,0.1409,0.0888,0.0673,0.0663,0.075,0.0981,0.0774,0.0574,0.0617,0.0891,0.0977,0.0719,0.0901,0.081,0.1174,0.0324,-0.0204,-0.1625,0.0601
20021201,-0.1036,-0.0534,-0.0444,-0.0224,-0.0258,-0.1054,-0.0695,-0.0409,-0.0275,-0.0282,-0.0776,-0.0379,-0.0372,-0.0275,-0.0599,-0.0717,-0.0539,-0.0422,-0.0262,-0.0025,-0.0058,0.0408,0.0968,-0.0545
20030101,-0.009000000000000001,-0.006999999999999999,-0.0158,0.0062,-0.0043,-0.03,-0.0418,-0.0258,-0.028999999999999998,-0.0116,-0.019,-0.0398,-0.0335,-0.0435,-0.0358,-0.0157,-0.0299,-0.0056,-0.0229,-0.0642,0.0127,-0.0083,0.0154,-0.0241
20030201,-0.0619,-0.0271,-0.0184,-0.0212,-0.0251,-0.03,-0.0119,-0.0225,-0.032,-0.0796,-0.0393,-0.0118,-0.0273,-0.0402,-0.0326,-0.0228,-0.0257,-0.0191,-0.0145,-0.0644,-0.0046,-0.0144,0.0135,-0.0161
20030301,0.0324,0.0004,0.0128,0.0134,-0.0082,0.0305,0.0004,0.0013,0.0154,0.005,0.0298,0.0013,0.0022,0.0138,0.0016,0.0143,-0.0051,-0.0082,0.0207,-0.0252,0.0074,-0.013999999999999999,0.0149,0.0093
20030401,0.12,0.1099,0.0785,0.0728,0.0969,0.1053,0.0975,0.091,0.0913,0.0962,0.087,0.0909,0.0855,0.1191,0.1086,0.0866,0.076,0.0799,0.0964,0.0754,0.0138,-0.003,-0.0956,0.0815
20030501,0.193,0.1474,0.1058,0.0937,0.1156,0.1184,0.1166,0.1038,0.0856,0.1139,0.0895,0.0861,0.0884,0.0967,0.0886,0.0982,0.0932,0.0994,0.0877,0.0925,0.0469,0.0009,-0.1083,0.0622
20030601,0.0566,0.0585,0.0443,0.037000000000000005,0.0584,0.0164,0.0009,0.013000000000000001,0.0225,0.0366,0.0209,0.022000000000000002,0.0035,0.0008,0.0327,0.0151,0.0044,-0.0014,-0.0088,0.0583,0.0145,0.0054,-0.0103,0.0154
20030701,0.0859,0.0792,0.0853,0.0901,0.0785,0.091,0.0513,0.0604,0.0687,0.0725,0.0841,0.0478,0.0127,0.0403,0.0225,0.0446,0.0287,0.0397,0.0492,-0.0006,0.0548,-0.0221,-0.0036,0.0223
20030801,0.0424,0.0491,0.032,0.0553,0.0678,0.04,0.0404,0.05,0.0477,0.0546,0.0482,0.0361,0.0436,0.076,0.0862,0.0465,0.0417,0.042,0.0522,0.0692,0.0254,0.0184,-0.005,0.0247
20030901,0.0317,0.0014,0.0038,0.0282,0.0459,-0.0182,-0.0295,-0.023,-0.0432,-0.0059,-0.0238,-0.0293,-0.016,-0.0214,-0.011000000000000001,-0.0194,-0.0239,-0.006999999999999999,-0.0094,0.0035,0.006999999999999999,0.0096,-0.0008,-0.0101
20031001,0.0572,0.0784,0.0866,0.1087,0.1117,0.0977,0.0705,0.0735,0.0972,0.1032,0.0882,0.0768,0.0689,0.0827,0.1238,0.0832,0.0832,0.0702,0.0814,0.0753,0.0284,0.0182,0.0373,0.0595
20031101,0.0266,0.0395,0.0419,0.0373,0.0682,0.0175,0.0414,0.0271,0.0386,0.0409,0.0306,0.040999999999999995,0.0224,0.0466,0.027999999999999997,0.0158,0.0306,0.0485,0.0376,0.0246,0.0225,0.0129,0.0165,0.0158
20031201,-0.0017,0.025,0.034,0.0151,0.0429,0.0141,0.0228,0.0238,0.0213,0.0487,-0.0084,0.0223,0.0352,0.0352,0.0705,0.002,0.0364,0.0249,0.0348,0.0625,-0.0283,0.0279,-0.0567,0.0447
20040101,0.0618,0.057,0.0556,0.0641,0.0824,0.0423,0.0299,0.042,0.0432,0.0487,0.0319,0.021,0.0111,0.04,0.059000000000000004,0.0212,0.0208,0.0282,0.0324,0.0248,0.0262,0.015,0.0254,0.0224
20040201,-0.0003,0.0012,0.0019,0.0098,-0.0048,0.0055,0.0169,0.006,-0.0007,0.0123,0.0055,0.0244,0.0392,0.0134,0.0062,0.0217,0.0134,0.0342,0.03,0.02,-0.0118,0.0038,-0.0113,0.0149
20040301,-0.0194,-0.0099,0.0019,0.0003,-0.0098,0.0251,0.0084,-0.0017,0.0101,0.0148,0.0203,0.004,0.0012,0.0063,0.0034,-0.0057,-0.0034,0.0056,0.0028,-0.0182,0.0182,0.0003,0.0021,-0.0116
20040401,-0.0432,-0.0477,-0.0382,-0.0447,-0.0616,-0.0467,-0.0419,-0.0256,-0.048,-0.07400000000000001,-0.0243,-0.0304,-0.0324,-0.0514,-0.057,-0.0245,-0.0433,-0.0316,-0.0368,-0.0314,-0.025,-0.0173,-0.0537,-0.025
20040501,-0.0209,-0.0048,-0.0012,-0.0057,0.0086,0.0188,0.0123,0.01,0.0134,0.034,0.0142,0.0269,0.0185,0.0102,0.0208,0.0153,0.0192,0.0227,0.0196,0.027000000000000003,-0.0014,-0.0026,0.0166,0.0135
20040601,0.0107,0.0429,0.0356,0.0348,0.0394,0.0308,0.0538,0.0581,0.0503,0.0911,0.017,0.043,0.0294,0.0143,0.0513,0.0087,0.0303,0.0164,0.0279,0.0479,0.0227,0.017,0.0213,0.0208
20040701,-0.1294,-0.0795,-0.0602,-0.0575,-0.0409,-0.0966,-0.0729,-0.043,-0.0582,-0.0342,-0.0891,-0.0626,-0.0372,-0.0184,-0.0428,-0.0698,-0.0477,-0.0522,-0.0583,-0.0063,-0.0375,0.0444,-0.0235,-0.0387
20040801,-0.0142,-0.008,-0.0107,-0.0167,-0.0203,-0.0448,-0.0186,0.0064,0.0003,0.0077,-0.0214,-0.0136,0.006,-0.0024,-0.0067,-0.0128,-0.0098,0.0004,-0.0057,0.0082,-0.0145,0.0127,-0.0151,0.0016
20040901,0.0492,0.0441,0.0479,0.0412,0.0373,0.0776,0.0468,0.0547,0.0458,0.0418,0.0417,0.035,0.0385,0.036000000000000004,0.0265,0.0281,0.032,0.0458,0.0397,0.0223,0.0286,0.0049,0.0528,0.0195
20041001,0.0184,0.0201,0.0265,0.0022,0.0029,0.0323,0.0279,0.0078,0.0103,0.0296,0.0263,0.0413,0.0108,-0.0032,0.0174,0.0333,0.0309,0.0246,0.0,-0.0051,0.0054,-0.0098,-0.0156,0.0167
20041101,0.1022,0.0862,0.0779,0.0693,0.1032,0.0716,0.0851,0.0928,0.0969,0.1125,0.0519,0.0644,0.0742,0.0839,0.0867,0.0499,0.0603,0.0718,0.099,0.0737,0.040999999999999995,0.0196,0.0312,0.0468
