Date,ME1 BM2,ME1 BM3,ME1 BM4,ME2 BM1,ME2 BM2,ME2 BM3,ME2 BM4,ME2 BM5,ME3 BM1,ME3 BM2,ME3 BM3,ME3 BM4,ME3 BM5,ME4 BM1,ME4 BM2,ME4 BM3,ME4 BM4,ME4 BM5,ME5 BM2,ME5 BM3,ME5 BM4,SMB,HML,MOM
19970101,0.056277,0.064681,0.047074,0.038077,0.035792,0.012287,0.010935,0.018934,0.002566,0.035239,0.02107,0.028583,0.045602,0.02335,0.039862,0.034985,0.015735,0.050034,0.054594,0.052018,0.049362,-0.0182,-0.0165,0.0195
19970201,-0.050961,-0.018001,0.002713,-0.091669,-0.019164,-0.010416,0.012405,0.022778,-0.066164,-0.004411,0.005229,0.009644,0.014369,-0.039256,0.014218,0.009536,0.023453,0.035476,-0.007092,-0.000325,0.031239,-0.0253,0.052,-0.0205
19970301,-0.064917,-0.034059,-0.019569,-0.091204,-0.05807,-0.022696,-0.027188,-0.013985,-0.079622,-0.037071,-0.031568,-0.022704,-0.026616,-0.072133,-0.048155,-0.023842,-0.042936,-0.036301,-0.023882,-0.028657,-0.052716,-0.0048,0.0381,0.0096
19970401,-0.037345,-0.031359,-0.015253,-0.04188,0.001342,-0.006473,0.02077,0.005693,-0.013629,0.029556,0.034006,0.032689,0.015539,0.019184,0.028921,0.027242,0.027619,0.019183,0.034084,0.051366,0.037312,-0.0573,-0.0007,0.0492
19970501,0.125048,0.103198,0.083352,0.176683,0.128562,0.096654,0.097917,0.080238,0.153895,0.107434,0.066977,0.07037,0.082829,0.097637,0.072795,0.054288,0.071606,0.077508,0.071479,0.051091,0.052665,0.0465,-0.0387,-0.0516
19970601,0.047245,0.058261,0.078722,0.029816,0.046137,0.063304,0.058216,0.064131,0.040594,0.033544,0.0527,0.051033,0.057362,0.020943,0.042482,0.040479,0.036166,0.041847,0.038139,0.049064,0.048105,0.0126,0.0123,0.0262
19970701,0.051383,0.061068,0.060227,0.04984,0.058325,0.038379,0.052019,0.055019,0.051423,0.068239,0.0647,0.056235,0.062814,0.068033,0.068983,0.070936,0.072151,0.060594,0.077799,0.100291,0.065299,-0.0284,0.0082,0.0381
19970801,0.045861,0.031459,0.040043,0.038697,0.014316,0.043072,0.023837,0.035543,0.027649,0.032315,0.010537,-0.001899,0.010028,0.002184,0.001419,0.002062,-0.010054,0.004015,-0.035921,-0.057147,-0.054646,0.0766,0.0138,-0.0255
19970901,0.098439,0.098152,0.081335,0.075798,0.07952,0.078957,0.080377,0.066181,0.070601,0.069448,0.07447,0.066545,0.064317,0.052079,0.048777,0.059688,0.060317,0.040086,0.05571,0.060672,0.066881,0.0256,0.0001,0.0145
19971001,-0.03588,-0.038853,-0.010925,-0.061866,-0.046415,-0.039093,-0.029471,-0.03477,-0.062714,-0.036099,-0.036108,-0.022331,-0.037237,-0.065932,-0.057344,-0.023935,-0.038345,-0.060277,-0.039618,-0.03176,-0.021296,-0.0051,0.0195,-0.0038
19971101,-0.032477,-0.020247,-0.00148,-0.033198,-0.023372,-0.008634,0.005467,-0.005872,-0.032773,-0.027198,0.019885,0.026438,0.005965,0.007388,0.0068,0.035353,0.038097,0.029199,0.052306,0.029576,0.046689,-0.0503,0.0079,0.0029
19971201,-0.032497,-0.007661,0.000514,-0.007139,-0.018943,0.016888,0.037489,0.022848,0.009001,0.003795,0.029218,0.04773,0.028629,-0.017435,0.019511,0.035182,0.061795,0.009527,0.016547,0.03505,0.031665,-0.0201,0.0345,0.0395
19980101,-0.007047,-0.012779,-0.011338,-0.000144,-0.011135,-0.024477,-0.021644,-0.015739,-0.004146,-0.020238,-0.01708,-0.044568,0.026879,-0.018555,-0.000247,-0.024236,-0.012735,0.013512,-0.001936,-0.033741,0.001598,-0.0141,-0.0145,0.0011
19980201,0.068537,0.056638,0.058075,0.090871,0.08275,0.093116,0.070336,0.070867,0.089992,0.09345,0.070023,0.087816,0.087415,0.096227,0.075878,0.070484,0.057978,0.064667,0.061299,0.091163,0.070401,-0.0002,-0.0013,-0.0115
19980301,0.050984,0.054604,0.047769,0.045716,0.060458,0.025703,0.04327,0.046865,0.041881,0.030852,0.048911,0.043134,0.06466,0.037108,0.054293,0.051348,0.040876,0.075435,0.051283,0.05515,0.074355,-0.0065,0.0105,0.0215
19980401,0.028676,0.036033,0.027572,-0.00273,0.016071,0.009627,0.025722,0.018794,0.011255,-0.003159,0.005698,-0.001671,0.011969,-0.00112,-0.000768,0.00212,0.000415,0.011835,0.017807,0.015544,0.009843,-0.0002,0.0074,0.0078
19980501,-0.070828,-0.033421,-0.028889,-0.086356,-0.059026,-0.052124,-0.027693,-0.037226,-0.07373,-0.063131,-0.047839,-0.043334,-0.032385,-0.053988,-0.029697,-0.036266,-0.02175,-0.0354,-0.016508,-0.027127,-0.008779,-0.0311,0.0416,0.0188
19980601,0.012301,-0.015126,-0.00866,0.018799,-0.011907,-0.008281,-0.008419,-0.001716,0.037796,-0.018005,-0.014434,0.005239,-0.002731,0.011155,-0.000783,0.004739,0.012145,-0.001522,0.014284,0.027947,0.032923,-0.0368,-0.0233,0.0726
19980701,-0.075964,-0.055627,-0.061936,-0.075841,-0.072817,-0.095754,-0.082115,-0.073043,-0.081433,-0.072919,-0.080645,-0.089299,-0.073318,-0.057317,-0.05822,-0.053987,-0.050431,-0.042607,-0.003321,-0.025557,-0.040965,-0.0532,-0.0096,0.0368
19980801,-0.213028,-0.207051,-0.190243,-0.253591,-0.198084,-0.17632,-0.174527,-0.172554,-0.23344,-0.214113,-0.170264,-0.162602,-0.169918,-0.206053,-0.189416,-0.168526,-0.118326,-0.130364,-0.160486,-0.171971,-0.129933,-0.0502,0.034,0.0188
19980901,0.039351,0.038534,0.029636,0.119539,0.077264,0.051378,0.047387,0.04996,0.118945,0.04844,0.087067,0.048687,0.019896,0.06779,0.067935,0.069254,0.050962,0.061093,0.042529,0.045453,0.019951,-0.0084,-0.0331,-0.0071
19981001,0.028477,0.016928,0.029747,0.047026,0.060081,0.034686,0.03042,0.02627,0.043697,0.067095,0.04202,0.038414,0.044326,0.085425,0.09657,0.058807,0.038558,0.041293,0.090995,0.082557,0.070908,-0.0351,-0.0221,-0.0536
19981101,0.084441,0.063773,0.069839,0.096858,0.062548,0.038201,0.045254,0.050936,0.088859,0.061905,0.036389,0.0197,0.039456,0.073654,0.023355,0.040262,0.041659,0.033166,0.066075,0.043576,0.053239,0.0064,-0.0315,0.0116
19981201,0.017026,0.035996,0.003561,0.071754,0.052515,0.025732,0.042898,0.050162,0.118923,0.070998,0.040103,0.039144,0.037222,0.106382,0.042438,0.033624,0.034128,0.020654,0.040181,0.018753,0.010937,-0.0151,-0.0446,0.0899
19990101,0.046264,0.055094,0.036293,0.059933,0.010926,-0.023503,-0.023287,0.006891,0.046803,0.01638,-0.023912,-0.022674,-0.030095,0.014457,-0.023095,-0.027204,-0.036888,-0.024691,0.031229,-0.005493,-0.001385,-0.0075,-0.0403,0.0304
19990201,-0.076374,-0.065523,-0.052869,-0.092691,-0.098332,-0.063737,-0.083368,-0.105849,-0.09133,-0.090542,-0.053454,-0.074752,-0.048375,-0.053999,-0.034929,-0.03014,-0.039478,-0.021079,-0.020218,0.01889,-0.013284,-0.0515,0.014,-0.0016
19990301,-0.062849,-0.017581,-0.034351,0.005768,-0.001063,0.008499,-0.006404,-0.029721,0.040398,0.034778,0.026772,-0.021636,-0.004484,0.032898,0.040018,0.014911,0.004555,-0.003031,0.015746,0.058422,0.042567,-0.0429,-0.0265,-0.0129
19990401,0.08698,0.123888,0.104038,0.108665,0.093828,0.075589,0.080962,0.08413,0.075753,0.131384,0.104402,0.082252,0.098181,0.070189,0.102503,0.094074,0.099188,0.109755,0.090163,0.07629,0.078022,0.0466,0.0253,-0.0906
19990501,0.043066,0.003716,0.032998,0.014275,0.004869,0.022617,0.046012,0.041371,-0.002349,-0.005889,0.011515,0.024979,0.025954,0.030294,-0.004627,0.013048,0.025345,0.000461,-0.002058,-0.019357,-0.000445,0.0373,0.024,-0.0528
19990601,0.083183,0.083005,0.060786,0.081457,0.075116,0.073437,0.046861,0.065177,0.046195,0.043091,0.027954,0.028112,0.049762,0.077665,0.08736,0.026476,0.023939,0.041326,0.049933,0.023753,0.000754,0.0225,-0.036,0.0488
19990701,0.024445,0.010682,0.012605,-0.022884,-0.00448,-0.013736,-0.020621,-0.038207,-0.030795,-0.021047,-0.017487,-0.017751,-0.010035,-0.025338,-0.025171,0.001076,-0.014156,-0.018193,-0.037096,-0.048084,-0.027838,0.0253,-0.0076,0.0151
19990801,-0.012704,-0.028309,-0.016458,-0.031851,-0.039614,-0.041651,-0.033346,-0.041865,-0.022768,-0.055935,-0.038441,-0.03529,-0.003998,-0.01839,-0.044669,-0.025099,-0.023847,-0.062368,-0.036397,-0.020482,-0.044637,-0.0193,-0.0131,0.0292
19990901,-0.002513,-0.012218,-0.026088,0.003516,0.010773,-0.008372,-0.02208,-0.015108,0.031613,0.012479,-0.033622,-0.026995,-0.030065,0.018941,-0.037144,-0.036235,-0.048147,-0.015239,-0.031611,-0.069414,-0.089906,0.0256,-0.034,0.0646
19991001,0.013518,-0.02302,-0.004335,0.027528,-0.004629,-0.007652,-0.014524,-0.053443,0.027084,0.005056,-0.009076,-0.012228,-0.000944,0.082604,0.012316,0.024764,0.028276,0.049102,0.103865,0.072395,0.030698,-0.0709,-0.0288,0.0547
19991101,0.113801,0.104386,0.070906,0.119537,0.084303,0.053386,0.030877,0.031002,0.117909,0.071176,-0.014986,-0.004946,0.006693,0.115845,-0.012156,-0.011581,0.001176,0.029344,-0.008415,-0.040605,-0.058114,0.059,-0.0651,0.0562
19991201,0.255744,0.078467,0.119715,0.174121,0.120446,0.047332,0.03815,0.068065,0.159846,0.093534,-0.000235,0.036752,0.043105,0.212152,0.033231,0.007922,0.067216,0.047012,0.019178,0.016536,-0.000446,0.0542,-0.0874,0.1319
20000101,0.054182,0.048202,0.03515,0.003655,-0.020786,-0.021809,0.005853,-0.029309,-0.033819,-0.048667,-0.017804,-0.036414,-0.069842,-0.038982,-0.030533,-0.031213,-0.046854,-0.109026,-0.032505,-0.055847,-0.072367,0.0415,-0.0029,0.0186
20000201,0.410516,0.217979,0.253755,0.277508,0.18338,0.067396,0.080276,0.140444,0.246065,0.10023,0.018461,-0.008169,-0.000528,0.262219,-0.000963,-0.013348,0.025794,-0.053577,-0.053201,-0.099397,-0.101914,0.1832,-0.0993,0.1836
20000301,-0.19902,-0.085836,-0.064376,-0.13261,-0.05147,-0.018837,-0.003158,-0.013103,-0.149907,0.041432,0.1052,0.06855,0.118577,-0.0328,0.134028,0.140104,0.102395,0.131038,0.114767,0.096591,0.160942,-0.1491,0.0738,-0.0639
20000401,-0.177223,-0.096472,-0.113434,-0.119278,-0.091147,-0.04239,-0.027454,-0.026646,-0.098816,0.00362,-0.029187,0.038888,0.001531,-0.074438,-0.023261,0.036734,-0.000932,0.020394,-0.033649,0.032562,0.027037,-0.0555,0.0861,-0.0858
20000501,-0.0968,-0.04734,-0.080313,-0.100466,-0.051284,-0.05947,-0.074872,-0.008292,-0.049322,-0.035574,-0.010858,-0.000038,0.017141,-0.077604,0.012174,-0.018499,0.000572,0.001358,0.001801,0.043505,0.004599,-0.0368,0.0256,-0.0908
20000601,0.270061,0.172427,0.182951,0.140773,0.110282,0.039755,0.049005,0.093486,0.153067,0.015408,0.003881,-0.009614,0.024241,0.10962,0.02802,-0.034015,-0.032936,-0.04418,-0.042523,-0.075043,-0.08547,0.1039,-0.0986,0.1659
20000701,-0.012106,0.007484,0.012628,-0.076883,-0.010409,0.016447,0.009076,0.021604,-0.103197,-0.007341,0.031866,0.040126,0.083669,-0.070811,-0.013147,0.031538,0.033529,0.012843,0.001007,0.057327,0.082825,-0.0095,0.0806,-0.0011
20000801,0.087612,0.037793,0.055087,0.080323,0.037308,0.049925,0.061396,0.070064,0.087265,0.094063,0.068879,0.065999,0.077099,0.136081,0.064576,0.053381,0.075583,0.054526,0.073838,0.10173,0.018782,-0.011,-0.0066,0.057
20000901,-0.010933,-0.036474,-0.001146,-0.046506,-0.029449,0.002941,-0.012018,-0.022319,-0.103395,-0.026361,0.006181,0.026816,-0.011747,-0.094227,-0.001563,-0.009331,0.026549,-0.031432,-0.026383,0.043584,0.067978,0.0023,0.0613,0.022
20001001,-0.104949,-0.024288,-0.058901,-0.091108,-0.007884,-0.010545,0.001337,-0.018035,-0.104931,-0.014666,-0.013953,0.004934,0.027924,-0.055775,0.019463,0.027979,-0.018598,0.041968,0.018649,-0.039877,0.041607,-0.0283,0.0564,-0.0463
20001101,-0.124144,-0.067029,-0.043206,-0.180639,-0.061976,-0.029576,-0.041901,-0.037538,-0.199849,-0.070867,-0.057828,0.006274,0.018593,-0.185873,-0.005593,0.004849,0.021407,-0.010361,-0.056636,-0.050092,-0.01795,-0.0046,0.1126,-0.024
20001201,0.014476,0.001135,0.037002,-0.003089,0.077337,0.124766,0.10263,0.120566,0.028996,0.13514,0.11243,0.13613,0.099395,0.046031,0.096019,0.105411,0.115583,0.159576,0.081009,0.073414,0.072623,0.0317,0.0737,0.067
20010101,0.172347,0.140137,0.11827,0.150177,0.0817,0.043445,0.055149,0.056743,0.128112,0.028043,-0.002723,-0.016528,0.033065,0.070785,0.010919,-0.004957,-0.02757,0.032854,0.030164,0.037874,-0.01135,0.058,-0.0486,-0.2505
20010201,-0.091744,-0.018152,0.004611,-0.13814,-0.024039,-0.01363,-0.02001,0.023399,-0.17333,-0.03827,-0.00404,0.012189,0.006291,-0.148992,-0.024342,0.002398,0.005788,0.006832,-0.028991,-0.00707,0.028486,0.0266,0.1287,0.1251
20010301,-0.011811,-0.011653,-0.001136,-0.0563,-0.005614,-0.02535,-0.012362,-0.012278,-0.116543,-0.044784,-0.034002,-0.03674,0.00724,-0.113448,-0.031354,-0.020009,-0.005266,-0.015636,-0.024385,-0.003606,-0.011822,0.0232,0.0646,0.0835
20010401,0.070342,0.025033,0.04929,0.112406,0.049633,0.070145,0.043564,0.054459,0.113736,0.089541,0.058641,0.047312,0.060911,0.160183,0.077733,0.047718,0.081267,0.080941,0.04851,0.036199,0.027077,-0.0063,-0.0472,-0.0797
20010501,0.113255,0.092397,0.113782,0.024357,0.039687,0.022285,0.049124,0.043258,0.049001,0.002123,0.031944,0.006685,0.016707,0.03476,0.0392,0.029614,0.010869,0.044502,0.017176,0.030613,0.009906,0.0358,0.0318,0.0212
20010601,0.028742,0.049487,0.031064,0.065676,0.096035,0.071138,0.063556,0.041618,0.049141,-0.010181,0.011383,0.002949,0.007651,0.036344,-0.01224,-0.011714,-0.034624,0.031936,-0.038451,-0.001929,-0.023251,0.0661,-0.0103,0.0034
20010701,-0.076484,-0.023472,0.001978,-0.102434,-0.074549,-0.06599,-0.030845,-0.03465,-0.092165,-0.043159,-0.029337,-0.007316,0.020462,-0.050706,-0.011562,0.010237,0.019481,-0.007068,-0.003527,-0.021262,-0.022045,-0.0291,0.0557,0.0547
20010801,-0.052648,-0.034015,-0.012683,-0.100589,-0.042723,-0.024672,-0.015038,-0.011907,-0.073447,-0.032079,-0.030659,-0.009083,-0.014216,-0.071721,-0.041457,-0.032219,-0.015992,-0.104636,-0.042154,-0.030792,-0.083521,0.0273,0.0251,0.0554
20010901,-0.151456,-0.101189,-0.093346,-0.18684,-0.155616,-0.120388,-0.153533,-0.166687,-0.15563,-0.130888,-0.121599,-0.124029,-0.191889,-0.166338,-0.130974,-0.096599,-0.138222,-0.175199,-0.088054,-0.071874,-0.111503,-0.0569,0.016,0.1154
20011001,0.073829,0.068849,0.042216,0.118496,0.08727,0.050553,0.024868,0.041185,0.135057,0.064337,0.04266,0.039728,0.097766,0.085269,0.035492,0.008314,0.039271,0.022004,-0.005253,-0.017388,0.014097,0.0542,-0.081,-0.0841
20011101,0.103682,0.045097,0.062861,0.105063,0.084355,0.057727,0.102711,0.115111,0.099388,0.064747,0.072245,0.088155,0.127949,0.105831,0.092027,0.064991,0.103892,0.101413,0.060806,0.052866,0.10862,-0.003,0.0201,-0.0858
20011201,0.071297,0.058655,0.056997,0.08301,0.057765,0.070133,0.078888,0.075931,0.05068,0.062327,0.068097,0.05656,0.074257,0.036899,0.046155,0.060029,0.051922,0.043228,0.027801,0.03515,-0.012443,0.0514,0.011,-0.0002
20020101,-0.0103,0.026309,0.033528,-0.065248,-0.024262,0.004026,0.00935,0.014215,-0.047863,-0.014077,-0.011775,0.019217,0.038636,-0.037731,0.000319,0.016971,0.027276,-0.040793,-0.02319,-0.012506,-0.010043,0.0119,0.0333,0.0368
20020201,-0.058629,-0.037031,-0.014138,-0.097296,-0.05805,-0.006354,0.014023,-0.003768,-0.071242,-0.00851,-0.002464,0.000637,0.038678,-0.041335,0.011784,0.012964,-0.024589,0.035143,0.007611,-0.002308,-0.013286,-0.0046,0.025,0.0676
20020301,0.077399,0.078479,0.080346,0.086759,0.089921,0.077951,0.077805,0.124395,0.083868,0.068668,0.072075,0.073256,0.094125,0.06805,0.067834,0.058688,0.05076,0.077103,0.05698,0.041252,0.064009,0.0428,0.011,-0.0166
20020401,0.002888,0.023702,0.034256,-0.049043,0.005281,0.035634,0.044076,0.045534,-0.050038,0.013284,0.014505,0.011003,-0.003521,-0.033716,0.010567,-0.007811,-0.00974,-0.005279,-0.038915,0.006307,-0.018273,0.0666,0.0392,0.0795
20020501,-0.054142,-0.023851,0.009685,-0.074745,-0.056106,-0.040945,-0.031342,-0.062014,-0.057148,-0.031752,-0.036181,-0.023255,-0.035242,-0.032601,-0.002994,-0.002724,-0.016209,0.011646,0.003468,0.001427,0.026425,-0.0307,0.0168,0.0297
20020601,-0.061423,-0.007773,0.004685,-0.080368,-0.054079,-0.015364,-0.014435,-0.034527,-0.074693,-0.074155,-0.055529,-0.04425,-0.072494,-0.095331,-0.073787,-0.067488,-0.054684,-0.100458,-0.047106,-0.056695,-0.107337,0.0378,0.0012,0.0615
20020701,-0.156697,-0.141824,-0.113829,-0.162006,-0.167483,-0.140182,-0.156084,-0.192522,-0.084828,-0.101355,-0.11423,-0.134381,-0.158225,-0.107409,-0.08257,-0.105294,-0.110624,-0.184433,-0.10072,-0.076327,-0.099409,-0.0624,-0.0344,0.0334
20020801,-0.017997,-0.027185,-0.003476,0.001532,0.008488,-0.005275,0.009729,-0.007562,0.002678,-0.001153,0.025479,0.021058,0.039952,-0.010155,-0.002214,0.013565,0.001756,0.051122,0.000917,0.014978,0.041415,-0.0127,0.0252,0.0176
20020901,-0.078229,-0.079953,-0.067417,-0.080064,-0.067321,-0.058059,-0.08385,-0.078177,-0.079202,-0.08479,-0.09343,-0.070444,-0.101227,-0.085565,-0.089482,-0.126596,-0.115405,-0.218125,-0.114664,-0.083629,-0.086523,0.0307,0.0132,0.0909
20021001,0.048452,0.0337,0.014499,0.098323,0.030423,0.038717,0.021306,-0.022431,0.065884,0.03202,0.06023,0.029605,-0.00594,0.068216,0.057845,0.030729,0.041949,0.032292,0.1082,0.033654,0.067784,-0.0412,-0.0545,-0.053
20021101,0.12453,0.104896,0.079548,0.131496,0.104032,0.079747,0.059997,0.060077,0.097699,0.076871,0.062224,0.062791,0.11045,0.096226,0.072255,0.095638,0.086306,0.155161,0.062332,0.048721,0.068492,0.029,-0.0112,-0.1617
20021201,-0.058531,-0.054734,-0.017989,-0.102092,-0.069562,-0.047302,-0.032011,-0.033971,-0.075011,-0.044117,-0.027549,-0.040395,-0.059605,-0.07198,-0.049502,-0.034805,-0.044461,-0.018456,-0.059663,-0.031304,-0.047013,0.005,0.0223,0.0964
20030101,-0.006219,-0.01787,-0.004982,-0.03521,-0.031399,-0.026821,-0.020862,-0.032029,-0.016671,-0.03798,-0.032585,-0.03978,-0.038166,-0.013619,-0.031022,0.00007,-0.029972,-0.064714,-0.027476,-0.016056,-0.051067,0.0081,-0.0093,0.0161
20030201,-0.028193,-0.021461,-0.014412,-0.026721,-0.017927,-0.021851,-0.027437,-0.066572,-0.041669,-0.009109,-0.02187,-0.038013,-0.030832,-0.030798,-0.016608,-0.020816,-0.012464,-0.068624,-0.038576,-0.028716,-0.038423,-0.0089,-0.0145,0.0125
20030301,0.016902,0.005346,0.017231,0.025873,0.005174,0.004357,0.018242,-0.009529,0.032242,0.007127,-0.000623,-0.003994,0.009505,0.013266,-0.006901,0.009052,0.014381,-0.042969,0.001346,0.010653,-0.009491,0.0055,-0.0208,0.0161
20030401,0.111907,0.079853,0.072098,0.102649,0.096451,0.090754,0.096636,0.094,0.088005,0.083801,0.097247,0.121266,0.106261,0.089099,0.074263,0.105779,0.076115,0.087275,0.096302,0.084025,0.106574,0.0106,0.0103,-0.0946
20030501,0.147345,0.117961,0.099744,0.129261,0.103399,0.111187,0.093984,0.098087,0.087648,0.086645,0.091392,0.102473,0.08293,0.102647,0.099516,0.089426,0.097126,0.093329,0.065241,0.06453,0.06571,0.0483,-0.0029,-0.1077
20030601,0.043056,0.048842,0.038178,0.018822,0.003812,0.011598,0.025008,0.040842,0.026212,0.019013,0.001193,0.009411,0.038797,0.013005,0.006823,-0.001401,-0.006935,0.080957,0.020897,0.025832,-0.009499,0.0168,0.0068,-0.0106
20030701,0.078425,0.084781,0.092763,0.080176,0.057202,0.061202,0.063732,0.076362,0.076427,0.048259,0.016683,0.040643,0.02995,0.038031,0.041113,0.031218,0.060373,0.012671,0.038397,0.012405,-0.013978,0.0473,-0.0113,-0.0031
20030801,0.04913,0.039593,0.045168,0.044006,0.030474,0.052816,0.052029,0.062878,0.041162,0.039742,0.04271,0.086807,0.076944,0.050977,0.03702,0.041862,0.050053,0.095859,0.008381,0.010442,0.020792,0.0254,0.0203,-0.0056
20030901,0.001851,0.002473,0.02336,-0.023116,-0.021702,-0.024164,-0.043916,-0.011714,-0.01991,-0.028207,-0.019342,-0.017653,-0.004745,-0.017834,-0.022023,-0.010461,-0.010703,0.002092,-0.012809,-0.010027,-0.03391,0.0052,0.0001,-0.0019
20031001,0.089537,0.074736,0.109178,0.094184,0.074269,0.067473,0.104946,0.109795,0.09158,0.063015,0.064925,0.102498,0.11989,0.077692,0.086497,0.085436,0.093755,0.081687,0.07522,0.082701,0.056253,0.0264,0.0177,0.0373
20031101,0.034209,0.04947,0.036168,0.026162,0.035519,0.029737,0.04028,0.036871,0.037403,0.030262,0.019229,0.054905,0.030991,0.012885,0.029714,0.036834,0.034275,0.038742,0.00442,0.010525,0.005637,0.0221,0.0185,0.0162
20031201,0.026583,0.02951,0.014473,0.013666,0.027274,0.024825,0.023417,0.035316,-0.005221,0.026469,0.041441,0.018528,0.083219,0.008617,0.032406,0.026161,0.050948,0.028161,0.050768,0.048788,0.074261,-0.0269,0.0241,-0.0571
20040101,0.063134,0.054871,0.063019,0.033305,0.038217,0.031809,0.041562,0.073136,0.032379,0.019663,0.017986,0.034212,0.063,0.017062,0.01494,0.044991,0.026691,0.047842,0.014384,0.029621,0.013093,0.0254,0.0197,0.026
20040201,0.001495,-0.000117,0.009958,0.011337,0.018746,0.009442,-0.003434,0.003001,0.000132,0.025867,0.037905,0.018559,0.005522,0.023508,0.020781,0.022273,0.034836,0.007357,0.02199,0.012535,0.018875,-0.0091,0.005,-0.011
20040301,-0.005162,-0.007561,0.005291,0.023731,0.018307,-0.007372,0.015079,0.015005,0.016136,0.007102,0.001757,0.002771,0.008824,0.004091,-0.007992,0.011226,-0.010553,-0.011705,-0.007762,-0.016678,0.002981,0.0211,0.0022,0.0021
20040401,-0.051726,-0.033784,-0.038621,-0.039933,-0.045124,-0.02202,-0.04346,-0.084811,-0.018359,-0.028351,-0.030562,-0.057159,-0.064646,-0.015369,-0.046114,-0.039985,-0.027383,-0.035819,-0.0318,-0.031705,-0.023682,-0.0219,-0.0262,-0.0539
20040501,-0.005451,0.002241,-0.006437,0.015982,0.013816,0.014342,0.01168,0.038113,0.014327,0.023546,0.021228,0.015453,0.017503,0.011512,0.021709,0.026958,0.012713,0.040078,0.010838,0.004055,0.005497,-0.004,-0.0039,0.016
20040601,0.046768,0.042282,0.03203,0.032209,0.050377,0.058712,0.054196,0.083579,0.022427,0.044778,0.017686,0.02202,0.048007,0.014785,0.025534,0.024586,0.033098,0.042121,0.015192,0.003226,0.032546,0.0257,0.0139,0.021
20040701,-0.076593,-0.067661,-0.054728,-0.089757,-0.081533,-0.061548,-0.047865,-0.040441,-0.088584,-0.057898,-0.033752,-0.026241,-0.045368,-0.060978,-0.05362,-0.04056,-0.05847,-0.017922,-0.014857,-0.007905,-0.019455,-0.0302,0.0412,-0.0229
20040801,-0.007855,-0.009757,-0.015499,-0.04469,-0.014895,0.002043,0.00338,0.006744,-0.023723,-0.016258,0.008712,0.004931,-0.016374,-0.016169,-0.00834,0.004675,0.007631,0.000961,0.016794,0.010412,0.009609,-0.0127,0.0102,-0.0155
20040901,0.042562,0.054254,0.041464,0.083323,0.054458,0.053655,0.043529,0.040377,0.040801,0.046697,0.036809,0.030614,0.026987,0.029616,0.030746,0.046163,0.030395,0.03355,0.014906,0.017894,0.013097,0.0329,-0.0025,0.0525
20041001,0.021885,0.032287,0.00492,0.037213,0.03176,0.016732,0.000325,0.028321,0.022169,0.041585,0.018535,0.00646,0.011685,0.039904,0.027153,0.011708,0.013778,-0.003649,0.006563,0.033593,0.002906,0.0029,-0.0062,-0.0152
20041101,0.083117,0.081598,0.075578,0.073707,0.095672,0.091603,0.093319,0.111745,0.05762,0.070877,0.074688,0.069564,0.096137,0.05267,0.071431,0.076156,0.072758,0.093725,0.044169,0.05727,0.035029,0.0413,0.018,0.0323
20041201,0.045256,0.039912,0.031161,0.03494,0.03236,0.024121,0.024124,0.03722,0.053626,0.0357,0.014708,0.023713,0.044359,0.043332,0.042165,0.041795,0.05226,0.030583,0.027544,0.014075,0.055346,0.0001,-0.0007,-0.0284
20050101,-0.040873,-0.040958,-0.030131,-0.055185,-0.030605,-0.041234,-0.027885,-0.024274,-0.034928,-0.039494,-0.032085,-0.008579,-0.031699,-0.028061,-0.037406,-0.030136,-0.017666,-0.020284,-0.015336,-0.016264,-0.022942,-0.0111,0.0196,0.032
20050201,-0.003123,-0.005335,0.01368,0.023609,0.014276,0.024281,0.044345,0.033381,0.00674,0.030108,0.036773,0.02039,0.02082,0.019925,0.021514,0.035017,0.033788,0.049193,0.047755,0.026351,0.004871,-0.003,0.0164,0.0316
20050301,-0.029165,-0.032288,-0.023933,-0.042979,-0.022107,-0.024569,-0.007492,-0.013665,-0.017617,-0.025107,-0.024345,-0.025229,-0.001496,-0.022082,-0.001158,0.00722,-0.023996,-0.016746,-0.037847,-0.006982,-0.003517,-0.014,0.0159,0.0054
20050401,-0.068085,-0.05321,-0.067577,-0.076294,-0.062494,-0.062724,-0.058763,-0.058598,-0.052029,-0.039527,-0.055616,-0.053894,-0.042085,-0.038601,-0.046116,-0.039672,-0.026506,-0.031524,-0.023582,-0.021558,-0.010404,-0.0402,-0.0035,-0.0087
20050501,0.061644,0.048606,0.037264,0.095245,0.080806,0.066821,0.057699,0.070186,0.060985,0.062787,0.051174,0.045675,0.07262,0.061961,0.060259,0.054503,0.065241,0.051442,0.027446,0.012412,0.022305,0.0272,-0.0081,0.0044
20050601,0.036436,0.04579,0.042564,0.020585,0.043745,0.044424,0.042843,0.040639,0.021893,0.023124,0.032279,0.041984,0.03577,0.011961,0.016993,0.03549,0.044439,0.029844,0.012612,0.015176,0.014279,0.0326,0.0263,0.0205
20050701,0.077069,0.070112,0.069321,0.068186,0.067614,0.074244,0.059098,0.069316,0.045308,0.06258,0.067382,0.047624,0.047401,0.059412,0.053696,0.052268,0.070935,0.051317,0.028863,0.010079,0.038387,0.0283,-0.0051,-0.0001
20050801,-0.004475,-0.014184,-0.009023,-0.026928,-0.008303,-0.01407,-0.015689,-0.02134,-0.024558,-0.004923,-0.00876,-0.013092,-0.003966,-0.017228,-0.005893,-0.002744,0.010608,-0.014883,-0.009629,-0.007164,0.008742,-0.0086,0.0127,0.0227
20050901,0.018223,0.00153,0.012437,0.003023,0.01135,0.010325,0.004643,0.00496,-0.008187,0.022247,0.011747,-0.006839,0.00397,0.005475,-0.006514,0.018406,0.036635,0.017484,0.012572,0.014658,0.013401,-0.0031,0.0076,0.0346
20051001,-0.032378,-0.027796,-0.020246,-0.033332,-0.018685,-0.031728,-0.028687,-0.028992,-0.031552,-0.039547,-0.016527,-0.036596,-0.034852,-0.010667,-0.035106,-0.02664,-0.047083,-0.036335,-0.030499,-0.01332,-0.012597,-0.0141,0.0023,-0.0129
20051101,0.047599,0.048782,0.040076,0.052704,0.047548,0.048207,0.049314,0.035154,0.070288,0.058912,0.044168,0.043561,0.01671,0.054029,0.04812,0.03803,0.028116,0.048656,0.041818,0.038194,0.033908,0.008,-0.0119,0.0025
20051201,0.004267,-0.00419,0.002177,0.000788,-0.009367,-0.004211,-0.00635,-0.006188,0.005508,0.009055,0.007281,0.004759,0.010741,0.004309,0.015145,0.017021,0.022253,0.007113,0.000669,0.007376,0.006589,-0.0027,0.0044,0.0077
20060101,0.093157,0.08526,0.080774,0.068367,0.087175,0.10354,0.09905,0.078221,0.056253,0.082504,0.090207,0.046978,0.061594,0.053167,0.048578,0.049535,0.038629,0.046341,0.024422,0.016524,0.05307,0.0577,0.0112,0.0268
20060201,0.009289,-0.002699,-0.00582,-0.000127,-0.002948,-0.011863,0.004177,-0.018467,0.006707,-0.017858,-0.002008,-0.010183,-0.015966,0.006494,-0.004189,-0.002924,-0.022712,0.013133,0.004947,0.010714,0.00262,-0.0045,-0.0025,-0.0184
20060301,0.05516,0.04441,0.054758,0.032133,0.053332,0.063755,0.053062,0.041091,0.049293,0.038672,0.028123,0.028262,0.017588,0.035019,0.024368,0.027387,0.020407,0.026011,0.019685,0.012576,0.010742,0.0345,0.006,0.0126
20060401,-0.01376,0.002039,0.004692,-0.007041,0.008137,0.036036,-0.011199,0.025674,-0.012258,-0.004034,0.022508,-0.004289,0.026479,0.001607,0.002343,0.011208,0.031951,0.032573,0.022234,0.025743,0.020828,-0.0083,0.026,0.0061
20060501,-0.064108,-0.043521,-0.044542,-0.062277,-0.060307,-0.042626,-0.052759,-0.030783,-0.061978,-0.048788,-0.040867,-0.031861,-0.018305,-0.055014,-0.028107,-0.026554,-0.019492,-0.027228,-0.027082,-0.02461,-0.012692,-0.0299,0.0255,-0.0365
20060601,-0.009853,-0.006692,-0.001251,0.001002,0.014094,-0.000544,0.004551,-0.001876,-0.008016,-0.006463,-0.003252,0.002882,0.002609,-0.003516,-0.017532,-0.010206,0.001749,-0.007195,-0.00781,0.005697,0.012091,-0.0023,0.0088,0.0148
20060701,-0.034189,-0.035458,-0.021807,-0.052183,-0.044795,-0.02963,-0.017004,-0.036194,-0.06279,-0.029078,-0.042843,-0.018808,-0.013027,-0.048237,-0.030157,-0.02544,-0.03151,-0.013271,0.016211,0.014424,0.018298,-0.0369,0.0294,-0.0222
20060801,0.024495,0.031564,0.025557,0.033887,0.023908,0.032865,0.033605,0.017984,0.024432,0.021354,0.021455,0.028831,0.020705,0.014621,0.033521,0.003382,0.032049,0.026734,0.019623,0.025234,0.000842,0.0044,-0.0171,-0.0346
20060901,0.002434,-0.001077,0.007702,0.008296,0.014199,0.010646,0.017156,0.011914,0.022695,0.001586,0.012192,0.01064,0.010316,0.019554,0.027925,0.011637,0.011784,0.008843,0.027799,0.018864,0.023119,-0.0143,0.0005,-0.0094
20061001,0.060442,0.061193,0.046285,0.062086,0.052333,0.048274,0.047705,0.046581,0.057606,0.041252,0.039971,0.036501,0.053157,0.04335,0.047491,0.036184,0.028583,0.032116,0.022193,0.038233,0.03562,0.0193,-0.0004,-0.0023
20061101,0.034419,0.016694,0.020855,0.016723,0.030705,0.03008,0.032702,0.029192,0.037008,0.038778,0.045606,0.039172,0.035106,0.038239,0.041684,0.035369,0.022722,0.047527,0.022394,0.02551,0.020664,0.0081,0.0007,-0.0101
20061201,0.009499,0.016502,0.022254,-0.021515,-0.007853,0.010556,0.003723,0.016309,-0.010565,-0.00111,0.009699,0.010658,0.010558,-0.010822,0.00311,-0.004746,0.019364,0.024528,0.013338,0.034544,0.027363,-0.008,0.0315,0.0084
20070101,0.001526,0.001555,0.004604,0.021845,0.014446,0.015949,0.008963,0.025134,0.037594,0.030693,0.018343,0.037988,0.008703,0.043227,0.035923,0.02034,0.025675,0.020417,0.010893,0.009699,0.003178,0.0008,-0.0011,0.0021
20070201,-0.005839,-0.010946,-0.00758,-0.009107,-0.001859,0.002489,-0.015772,0.00596,0.004489,0.005079,0.013757,0.004025,0.004739,-0.004371,0.00217,0.010376,-0.000337,0.006457,-0.015049,-0.030588,-0.012547,0.014,-0.0009,-0.0135
20070301,-0.000819,0.010552,0.01101,0.010193,0.014276,-0.00327,0.01112,-0.011145,0.026669,0.020867,0.018719,0.012462,0.014066,0.010306,0.010666,0.006053,0.0007,0.034406,0.011433,0.026097,0.01,0.0007,-0.0022,0.0249
20070401,0.001622,0.005909,-0.000896,0.02344,0.02716,0.013907,0.007027,0.022933,0.033111,0.042707,0.040979,0.030926,0.026795,0.044302,0.038794,0.043948,0.057096,0.026158,0.042563,0.040774,0.027249,-0.0202,-0.0115,-0.0016
20070501,0.034562,0.025925,0.030674,0.034947,0.040934,0.042033,0.022375,0.034518,0.069736,0.048122,0.052463,0.046949,0.036806,0.04465,0.033343,0.045675,0.049002,0.025166,0.041679,0.038155,0.03611,0.0028,-0.0004,-0.0027
20070601,-0.003006,-0.008538,-0.006991,-0.012341,-0.018372,-0.012807,-0.025458,-0.020011,-0.008375,0.001041,-0.005589,-0.018532,-0.027162,-0.006118,-0.022069,-0.031537,-0.02809,-0.017342,-0.007285,-0.020571,-0.030381,0.0076,-0.0112,0.0037
20070701,-0.065019,-0.064098,-0.069452,-0.046437,-0.059474,-0.055368,-0.06963,-0.098031,-0.032916,-0.032661,-0.051492,-0.05806,-0.073618,-0.026251,-0.045913,-0.06032,-0.050467,-0.072121,-0.01405,-0.04715,-0.046366,-0.0287,-0.0333,0.028
20070801,0.013744,0.011162,0.008545,0.023967,0.025988,0.025007,0.036143,-0.011828,-0.004597,0.027837,0.003295,0.003612,-0.035791,0.014947,0.003505,-0.016717,-0.010251,-0.010762,0.023426,0.016309,0.017076,-0.0034,-0.0224,0.0011
20070901,0.022766,0.003121,0.009576,0.0294,0.009083,0.006646,0.009417,-0.005142,0.030378,0.033406,0.02015,0.015809,0.0158,0.033927,0.026005,0.017487,0.02279,0.006396,0.037582,0.028873,0.026409,-0.0241,-0.0186,0.0459
20071001,0.01112,0.001733,-0.000127,0.037098,0.045253,0.00989,0.017845,-0.002041,0.039871,0.019605,0.040716,0.011692,0.03704,0.026626,0.021857,0.020081,0.024903,-0.018995,0.016123,0.007893,0.006987,0.0003,-0.026,0.0496
20071101,-0.087258,-0.077843,-0.079072,-0.067296,-0.068583,-0.062399,-0.067711,-0.087329,-0.069732,-0.062578,-0.05974,-0.051001,-0.051978,-0.041946,-0.046086,-0.071922,-0.057423,-0.06554,-0.024054,-0.053348,-0.051371,-0.0281,-0.0118,0.0093
20071201,0.008463,-0.016916,-0.005166,0.008934,0.001051,0.00133,0.007679,-0.010452,-0.018061,-0.00754,-0.005918,-0.009184,-0.003976,-0.001665,0.001015,-0.032584,-0.013379,-0.021901,0.002585,-0.011497,-0.011739,0.0018,-0.0051,0.0652
20080101,-0.084833,-0.071662,-0.047066,-0.096106,-0.069041,-0.073816,-0.03248,-0.038018,-0.057016,-0.059239,-0.065992,-0.031294,-0.065636,-0.073124,-0.073315,-0.046186,-0.04166,-0.028791,-0.047714,-0.047946,-0.039521,-0.0052,0.0365,-0.0789
20080201,-0.041367,-0.051607,-0.023163,-0.050288,-0.011666,-0.011255,-0.033135,-0.046822,-0.036216,-0.010869,-0.020098,-0.01557,-0.029325,-0.008004,-0.011975,-0.022055,-0.02578,-0.053418,-0.01743,-0.039592,-0.050204,-0.0053,-0.0094,0.0611
20080301,-0.011956,0.022978,0.000984,-0.007307,0.018299,0.019118,0.01537,0.00589,-0.031754,0.012746,-0.024258,-0.010562,-0.007938,0.002,-0.023197,-0.02413,-0.030465,-0.012178,0.014466,-0.042801,-0.031885,0.0075,-0.0014,0.041
20080401,0.036006,0.007283,0.006076,0.029074,0.04269,0.035024,0.028608,0.00518,0.070301,0.067131,0.090039,0.098693,0.075178,0.06069,0.067068,0.058735,0.079946,0.027127,0.034689,0.071656,0.041075,-0.0115,-0.0095,-0.002
20080501,0.04154,0.022801,0.034462,0.071292,0.034555,0.080308,0.056,0.017774,0.040807,0.03554,0.068006,0.06384,0.046196,0.042541,0.052897,0.038552,0.05018,0.028179,-0.003829,0.007596,-0.018063,0.0322,-0.0138,0.0321
20080601,-0.088938,-0.110805,-0.072317,-0.076455,-0.071622,-0.051518,-0.082743,-0.114978,-0.085346,-0.06968,-0.068226,-0.070677,-0.064044,-0.070778,-0.089035,-0.098108,-0.05534,-0.133582,-0.071304,-0.092105,-0.130804,0.0115,-0.0242,0.1253
20080701,0.04467,0.049614,0.071244,0.016653,0.028403,0.043669,0.035441,0.080658,-0.004981,0.001651,0.017401,-0.004978,0.057813,-0.003834,-0.015197,-0.077772,-0.02129,-0.022264,-0.02015,-0.018765,0.029456,0.0366,0.0588,-0.0514
20080801,0.031488,0.029276,0.030791,0.045475,0.045907,0.036273,0.054793,0.122307,0.031565,0.029956,0.044158,0.02445,0.058631,0.010871,0.017955,0.020363,0.045553,0.025669,0.015196,0.022763,-0.023974,0.0342,0.0152,-0.0404
20080901,-0.095411,-0.085935,-0.035287,-0.090349,-0.084878,-0.06863,-0.045712,-0.068291,-0.137939,-0.115461,-0.081092,-0.066984,-0.060863,-0.131923,-0.133788,-0.147892,-0.104963,-0.087459,-0.086902,-0.070445,-0.078547,0.0035,0.0633,0.0035
20081001,-0.200985,-0.189893,-0.153588,-0.226368,-0.232907,-0.186709,-0.195778,-0.208258,-0.229838,-0.182728,-0.174767,-0.199244,-0.203843,-0.207301,-0.203644,-0.252882,-0.224032,-0.187466,-0.155026,-0.130837,-0.270162,-0.032,-0.0289,0.0779
20081101,-0.123466,-0.123982,-0.118075,-0.110705,-0.105662,-0.10538,-0.096981,-0.167425,-0.117271,-0.102624,-0.093266,-0.092844,-0.067783,-0.082913,-0.089202,-0.092346,-0.088313,-0.152947,-0.045704,-0.067508,-0.139905,-0.0388,-0.0602,0.071
20081201,0.06323,0.056862,0.026057,0.039507,0.063077,0.062678,0.054634,0.069404,0.066119,0.033735,0.044795,-0.001662,0.102627,0.043912,0.06636,0.027664,0.024852,0.013199,0.009706,0.004682,-0.018059,0.0337,-0.0025,-0.0508
20090101,-0.077474,-0.097263,-0.15751,-0.071295,-0.052765,-0.111086,-0.139183,-0.195914,-0.059841,-0.087278,-0.087114,-0.066411,-0.183193,-0.044718,-0.062422,-0.067014,-0.090176,-0.170359,-0.097497,-0.108447,-0.188152,-0.0201,-0.1118,-0.0184
20090201,-0.105357,-0.12488,-0.132063,-0.09756,-0.089928,-0.10669,-0.134967,-0.215554,-0.064117,-0.107772,-0.094823,-0.126188,-0.114569,-0.067048,-0.085808,-0.106334,-0.140597,-0.151537,-0.092991,-0.119716,-0.196016,-0.0117,-0.0727,0.0416
20090301,0.115497,0.106223,0.077757,0.083552,0.108242,0.099132,0.074641,0.138979,0.088405,0.092867,0.0999,0.086149,0.132933,0.083747,0.091962,0.074861,0.110382,0.10469,0.083737,0.096625,0.117664,0.0067,0.0356,-0.1138
20090401,0.158361,0.159777,0.160347,0.160519,0.178214,0.15298,0.137289,0.191497,0.141193,0.181893,0.138525,0.162449,0.157929,0.112517,0.140714,0.167762,0.143777,0.170324,0.070867,0.108911,0.138286,0.0671,0.0553,-0.3439
20090501,0.057113,0.046832,0.043968,0.040105,0.031405,0.027912,0.005533,0.048252,0.039147,0.014203,0.028647,0.012742,-0.011027,0.036998,0.027568,0.049406,0.086146,0.038582,0.053799,0.04859,0.083486,-0.0233,-0.0023,-0.1244
20090601,0.050525,0.042376,0.026084,0.064408,0.020437,0.008178,-0.023057,0.004471,0.018205,0.015176,-0.016709,0.004515,0.002079,0.019469,0.006007,-0.013729,-0.006853,-0.001776,-0.016025,-0.001781,-0.008854,0.0232,-0.0272,0.0529
20090701,0.074415,0.092078,0.088982,0.060439,0.06904,0.121732,0.118954,0.13377,0.069354,0.094947,0.100008,0.1233,0.161072,0.076157,0.07748,0.094109,0.120153,0.110886,0.089005,0.075588,0.08533,0.0244,0.0528,-0.0536
20090801,0.024455,0.036166,0.038684,0.001433,0.00654,0.032409,0.041975,0.08023,0.010245,0.009685,0.038186,0.04478,0.116013,0.02031,0.044093,0.032734,0.061339,0.153186,0.04356,0.025989,0.062615,-0.0005,0.0775,-0.0884
20090901,0.056348,0.049877,0.063982,0.081138,0.060101,0.073913,0.054986,0.080302,0.065653,0.04138,0.066477,0.079274,0.069929,0.068915,0.049247,0.061343,0.064987,0.085431,0.024909,0.04509,0.051229,0.0274,0.0093,-0.0493
20091001,-0.073301,-0.068876,-0.076897,-0.074417,-0.05065,-0.069482,-0.093955,-0.100424,-0.050052,-0.036256,-0.053937,-0.05498,-0.096849,-0.045849,-0.028238,-0.040352,-0.074471,-0.063641,-0.010243,-0.032194,-0.034483,-0.0478,-0.0418,0.0266
20091101,-0.007639,0.035404,0.012632,0.022501,0.013043,0.022858,0.03048,0.057456,0.032168,0.032914,0.01354,0.066218,0.072916,0.043528,0.04498,0.04396,0.043648,0.043928,0.054676,0.042738,0.046098,-0.028,-0.0017,0.0029
20091201,0.084703,0.07751,0.079386,0.091931,0.093767,0.09283,0.074389,0.092763,0.069424,0.072515,0.07026,0.074352,0.084602,0.060593,0.044953,0.077249,0.058054,0.064632,0.025783,0.027428,0.017739,0.0622,0,0.0291
20100101,-0.051833,-0.041238,-0.037984,-0.031482,-0.035182,-0.009148,-0.028373,-0.038903,-0.036027,-0.033292,-0.039344,-0.038989,-0.030181,-0.03736,-0.037971,-0.05194,-0.020397,-0.023055,-0.034519,-0.011291,-0.048511,0.0029,0.003,-0.0538
20100201,0.038652,0.049805,0.05279,0.020089,0.036178,0.026434,0.061092,0.055151,0.040771,0.039857,0.041336,0.06898,0.089695,0.048376,0.070729,0.050391,0.039994,0.065729,0.03047,0.025777,0.04131,0.0146,0.0316,0.036
20100301,0.067266,0.081908,0.06915,0.068252,0.081945,0.07923,0.07259,0.113525,0.094008,0.067837,0.091881,0.077963,0.07686,0.081858,0.063273,0.079538,0.057376,0.121351,0.053812,0.064205,0.067749,0.0179,0.0211,0.0366
20100401,0.070948,0.057048,0.100457,0.021525,0.05707,0.053067,0.06553,0.07211,0.029783,0.058559,0.03244,0.054602,0.057208,0.039877,0.045473,0.033262,0.070332,0.047657,0.02454,0.019497,-0.014683,0.0504,0.0281,0.0322
20100501,-0.055411,-0.070122,-0.094148,-0.04839,-0.062769,-0.07485,-0.090595,-0.098144,-0.062864,-0.06398,-0.065589,-0.096301,-0.092366,-0.051238,-0.084172,-0.087208,-0.069844,-0.079704,-0.07781,-0.093333,-0.075657,0.0006,-0.0238,-0.0013
20100601,-0.070877,-0.068236,-0.072984,-0.053608,-0.05049,-0.077378,-0.101099,-0.12566,-0.056452,-0.061802,-0.071498,-0.075309,-0.118053,-0.043569,-0.061917,-0.0748,-0.084454,-0.097449,-0.067746,-0.032058,-0.073211,-0.0249,-0.045,-0.03
20100701,0.053258,0.070835,0.060452,0.069585,0.079729,0.062907,0.072036,0.061464,0.06577,0.073062,0.050446,0.080855,0.079891,0.069258,0.064331,0.085226,0.080644,0.064438,0.058671,0.079732,0.072338,0.0009,-0.0026,0.0188
20100801,-0.083962,-0.086325,-0.098078,-0.057503,-0.082139,-0.085427,-0.065994,-0.083265,-0.04396,-0.061295,-0.082788,-0.066838,-0.064148,-0.04273,-0.04672,-0.054972,-0.041776,-0.061855,-0.037301,-0.020539,-0.056061,-0.031,-0.0195,-0.0019
20100901,0.111197,0.134166,0.118094,0.150181,0.150552,0.133213,0.10598,0.113616,0.126575,0.140189,0.122477,0.11426,0.109953,0.120438,0.114018,0.108583,0.076312,0.097537,0.081623,0.084317,0.072634,0.0372,-0.0313,0.0135
20101001,0.05093,0.05794,0.050783,0.036512,0.040574,0.037033,0.032698,0.026191,0.044916,0.039593,0.045448,0.038483,0.031714,0.031816,0.046899,0.041812,0.017856,0.003295,0.04476,0.039224,0.018591,0.0078,-0.026,0.0164
20101101,0.036767,0.054603,0.042276,0.033844,0.044325,0.032953,0.03,0.04408,0.037786,0.057085,0.02447,0.037754,0.015962,0.045745,0.037455,0.027015,0.013251,-0.006537,0.021989,-0.007576,-0.000874,0.036,-0.009,0.0254
20101201,0.0805,0.075878,0.086681,0.078146,0.074671,0.078609,0.080373,0.10327,0.062908,0.078666,0.087402,0.070393,0.083042,0.049619,0.071179,0.075152,0.089611,0.094169,0.061664,0.069865,0.089975,0.0095,0.0382,-0.0319
20110101,-0.019299,-0.014994,-0.010345,0.008544,-0.007605,0.020171,0.000249,0.024796,0.019938,0.018231,-0.004183,0.038275,-0.005908,0.018178,0.037018,0.017391,0.018649,0.007969,0.035996,0.02688,0.026427,-0.0242,0.0082,-0.0032
20110201,0.053593,0.038139,0.048326,0.056209,0.070538,0.06347,0.047208,0.054716,0.051197,0.063391,0.056419,0.051572,0.043091,0.046197,0.042343,0.041968,0.038385,0.024825,0.036967,0.0498,0.037887,0.0164,0.011,0.0203
20110301,0.04507,0.00928,0.020679,0.025581,0.026432,0.03041,0.014039,0.033482,0.048772,0.030971,0.027191,0.024012,0.017692,0.01848,0.03235,0.024797,0.008704,0.002955,-0.001114,0.016397,-0.006626,0.0267,-0.0158,0.0351
20110401,0.008197,0.005809,0.014936,0.042446,0.021292,0.022685,0.018885,-0.000837,0.040252,0.039463,0.032939,0.030026,0.019733,0.034336,0.01663,0.017871,0.028739,0.023315,0.04504,0.031565,0.007368,-0.0051,-0.0252,0.0006
20110501,-0.011533,-0.02346,-0.043593,-0.020516,-0.01083,-0.005394,-0.035113,-0.03102,-0.014884,-0.01231,-0.016391,-0.042616,-0.004644,0.002349,-0.005264,-0.013847,-0.012304,-0.008777,-0.024156,-0.014075,-0.021193,-0.0069,-0.0208,-0.0058
20110601,-0.035935,-0.024074,-0.0175,-0.009252,-0.021106,-0.013922,-0.005096,-0.015864,-0.008642,-0.020652,-0.017419,-0.009649,-0.036082,-0.015044,-0.020479,-0.0294,-0.020306,-0.019402,-0.017893,-0.019783,-0.016608,0.0011,-0.0032,0.0177
20110701,-0.029168,-0.029655,-0.012214,-0.036091,-0.036302,-0.052179,-0.030079,-0.056373,-0.048051,-0.037509,-0.032685,-0.05117,-0.039894,-0.042804,-0.032701,-0.037506,-0.028546,-0.037489,-0.017463,-0.014538,-0.039655,-0.0134,-0.0121,0.0002
20110801,-0.121271,-0.088724,-0.104225,-0.093403,-0.087941,-0.10373,-0.07949,-0.109226,-0.07421,-0.082455,-0.0851,-0.088934,-0.093124,-0.079978,-0.077235,-0.088211,-0.084456,-0.067998,-0.046664,-0.069631,-0.03895,-0.032,-0.0248,-0.0033
20110901,-0.127857,-0.107912,-0.108996,-0.10419,-0.119318,-0.117919,-0.107002,-0.109002,-0.103191,-0.129201,-0.118252,-0.109883,-0.108268,-0.090978,-0.110662,-0.125487,-0.089207,-0.095715,-0.050289,-0.070642,-0.058328,-0.0378,-0.0141,-0.0257
20111001,0.152144,0.145428,0.148943,0.179882,0.148176,0.162321,0.150213,0.148697,0.141305,0.167689,0.170686,0.153489,0.124701,0.150001,0.158558,0.155093,0.118231,0.121434,0.105424,0.12639,0.088392,0.0357,-0.0018,-0.0142
20111101,-0.010101,-0.030026,-0.010888,-0.00208,-0.020079,-0.000873,0.017968,0.002996,-0.014029,0.014769,-0.008186,0.014954,-0.001114,-0.005127,-0.007013,0.012309,0.013695,-0.014406,0.012976,0.00808,0.000343,-0.0026,-0.0034,0.0398
20111201,0.019776,0.008784,0.019242,-0.008658,0.004528,0.013924,0.005667,0.012198,-0.021265,-0.002914,0.004303,0.003346,0.029906,-0.025647,0.004679,-0.004221,0.038717,-0.003661,0.007776,0.021081,0.03496,-0.0044,0.0177,0.0195
20120101,0.075362,0.074175,0.077047,0.07969,0.059429,0.078087,0.054443,0.053054,0.081017,0.054909,0.073508,0.058644,0.027214,0.096155,0.063738,0.049484,0.031347,0.041316,0.025414,0.020436,0.021654,0.0216,-0.0113,-0.0796
20120201,0.007963,0.013222,0.009979,0.04112,0.037074,0.01341,0.027195,0.045585,0.041552,0.035881,0.038789,0.041697,0.036348,0.04728,0.053059,0.037889,0.035975,0.060822,0.029635,0.039632,0.046119,-0.0163,0.0008,-0.0028
20120301,0.035184,0.034639,0.031249,0.01839,0.01754,0.026932,0.038087,0.027545,0.015167,0.01179,0.018193,0.021687,-0.00424,0.045096,0.003038,-0.008722,0.022816,0.018055,0.021281,0.004731,0.036525,-0.0045,0.0092,0.0149
20120401,-0.021486,-0.018069,-0.016625,-0.000509,-0.026213,-0.020757,-0.024557,-0.018356,-0.024227,-0.006781,-0.014695,-0.009053,0.004023,-0.005999,0.002426,-0.003768,0.007101,-0.032153,-0.008197,-0.000443,-0.006624,-0.0059,-0.0048,0.0384
20120501,-0.056465,-0.072323,-0.081781,-0.057645,-0.058499,-0.076783,-0.053379,-0.072916,-0.065277,-0.070231,-0.074871,-0.059881,-0.068951,-0.072575,-0.085972,-0.093574,-0.064389,-0.057468,-0.052724,-0.051515,-0.028059,-0.0009,-0.0059,0.0659
20120601,0.077238,0.054119,0.057757,0.063782,0.046183,0.047734,0.029877,0.051919,0.052388,0.026946,0.024518,0.028385,0.035,0.004826,0.01789,0.034632,0.025955,0.034501,0.044879,0.046324,0.054508,0.0095,0.0044,-0.0072
20120701,0.01278,-0.029281,-0.01695,-0.041286,-0.002531,-0.011257,-0.013191,-0.004583,-0.021803,-0.00266,-0.002724,0.005021,-0.046355,-0.024679,0.003026,-0.003018,-0.00618,-0.011813,0.025557,0.01217,0.019324,-0.0268,-0.0027,0.0316
20120801,0.004876,0.039434,0.028143,0.020811,0.023918,0.030053,0.033427,0.03465,0.054002,0.03085,0.043261,0.042043,0.034599,0.04067,0.041647,0.023299,0.039868,0.060006,0.02008,0.014008,-0.002497,0.0044,0.0131,-0.0248
20120901,0.051366,0.047307,0.04587,0.049037,0.035109,0.040996,0.038428,0.035052,0.026985,0.015455,0.019474,0.028209,0.036047,0.020755,0.020379,0.026947,0.023823,0.032987,0.023757,0.038939,0.032243,0.0066,0.0153,-0.0104
20121001,-0.044292,-0.037449,-0.034515,-0.060189,-0.023308,-0.011498,-0.017988,-0.010151,-0.042256,0.003543,-0.004247,0.007212,0.000592,-0.010778,0.000129,-0.007423,0.014008,0.01099,-0.009652,-0.015873,-0.018432,-0.0081,0.0379,0.001
20121101,0.019166,0.007686,-0.005292,-0.005924,0.003912,0.004249,0.004592,0.026845,0.026664,0.03455,0.025727,0.013476,0.009697,0.029408,0.031517,0.006445,-0.0046,0.008611,0.002193,-0.00489,-0.00581,0.0036,-0.0097,0.0034
20121201,0.03672,0.039519,0.044356,0.038456,0.031355,0.03857,0.036088,0.048296,0.021845,0.038337,0.021805,0.027587,0.046263,0.019638,0.022407,0.033748,0.039509,0.031848,-0.001614,0.016935,0.015144,0.0187,0.0358,-0.0297
20130101,0.042829,0.06011,0.055822,0.07659,0.062325,0.064485,0.077058,0.040509,0.052301,0.063228,0.063335,0.066405,0.085929,0.073366,0.066655,0.076642,0.085505,0.093833,0.054075,0.056548,0.065886,0.0056,0.0095,-0.0186
20130201,-0.001776,-0.005974,0.019268,0.010105,0.01264,0.007263,0.020213,0.011364,0.00556,0.009836,0.011837,0.020278,0.01174,0.006215,0.014977,0.018929,0.001647,0.026922,0.014179,0.019687,0.029335,-0.0038,0.0003,0.0132
20130301,0.067473,0.050441,0.039355,0.052174,0.046922,0.039224,0.044723,0.042678,0.038098,0.047349,0.058068,0.031602,0.06104,0.040652,0.042459,0.054346,0.05252,0.059718,0.033625,0.042151,0.045953,0.0083,-0.003,0.0197
20130401,-0.003291,-0.009762,-0.007642,-0.012653,-0.018147,-0.011276,-0.015406,0.015632,-0.01835,0.006672,-0.007401,-0.009056,-0.016834,0.008931,0.012157,0.000197,0.015465,0.008475,0.015416,0.024265,0.015423,-0.023,0.0062,0.0027
20130501,0.040387,0.036475,0.065017,0.054514,0.043522,0.059911,0.048602,0.078307,0.031199,0.055892,0.043721,0.051808,0.041908,0.036284,0.037187,0.013911,0.03184,0.050037,0.023538,0.005327,0.019426,0.0206,0.026,-0.0178
20130601,-0.006441,0.016054,0.014416,0.018431,-0.000973,-0.004691,-0.00965,-0.004827,-0.003468,-0.011193,-0.014805,-0.008771,-0.00433,-0.020047,-0.022218,-0.009789,-0.022816,-0.012403,-0.002978,0.002032,-0.000161,0.0135,-0.0017,0.0059
20130701,0.09595,0.076025,0.086013,0.067208,0.071439,0.067156,0.068991,0.079808,0.085463,0.069981,0.061629,0.08071,0.090584,0.07951,0.044213,0.063012,0.076521,0.057648,0.048957,0.046761,0.050195,0.018,0.0056,0.0175
20130801,-0.026881,-0.027268,-0.034869,-0.004451,-0.013887,-0.032211,-0.035255,-0.038129,-0.018698,-0.023534,-0.035667,-0.044788,-0.040582,-0.016014,-0.017668,-0.033978,-0.030263,-0.029602,-0.033106,-0.034672,-0.03617,-0.0001,-0.0278,0.0005
20130901,0.081252,0.063114,0.067357,0.070235,0.060496,0.074027,0.059718,0.054922,0.060058,0.058598,0.056975,0.052108,0.042404,0.05418,0.05971,0.048336,0.054854,0.044897,0.026193,0.024143,0.027747,0.0267,-0.0119,0.0296
20131001,0.01706,0.025467,0.034688,0.00828,0.004766,0.016205,0.049473,0.037665,0.033253,0.035524,0.031688,0.042323,0.059809,0.020774,0.039053,0.027951,0.042086,0.062213,0.045134,0.052509,0.035239,-0.0153,0.0114,0.0015
20131101,0.057975,0.056186,0.072551,0.059218,0.03407,0.035641,0.029929,0.052432,0.030944,0.032835,0.03247,0.027613,0.035883,0.019976,0.01696,0.010305,-0.00205,0.026919,0.030567,0.013938,0.022639,0.0133,0.0024,0.004
20131201,0.039073,0.021198,0.013365,0.026779,0.004802,0.034947,0.015442,0.013408,0.016387,0.038168,0.031644,0.030983,0.022207,0.031784,0.034899,0.031022,0.036558,0.026239,0.026249,0.038175,0.024798,-0.0053,-0.0031,0.0004
20140101,-0.029215,-0.018418,-0.041655,0.000255,-0.020273,-0.054464,-0.045194,-0.059223,-0.002812,-0.03733,-0.049505,-0.015053,-0.023928,-0.025304,-0.03602,-0.007135,-0.027273,-0.059205,-0.02919,-0.029613,-0.047626,0.0057,-0.0209,0.017
20140201,0.026168,0.040784,0.05915,0.046206,0.042845,0.051711,0.053155,0.040841,0.067477,0.044444,0.049098,0.062248,0.042002,0.059004,0.060355,0.050014,0.049548,0.058764,0.050197,0.029647,0.041546,0.0015,-0.004,0.0207
20140301,0.007308,0.01056,0.01029,-0.039136,0.003045,0.015897,0.009239,0.026609,-0.045307,-0.004287,0.008382,0.017792,0.022682,-0.022613,0.00361,0.00248,0.014557,0.048021,0.002409,0.024258,0.03535,-0.0117,0.0509,-0.0334
20140401,-0.067768,-0.048396,-0.032487,-0.065426,-0.032277,-0.030367,-0.019952,-0.019872,-0.054363,-0.018344,-0.013348,-0.018402,-0.028936,-0.028496,-0.010807,0.000336,0.003147,-0.0046,0.002964,0.017463,0.017162,-0.0415,0.0114,-0.0386
20140501,-0.012508,-0.007241,-0.010704,-0.004788,0.000885,0.015774,-0.005403,0.001718,0.01371,0.003282,0.025231,0.003737,0.01322,0.027961,0.019541,0.026953,0.01488,0.015385,0.015125,0.023519,0.016313,-0.0189,-0.0027,0.0115
20140601,0.109527,0.03629,0.042139,0.075813,0.071384,0.053238,0.049522,0.060162,0.059156,0.051727,0.040846,0.044509,0.054409,0.044709,0.03778,0.034284,0.041429,0.037363,0.009542,0.023784,0.033489,0.031,-0.0074,0.0067
20140701,-0.07782,-0.059279,-0.045776,-0.054473,-0.065293,-0.051861,-0.062398,-0.061066,-0.05627,-0.057641,-0.063505,-0.060817,-0.037142,-0.021376,-0.043836,-0.036272,-0.033038,-0.036901,-0.009998,-0.003422,-0.018724,-0.0425,0.0001,-0.0025
20140801,0.0458,0.02668,0.046978,0.057526,0.0502,0.03955,0.046261,0.054758,0.058349,0.043804,0.049928,0.052904,0.041684,0.059662,0.048885,0.05491,0.036891,0.046012,0.047452,0.022693,0.018451,0.0029,-0.0059,0.008
20140901,-0.047593,-0.071053,-0.05415,-0.045815,-0.04861,-0.052086,-0.052414,-0.083405,-0.02866,-0.06244,-0.046543,-0.064838,-0.070788,-0.030024,-0.035945,-0.048591,-0.037948,-0.048272,-0.008163,-0.013535,-0.039203,-0.0379,-0.0123,0.0052
20141001,0.066244,0.063002,0.074074,0.082715,0.066194,0.062784,0.053464,0.043783,0.06191,0.054805,0.037404,0.045059,0.037389,0.038508,0.006312,0.033199,0.039896,-0.011429,0.027112,0.022122,-0.00224,0.0378,-0.017,0
20141101,0.002089,-0.011937,-0.01377,0.014964,-0.005698,-0.006453,-0.006737,-0.008087,0.023078,0.026268,-0.002192,0.005104,-0.004411,0.035077,0.02826,0.032194,0.011852,-0.022338,0.037566,0.031188,0.000688,-0.0231,-0.03,0.0106
20141201,0.072282,0.054449,0.04465,0.010212,0.038135,0.027385,0.029931,0.025117,0.017252,0.007546,0.00569,0.019614,-0.002251,0.003979,0.00338,0.008353,0.007999,0.002777,-0.010397,-0.004006,0.002384,0.0288,0.0207,0.0109
20150101,-0.065956,-0.046031,-0.048275,-0.017208,-0.041117,-0.044434,-0.050823,-0.066151,-0.008343,-0.011507,-0.040482,-0.047404,-0.048843,-0.013478,-0.022704,-0.009992,-0.015696,-0.039805,-0.027358,-0.041647,-0.039124,-0.0087,-0.0348,0.0384
20150201,0.061702,0.062741,0.05361,0.070678,0.087356,0.063087,0.058749,0.048106,0.079084,0.079591,0.082177,0.068533,0.057953,0.078003,0.068991,0.075049,0.050475,0.08783,0.055128,0.067854,0.040966,0.002,-0.0179,-0.0284
20150301,0.026947,0.024829,0.015694,0.02905,0.023814,0.003573,0.027907,0.013826,0.006832,0.009816,0.021499,0.011092,0.006142,0.009387,0.009361,0.013352,-0.01634,-0.005952,-0.018225,-0.020715,-0.022469,0.0304,-0.0045,0.0302
20150401,-0.025363,-0.028545,-0.021884,-0.038859,-0.026841,-0.0236,-0.001235,-0.006097,-0.027789,-0.01547,-0.011147,-0.011632,-0.002205,-0.015184,0.001349,-0.01579,-0.007783,0.007785,0.008708,0.014269,0.037601,-0.0303,0.0185,-0.0739
20150501,0.054199,0.005957,0.003554,0.029172,0.053488,0.025934,0.015057,-0.005495,0.042822,0.021676,0.035842,0.020245,0.008847,0.017004,0.020122,0.022128,0.013542,-0.000348,0.005723,0.011561,0.001777,0.0076,-0.0137,0.0601
20150601,0.025425,0.019824,0.023263,0.010066,0.015766,-0.007179,0.006272,0.001731,0.013017,0.003805,-0.004645,-0.01994,-0.002039,-0.013263,-0.002714,-0.022642,-0.026836,0.00469,-0.031967,-0.021864,-0.023843,0.0287,-0.0079,0.0303
20150701,-0.017957,-0.049795,-0.052502,-0.002349,-0.0138,-0.013888,-0.035107,-0.053543,0.022856,0.001237,-0.037348,-0.034992,-0.069992,0.02201,0.000688,-0.005296,0.020253,-0.021959,0.028676,0.005365,-0.001386,-0.0455,-0.0412,0.1032
20150801,-0.075055,-0.04513,-0.035667,-0.098921,-0.055592,-0.034909,-0.050326,-0.045041,-0.078563,-0.052888,-0.043502,-0.037619,-0.029273,-0.082202,-0.049256,-0.046356,-0.032367,-0.057893,-0.065015,-0.060677,-0.052241,0.004,0.0266,-0.0212
20150901,-0.091671,-0.058339,-0.038942,-0.092569,-0.057272,-0.047769,-0.030076,-0.054176,-0.060699,-0.038804,-0.055936,-0.050823,-0.058354,-0.055544,-0.035752,-0.049146,-0.024433,-0.05283,-0.027739,-0.023975,-0.01324,-0.0278,0.0053,0.0533
20151001,0.065847,0.05607,0.050559,0.027571,0.072591,0.06436,0.055394,0.055054,0.03753,0.060734,0.08483,0.050687,0.07154,0.066014,0.070059,0.06899,0.032551,0.054567,0.086942,0.086617,0.070258,-0.0216,-0.0007,-0.0403
20151101,0.052314,0.020196,0.032785,0.080428,0.024193,0.032198,0.051056,0.052205,0.021229,0.023226,0.004836,0.024255,0.024105,0.01671,0.005404,0.004661,0.016819,0.005075,0.000426,-0.007239,0.005141,0.0334,-0.005,0.0232
20151201,-0.046945,-0.051186,-0.053112,-0.027585,-0.040752,-0.055446,-0.053751,-0.064654,-0.030478,-0.049822,-0.049189,-0.064149,-0.092192,-0.029382,-0.031821,-0.048164,-0.049201,-0.062784,-0.012081,-0.024174,-0.009859,-0.0299,-0.026,0.0345
20160101,-0.148288,-0.094121,-0.06507,-0.170134,-0.070157,-0.081819,-0.070976,-0.086654,-0.123593,-0.061517,-0.07502,-0.063809,-0.075965,-0.102346,-0.067767,-0.065512,-0.059722,-0.078551,-0.033414,-0.05016,-0.033633,-0.0342,0.0207,0.0133
20160201,0.004181,-0.003905,-0.009348,-0.015333,0.000745,0.023478,0.009866,0.00535,-0.000091,0.011169,0.027924,0.013528,0.020326,0.007949,0.015253,0.006811,0.011074,-0.026138,-0.001017,0.017104,0.003457,0.0095,-0.0049,-0.041
20160301,0.084249,0.06668,0.070263,0.091474,0.076092,0.078156,0.074209,0.089662,0.056703,0.076619,0.081095,0.094833,0.118393,0.081617,0.07343,0.097272,0.084652,0.099266,0.064027,0.0615,0.075047,0.011,0.0116,-0.0513
20160401,0.0363,0.020593,0.017794,0.051421,-0.003867,-0.002815,0.033947,0.029424,0.007089,-0.002416,0.012521,0.037783,0.047262,0.017844,0.00449,0.025752,0.00853,0.054193,-0.010365,0.036215,0.015604,0.0116,0.0328,-0.0626
20160501,0.023901,0.014472,-0.009461,0.039031,0.022656,0.011391,0.017883,0.011497,0.034225,0.016417,0.003501,0.001222,0.007463,0.032029,0.020429,0.044355,0.022281,0.021643,0.020721,0.026742,-0.003115,-0.0071,-0.0181,0.0192
20160601,-0.015419,-0.002298,0.002491,0.003248,0.007365,-0.010155,-0.013064,-0.002266,0.009979,-0.019473,-0.003548,-0.002324,-0.020887,-0.009627,-0.014336,-0.009564,0.003815,-0.044809,0.003198,0.014269,0.022242,0.0049,-0.0147,0.0421
20160701,0.062617,0.065992,0.048481,0.084499,0.063554,0.061322,0.04591,0.067263,0.071187,0.050335,0.059863,0.042622,0.0652,0.052782,0.042055,0.032204,0.018762,0.067109,0.034076,0.019329,0.012982,0.0264,-0.0111,-0.0299
20160801,0.036797,0.039907,0.044923,0.001666,0.026561,0.021946,0.030638,0.031121,-0.010447,0.024903,0.036657,0.026533,0.0132,0.013513,0.008258,0.019313,-0.003411,0.050051,-0.0039,0.005818,0.018226,0.0172,0.0334,-0.0312
20160901,0.031776,0.041753,0.027412,0.053763,0.020043,0.011481,-0.005267,0.022388,-0.002411,0.000126,0.005971,0.011675,0.01662,-0.000835,-0.002848,0.006807,0.002501,-0.001574,0.001776,0.012128,-0.024157,0.0174,-0.0149,-0.0058
20161001,-0.092668,-0.066519,-0.032456,-0.098725,-0.072537,-0.055475,-0.02457,-0.049942,-0.051536,-0.048789,-0.026308,-0.028409,-0.041182,-0.03366,-0.018128,-0.01025,-0.019153,-0.004185,-0.020011,-0.013714,0.001245,-0.0401,0.0416,0.0065
20161101,0.094127,0.132344,0.134903,0.096553,0.10515,0.125437,0.164938,0.136913,0.05713,0.082472,0.103244,0.134367,0.173923,0.038411,0.066545,0.070982,0.083613,0.155378,0.0385,0.045847,0.074547,0.0681,0.0829,-0.0415
20161201,0.035102,0.024213,0.080214,-0.028152,0.013473,0.025437,0.04987,0.03569,0.005261,0.017633,0.022322,0.024578,0.012315,-0.003507,0.003895,0.011601,0.013041,0.019709,0.013539,0.015774,0.051137,0.0041,0.0358,-0.0042
20170101,-0.037807,-0.001333,-0.016979,0.029677,0.01859,-0.005188,-0.022256,0.008343,0.023057,0.013935,0.014712,0.000534,0.007299,0.034825,0.036036,0.017459,0.012295,0.021049,0.022936,-0.006181,0.008203,-0.0128,-0.0278,-0.0094
20170201,0.013353,0.024424,0.006967,0.058089,0.006013,0.013883,0.012575,0.014093,0.045018,0.019429,0.005713,0.011126,0.003294,0.039129,0.026863,0.029578,0.016108,0.033707,0.032289,0.025466,0.035965,-0.0212,-0.0179,-0.0166
20170301,0.031248,0.021289,0.007979,0.0399,-0.000247,-0.005688,-0.008336,-0.016873,0.015555,-0.003276,0.0035,-0.006313,-0.023003,0.003066,0.00128,0.002883,-0.001567,-0.033647,0.003175,-0.005126,-0.016274,0.0078,-0.0317,-0.0092
20170401,0.006036,0.01078,0.019449,0.038128,0.00677,0.018383,0.011736,0.00814,0.016994,0.01576,0.009872,-0.001354,-0.027515,0.017657,0.014657,0.002075,-0.001498,-0.008416,0.019348,0.011204,-0.007997,0.0049,-0.0187,0.0055
20170501,-0.024048,-0.023256,-0.025781,0.002753,-0.014739,-0.016002,-0.046536,-0.042171,0.018648,-0.008867,-0.023509,-0.022432,-0.041939,0.019256,-0.005628,0.001808,-0.001324,-0.031628,0.021824,0.010371,-0.0133,-0.0305,-0.0378,0.0145
20170601,0.084363,0.046446,0.039845,0.057831,0.035387,0.035944,0.026966,0.037629,0.024806,0.02157,0.024147,0.023151,0.033135,0.016056,0.015361,0.015683,0.021244,0.043857,0.003274,-0.005252,0.031081,0.0248,0.0135,-0.0026
20170701,-0.026327,-0.007175,-0.008068,-0.004465,0.011562,0.008789,0.016176,0.016824,0.00762,0.007086,0.015214,0.002457,0.024258,0.017042,0.013098,0.013437,0.024164,0.024783,0.020897,0.01594,0.024236,-0.0159,-0.0028,0.0163
20170801,-0.003942,-0.019475,-0.017237,-0.003303,-0.012061,-0.018643,-0.032991,-0.037035,0.006395,-0.020752,-0.017462,-0.009753,-0.03039,0.009058,-0.002635,-0.000753,-0.019252,-0.020465,0.001072,-0.003663,-0.003806,-0.0185,-0.0224,0.0352
20170901,0.055248,0.105517,0.092943,0.051276,0.07059,0.088599,0.092933,0.070675,0.024105,0.048511,0.071265,0.065297,0.052973,0.027161,0.037079,0.044361,0.041084,0.051391,0.014244,0.032664,0.029686,0.0484,0.0303,-0.0117
20171001,-0.027178,0.026784,0.002185,0.006466,0.014771,0.005466,-0.003301,0.003611,0.026051,0.01501,0.013213,0.008562,0.032173,0.025823,0.034818,0.021407,-0.010867,0.021527,0.012594,0.029407,-0.001737,-0.0197,-0.0005,0.043
20171101,0.041908,0.029236,0.02016,0.019211,0.035504,0.029656,0.02377,0.006586,0.035578,0.038699,0.03426,0.031277,0.037661,0.045683,0.04972,0.044006,0.031305,0.044902,0.024804,0.04458,0.03373,-0.0043,-0.0005,-0.0073
20171201,0.002077,-0.004036,-0.016808,-0.003089,0.022012,-0.012299,-0.003112,0.005621,0.011536,-0.002311,0.002351,-0.014119,0.006235,0.003493,0.011081,0.001462,0.014488,0.031547,0.01125,0.014728,0.016963,-0.0104,0.0014,-0.0165
20180101,0.033838,0.026839,0.0285,0.034527,0.019168,0.029296,0.024684,0.018276,0.052784,0.038209,0.035579,0.032438,0.024024,0.054447,0.054089,0.047866,0.031963,0.021679,0.051183,0.058026,0.037749,-0.0315,-0.0138,0.0393
20180201,-0.016731,-0.041114,-0.034264,-0.036614,-0.024104,-0.035529,-0.039536,-0.045626,-0.025632,-0.041008,-0.051314,-0.042634,-0.044962,-0.031054,-0.047082,-0.034451,-0.046721,-0.049567,-0.048354,-0.053016,-0.055372,0.0032,-0.0119,0.0396
20180301,-0.011932,0.007487,0.027848,0.015761,0.00685,0.009185,0.016304,0.004728,0.017726,0.010495,-0.008934,0.01647,0.006922,-0.002493,0.000826,-0.000032,0.011371,-0.002584,-0.03801,-0.016522,-0.01619,0.0354,-0.0012,-0.0124
20180401,0.046033,0.005721,0.00844,0.01017,0.003691,0.013811,0.005806,0.049167,-0.004026,0.004898,-0.015637,0.010252,0.006808,-0.002471,-0.005652,-0.008047,0.006335,0.012673,0.009381,0.013788,0.001924,0.0097,0.0054,0.002
20180501,0.08612,0.076897,0.063426,0.086485,0.065853,0.074225,0.072286,0.037167,0.06387,0.048842,0.045273,0.053083,0.053578,0.04346,0.041462,0.02693,0.016627,0.017777,0.024239,0.010946,0.003616,0.0472,-0.0316,0.0381
20180601,0.027852,0.003873,0.013058,0.013259,0.046415,-0.000085,-0.007502,0.008518,-0.0052,0.011613,0.000412,0.001324,-0.015382,0.013638,0.017718,-0.004647,-0.010228,-0.003254,0.011338,0.000272,0.003933,0.0086,-0.0238,-0.0238
20180701,-0.010701,0.010556,-0.00313,0.010245,0.041783,0.035618,0.007601,0.029484,0.013276,0.024421,0.021716,0.022487,-0.001432,0.024823,0.028956,0.028,0.011061,0.029961,0.052539,0.032694,0.03794,-0.0193,0.004,-0.0158
20180801,0.074005,0.029238,0.017066,0.074874,0.044705,0.038804,0.023432,0.027719,0.064635,0.055636,0.02395,0.022407,0.04259,0.080948,0.032718,-0.010185,0.009016,-0.009269,0.020061,0.025328,0.003017,0.0065,-0.0408,0.0531
20180901,-0.005444,-0.043305,-0.03284,-0.016834,-0.014464,-0.031385,-0.034602,-0.01406,-0.019798,-0.008375,-0.022961,-0.041984,-0.022836,-0.00462,0.003686,-0.017019,-0.002025,-0.002453,0.011418,-0.003231,-0.010265,-0.0252,-0.013,-0.0007
20181001,-0.153189,-0.110954,-0.094784,-0.128222,-0.128456,-0.116807,-0.116303,-0.083679,-0.133891,-0.110278,-0.082254,-0.081576,-0.089488,-0.103506,-0.098872,-0.085625,-0.077168,-0.087037,-0.04392,-0.04893,-0.046362,-0.0451,0.0344,-0.0182
20181101,-0.001675,-0.006753,0.001448,0.030986,0.025503,0.02587,0.020971,0.007129,0.003359,0.019925,0.030715,0.019827,-0.002168,0.033177,0.017755,0.03523,-0.001456,0.046446,0.03296,0.018449,0.027459,-0.0082,0.0025,-0.0142
20181201,-0.133174,-0.114896,-0.113369,-0.128458,-0.118851,-0.114181,-0.129235,-0.122026,-0.109997,-0.112579,-0.11277,-0.119325,-0.144341,-0.100994,-0.113725,-0.1049,-0.125549,-0.130926,-0.070721,-0.105354,-0.101451,-0.0305,-0.0147,0.0184
20190101,0.107284,0.101124,0.084618,0.107012,0.119231,0.098228,0.105725,0.105998,0.145335,0.101813,0.113082,0.106459,0.141001,0.119787,0.103706,0.104053,0.114915,0.127893,0.059597,0.101062,0.064893,0.0309,-0.0062,-0.0868
20190201,0.060416,0.063561,0.051651,0.061512,0.067071,0.058088,0.054627,0.006983,0.068454,0.061859,0.048426,0.036618,0.026787,0.068488,0.048717,0.032746,0.020141,0.028139,0.029672,0.031137,0.017376,0.0178,-0.0284,0.0079
20190301,-0.004743,-0.0251,-0.049485,-0.002319,-0.01498,-0.026879,-0.06008,-0.029876,-0.014281,-0.014051,-0.01508,-0.020077,-0.040702,0.018237,0.010998,-0.009002,-0.005395,-0.028702,0.019283,-0.001602,-0.005929,-0.0354,-0.0407,0.0218
20190401,0.016518,0.02184,0.034912,0.028361,0.021218,0.037911,0.042565,0.021852,0.034394,0.046068,0.066956,0.058705,0.039864,0.03141,0.042046,0.043501,0.050762,0.043419,0.029807,0.036429,0.051341,-0.0113,0.0193,-0.0261
