Date,Canada,Japan,France,Germany,Italy,Switzerland,UK,US,World
19970101,0.041823395,-0.115336583,0.015371831,-0.01129123,0.098720804,0.023109683,-0.037846752,0.060987634,0.004629454
19970201,-0.015196959,0.016801696,-0.001971526,0.034343079,-0.113139782,0.005739362,0.022684332,-0.000354044,0.004081029
19970301,-0.057475584,-0.039476347,0.023761109,0.066418876,0.017555561,0.05133925,0.001961313,-0.052184142,-0.027209878
19970401,0.016137057,0.029732051,-0.047766849,-0.042953784,0.006721012,0.017518467,0.009838581,0.058375779,0.025235436
19970501,0.076275598,0.103863592,-0.015380181,0.03533835,-0.018578138,0.067906527,0.037138661,0.049228077,0.054291193
19970601,0.010397482,0.068215991,0.076045205,0.037109444,0.087353265,0.074898918,0.005389694,0.03825698,0.042538121
19970701,0.057855731,-0.036933259,0.010322985,0.090863293,0.050463334,0.008364371,0.038319785,0.071811303,0.038798275
19970801,-0.059827996,-0.093203423,-0.082818093,-0.105819593,-0.033366173,-0.099511285,-0.024722038,-0.066533452,-0.074107492
19970901,0.051131153,-0.02163665,0.098777874,0.070008051,0.137631622,0.095735153,0.0783125,0.044963953,0.047023365
19971001,-0.054383931,-0.099680082,-0.073894904,-0.076816604,-0.067586159,-0.012724784,-0.046263519,-0.034452103,-0.059887486
19971101,-0.037540664,-0.06793005,0.014148533,0.02767693,0.017630886,0.024715106,-0.003515888,0.041192018,0.010375063
19971201,0.018071751,-0.063797346,0.028255727,0.034539919,0.066313533,0.049259232,0.029362541,0.007600335,0.004895892
19980101,-0.025045807,0.082593917,0.028686955,0.023227424,0.084195317,0.031535754,0.040295293,0.005705092,0.020582574
19980201,0.077603094,-0.001369368,0.077065042,0.056807122,0.035240419,0.088349858,0.061112039,0.062975351,0.060364843
19980301,0.068221865,-0.074578223,0.104443945,0.060398752,0.189557469,0.014975186,0.044686231,0.04475318,0.035019334
19980401,-0.002225169,-0.010643538,0.025606725,0.030150334,-0.027231134,-0.011830776,-0.00585983,0.004663191,0.00259696
19980501,-0.019143774,-0.061527917,0.045043715,0.073467136,0.044914398,0.036190643,-0.044912306,-0.027112621,-0.019691212
19980601,-0.047339954,0.007443807,0.01653078,0.035160089,-0.056497182,-0.0064448,0.007339144,0.035907412,0.016552461
19980701,-0.078184718,-0.01973644,0.003313134,0.017125923,0.093301673,0.06648448,-0.028017447,-0.0169421,-0.008759416
19980801,-0.22512352,-0.120624219,-0.121433095,-0.170981678,-0.148459559,-0.1632259,-0.080556397,-0.1462612,-0.140518781
19980901,0.018382147,-0.033991676,-0.072542445,-0.019952592,-0.052832141,-0.093509826,-0.028656901,0.058477464,0.010328173
19981001,0.093858109,0.160881507,0.09618714,0.034855509,0.057904891,0.138252093,0.052647458,0.070219292,0.083054623
19981101,0.029429591,0.039064611,0.055845473,0.044860774,0.096187134,0.042614935,0.036519305,0.0608212,0.052245791
19981201,0.00393678,0.032011091,0.03440663,0.017943417,0.075112334,0.025676454,0.02348865,0.05197004,0.041676748
19990101,0.075604018,0.000610044,0.02217346,0.009746602,-0.059124471,-0.030107861,-0.018367504,0.03613173,0.014776519
19990201,-0.064184993,-0.028567403,-0.072345378,-0.089456083,-0.021563348,-0.03924592,0.014156641,-0.034966583,-0.033701296
19990301,0.03394296,0.132065964,0.011612521,-0.034126865,0.0316781,-0.01785687,0.023159072,0.034498648,0.034494968
19990401,0.094487928,0.035192432,0.019321088,0.057895254,-0.037009212,-0.009333501,0.030745702,0.02913244,0.032324442
19990501,-0.034619254,-0.062852118,-0.030123389,-0.067761286,-0.060697434,-0.057245007,-0.063256537,-0.030284521,-0.043594369
19990601,0.034519481,0.088130327,0.023230681,0.048561251,-0.029997019,-0.023130875,-0.005416915,0.046746626,0.039545592
19990701,0.000123501,0.093334986,-0.001518699,-0.022994679,-0.03932474,0.032629906,0.007045661,-0.039413745,-0.010069313
19990801,-0.02326627,-0.013466786,0.029483298,0.01033318,0.014944664,-0.007897886,-0.011949796,-0.013376762,-0.008864771
19990901,0.021782635,0.05420182,0.003465621,-0.020450425,0.013213961,-0.009124426,-0.024317699,-0.036709946,-0.016764827
19991001,0.060189482,0.036415414,0.048305917,0.047136492,-0.037917358,0.011473178,0.021028656,0.058342899,0.044902578
19991101,0.033251534,0.036435863,0.026269843,0.020861133,0.01668828,-0.014376483,0.00424622,0.01444146,0.021115201
19991201,0.137943351,0.055637509,0.107434787,0.164421448,0.138011709,0.014464696,0.049079226,0.062758468,0.073966557
20000101,-0.003804919,-0.049692032,-0.072763458,-0.041475677,-0.058250026,-0.116545498,-0.099480379,-0.060471538,-0.064160231
20000201,0.052813222,-0.032312461,0.083011419,0.097638927,0.115360783,-0.029006528,-0.039668417,-0.030737802,-0.004253684
20000301,0.082534217,0.076038616,0.004334292,-0.022823861,-0.06994086,0.074019327,0.065519339,0.092830027,0.062145725
20000401,-0.043451296,-0.081569258,-0.039489801,-0.093290353,-0.072532673,-0.041012689,-0.049652161,-0.039246032,-0.049179244
20000501,-0.025598641,-0.057304616,0.020279409,-0.037922981,0.036442475,0.048149391,-0.0416838,-0.033375489,-0.032254865
20000601,0.118892982,0.062308238,0.031208122,-0.009874312,0.060568074,0.031622887,0.00131756,0.017039896,0.026669833
20000701,0.023662933,-0.121557699,-0.022828785,-0.010695408,-0.049178111,-0.003583458,-0.000979182,-0.024821321,-0.035087871
20000801,0.08121401,0.058282197,-0.030980861,-0.052881332,-0.020286784,-0.029247813,0.002856351,0.045030496,0.025565129
20000901,-0.107644656,-0.056115897,-0.070289215,-0.059196749,-0.065380788,-0.061839015,-0.035165337,-0.061271804,-0.060081182
20001001,-0.094107098,-0.064448679,-0.030500689,0.000307111,0.016461234,0.001866826,-0.000716596,-0.014059629,-0.02370319
20001101,-0.096428018,-0.048029392,-0.053096165,-0.080474222,0.012155503,0.035078172,-0.066552135,-0.085925107,-0.067681348
20001201,0.014919435,-0.067304265,0.072012305,0.077819314,0.014430655,0.085474931,0.060454415,-0.008579212,0.009127334
20010101,0.042293516,-0.017949261,-0.004052932,0.031312337,0.011461322,-0.027175307,-0.022787728,0.029634277,0.012807733
20010201,-0.166079067,-0.051070263,-0.11804466,-0.088499391,-0.106436019,-0.072041516,-0.075275278,-0.096548377,-0.091469474
20010301,-0.099010977,-0.038797302,-0.075620003,-0.111062886,-0.068979295,-0.106657113,-0.055680772,-0.070643441,-0.07333317
20010401,0.064863098,0.061745024,0.083891615,0.059021546,0.043894928,0.014301957,0.0553227,0.070945921,0.06639023
20010501,0.011302676,-0.008425383,-0.076582602,-0.075336542,-0.097503739,-0.019713814,-0.041196271,-0.001501015,-0.020936468
20010601,-0.045991384,-0.065689501,-0.047220382,-0.013878541,-0.055973212,-0.046380264,-0.041360438,-0.029525007,-0.03837926
20010701,-0.011150532,-0.08053263,-0.001507085,-0.002274646,0.015389482,-0.015644462,-0.005443442,-0.016319516,-0.019937285
20010801,-0.061707278,-0.031058914,-0.040190159,-0.077267625,-0.016256685,-0.009719253,-0.020319327,-0.073877474,-0.055489141
20010901,-0.100706463,-0.102182182,-0.122886658,-0.168453512,-0.143769783,-0.052152695,-0.073644287,-0.083425193,-0.095216234
20011001,-0.005673599,-0.007978281,0.044136634,0.037975979,0.025897195,-0.003767534,0.012335988,0.007557661,0.012549215
20011101,0.084564507,0.004891844,0.023478009,0.081778479,0.012281857,0.015775039,0.013728215,0.069396102,0.052023749
20011201,0.00818012,-0.073644224,0.025724834,0.024543218,0.006946092,0.014185583,0.017247973,-0.000851662,-0.000400398
20020101,-0.014220665,-0.084339265,-0.069636434,-0.052680657,-0.041494866,-0.061502086,-0.04864754,-0.021131705,-0.036989043
20020201,-0.017560863,0.035333174,0.00252267,-0.019192008,-0.008305496,0.022875055,-0.015018488,-0.027098496,-0.015960737
20020301,0.028102781,0.047457012,0.046933892,0.073286724,0.057604047,0.055500109,0.034856106,0.030417473,0.036446911
20020401,-0.014380617,0.052205752,-0.022680399,-0.038574387,-0.003118304,0.018020189,-0.004355755,-0.071670058,-0.041220313
20020501,0.014249711,0.056294936,-0.009958381,-0.022967109,-0.0375834,0.030094027,-0.024666543,-0.014995467,-0.006416215
20020601,-0.06442708,-0.058256123,-0.037719397,-0.037372412,-0.011207293,-0.045799522,-0.049972884,-0.083462473,-0.068031499
20020701,-0.119404901,-0.075488842,-0.141355852,-0.171426441,-0.107269277,-0.126220077,-0.074827929,-0.078943449,-0.091107016
20020801,0.005199586,-0.016728208,-0.021869222,-0.001663605,0.007983403,-0.007339685,-0.022415747,-0.002814092,-0.005960267
20020901,-0.088232341,-0.053475908,-0.159360545,-0.249513919,-0.143840247,-0.071770217,-0.111254339,-0.120212302,-0.117250906
20021001,0.023154996,-0.075706314,0.123934144,0.133807806,0.076930821,0.027937053,0.070819717,0.083263327,0.066752002
20021101,0.051224518,0.033951429,0.036254265,0.050661894,0.087068176,0.019014775,0.021577881,0.052343456,0.046517859
20021201,-0.015683933,-0.031547068,-0.03366487,-0.082751439,-0.027400654,-0.031867349,-0.028752485,-0.068009225,-0.055499023
20030101,0.020845254,-0.046599432,-0.039441565,-0.033025983,-0.021148852,-0.040164035,-0.077170153,-0.031445589,-0.037225109
20030201,0.027258278,-0.000347374,-0.05500598,-0.075677035,0.025075156,-0.058952378,-0.027447382,-0.023177679,-0.025041588
20030301,-0.021010189,-0.055696415,-0.043173851,-0.043839419,-0.084877532,-0.015204681,-0.014410105,0.001948878,-0.011626514
20030401,0.056725616,-0.013887767,0.147014739,0.21788828,0.128771892,0.099192674,0.094470006,0.076230946,0.080390036
20030501,0.077885934,0.042050642,0.054529786,0.050934021,0.098636213,0.05408642,0.052102144,0.045799284,0.048527101
20030601,0.018479378,0.067467746,0.003834662,0.041276093,-0.038098025,-0.007330547,0.000752687,0.004957178,0.009643929
20030701,-0.003467955,0.034557051,0.011499762,0.053217326,-0.008562872,0.033393264,-0.001279937,0.011184936,0.013187983
20030801,0.044523108,0.099227017,0.001321348,-0.022716815,-0.038392214,-0.015128699,-0.019736411,0.01113177,0.013761653
20030901,0.009949536,0.049816905,-0.001725616,-0.013315658,0.032328184,0.037128765,0.027296144,-0.018904621,-0.001231541
20031001,0.060314429,0.039699043,0.062359223,0.113058658,0.04290672,0.016205991,0.060658487,0.049500984,0.0523373
20031101,0.022449544,-0.036977234,0.045630578,0.047178213,0.073822392,0.047337556,0.019838468,0.002007137,0.007827676
20031201,0.046711969,0.062927272,0.084298299,0.10789608,0.040687017,0.073274422,0.068401091,0.04423704,0.05578056
20040101,0.003575244,0.012067735,0.001463107,0.003011764,0.014409572,0.020123396,-0.00945002,0.011011556,0.009411293
20040201,0.014707861,-0.009137713,0.019443076,-0.014299549,0.004963797,-0.002803367,0.036514038,0.004456259,0.009546109
20040301,-0.012239409,0.123469748,-0.0416046,-0.053383631,-0.040239346,-0.030927212,-0.037400594,-0.023169192,-0.014881315
20040401,-0.090185203,-0.060414307,-0.018490462,-0.009647132,0.007286948,-0.00032655,-0.01497854,-0.022480358,-0.028187457
20040501,0.019064796,-0.041557709,0.011084275,-0.005971884,-0.014527446,0.001445906,0.012773597,0.005689402,0.000729062
20040601,0.034911269,0.047532426,0.007870198,0.021076467,0.019110319,-0.00574152,-0.008369492,0.011395757,0.013074913
20040701,-0.006119463,-0.065302211,-0.03703851,-0.055130531,-0.030408046,-0.040118522,-0.016738052,-0.041256629,-0.039432971
20040801,-0.007159632,0.001105747,-0.007691491,-0.024758694,-0.015789928,-0.01796962,-0.007410604,-0.00264466,-0.003429384
20040901,0.068376502,-0.032222776,0.027897791,0.046795008,0.050937593,0.01878951,0.024451723,0.00349208,0.011705372
20041001,0.056009361,0.019190733,0.035602017,0.034624081,0.051930139,0.012757685,0.017606967,0.008016638,0.017702571
20041101,0.033374611,0.042073475,0.051450503,0.082208464,0.069751181,0.067523942,0.05463361,0.033224332,0.044937915
20041201,0.010710638,0.044896279,0.034569868,0.047842081,0.072376895,0.039644979,0.025474606,0.027410075,0.031257648
20050101,-0.04633084,-0.029242523,-0.022706627,-0.04709911,-0.029126133,-0.036932263,-0.013647687,-0.031698307,-0.029082232
20050201,0.05692566,0.014384748,0.04345397,0.03458175,0.025661142,0.05054618,0.038277983,0.012716855,0.02407222
20050301,0.006518199,-0.03216494,-0.019296562,-0.028717768,-0.008714277,-0.035273978,-0.039445124,-0.023424294,-0.027686866
20050401,-0.061175427,-0.031776117,-0.051463563,-0.063502474,-0.055529939,-0.016117037,-0.018350334,-0.025247794,-0.029924933
20050501,0.014503723,-0.015279058,0.00315881,0.007652014,-0.02817126,-0.008223181,-0.018660429,0.024869026,0.009160523
20050601,0.052828872,-0.007325598,0.000870242,0.002781746,-0.008294213,-0.012877182,0.006808679,-0.005048597,0.001132606
20050701,0.048292954,0.00393063,0.050838949,0.063691279,0.036273891,0.047975311,0.006399723,0.030392418,0.028254487
20050801,0.051705263,0.063465441,-0.003234112,-0.0028447,-0.000490584,0.002319811,0.017123095,-0.017325211,-0.000409867
20050901,0.052577863,0.092619448,0.01921761,0.016560654,0.013057214,0.027322411,0.010180515,0.001388854,0.018696039
20051001,-0.078629287,-0.018139671,-0.048977622,-0.036888352,-0.076559028,0.008800684,-0.037119542,-0.02346027,-0.030858002
20051101,0.04632031,0.036593625,0.008865245,0.029165963,0.014604024,0.028813985,-0.006074186,0.031795792,0.025436995
20051201,0.036666498,0.079385585,0.028248321,0.035126023,0.03967582,0.015636576,0.022140704,-0.006765101,0.015408757
20060101,0.081244261,0.044393747,0.075018599,0.07650195,0.046111544,0.054456149,0.053179259,0.020277273,0.038077041
20060201,-0.025220012,-0.014693011,-0.016974331,-0.00096256,0.003000836,-0.019267532,-0.015954651,-0.007185147,-0.008865489
20060301,0.007736818,0.014276494,0.052932291,0.038032972,0.018199086,0.014135423,0.015027795,0.005444951,0.013563924
20060401,0.042170783,0.022813502,0.027965238,0.039022951,0.02783719,0.049513966,0.051497149,0.005955928,0.022698891
20060501,-0.033964307,-0.068398408,-0.038287512,-0.060057,-0.020187472,-0.039256868,-0.029175846,-0.037684473,-0.043235034
20060601,-0.023810291,-0.017448072,0.00015409,-0.017685602,-0.01205467,-0.007736377,0.001240627,-0.006144231,-0.00774854
20060701,-0.004125909,-0.011565126,-0.000337977,-0.009640846,-0.00143682,0.024821376,0.016144988,-0.003679466,-0.000470178
20060801,0.032508548,0.008882203,0.026930889,0.030319485,0.035347958,0.020765352,0.011202949,0.015698295,0.017838316
20060901,-0.037660584,-0.026500789,0.002621297,0.009063225,-0.007455777,0.008077771,-0.012374677,0.018241975,0.004667671
20061001,0.04107289,0.011365403,0.020871965,0.044091399,0.030557747,0.020735748,0.04315892,0.027145671,0.030085011
20061101,0.020993909,0.000882508,0.03138282,0.03996059,0.046429853,0.02595968,0.013976342,0.011361135,0.016657538
20061201,-0.014681089,0.018388694,0.029080134,0.03533073,0.014357447,0.011841335,0.01870817,0.004668663,0.01352492
20070101,-0.009938684,0.002410412,-0.009113678,0.006190198,-0.006614781,0.012708696,-0.007875073,0.011085286,0.005225564
20070201,-3.04569E-05,0.034048614,-0.005715432,0.003087986,-0.016791242,-0.025562755,-0.010379438,-0.02653009,-0.01252699
20070301,0.019704182,-0.024336109,0.024783263,0.037790721,0.014532836,0.016190501,0.019502683,0.003590422,0.009928853
20070401,0.053663808,-0.025798749,0.074122802,0.080671578,0.064400322,0.057542315,0.035898674,0.03589909,0.036055078
20070501,0.077744811,0.010106296,0.002450106,0.024793422,-0.033810294,-0.020036416,0.007351358,0.02677005,0.018723993
20070601,-0.009460812,-0.008998582,-0.01513769,0.012600673,-0.030580258,-0.03115551,0.004208071,-0.02392571,-0.014974742
20070701,-0.009291322,-0.008067973,-0.042038526,-0.04261407,-0.034671095,-0.022507594,-0.03145639,-0.037939065,-0.028809481
20070801,-0.007396539,-0.035530679,-0.024673101,-0.004343213,-0.010383192,-0.011415927,-0.02112148,0.007072903,-0.008698921
20070901,0.090032959,0.012053699,0.045530662,0.068329983,0.031442587,0.031518328,0.028500984,0.030397993,0.040101237
20071001,0.086555094,-0.010066881,0.032177775,0.040542178,0.02738868,0.013214426,0.051956046,0.009812804,0.023857809
20071101,-0.118374426,-0.02449399,-0.023984851,-0.018422808,-0.02470947,-0.00468519,-0.062794026,-0.050422956,-0.048445958
20071201,0.019196256,-0.046115007,-0.020284934,0.010791059,-0.02060071,-0.045035539,-0.033636265,-0.013384772,-0.019742891
20080101,-0.071030756,-0.051747445,-0.126826328,-0.146197497,-0.103169216,-0.062147213,-0.095721833,-0.067833442,-0.083075006
20080201,0.054381493,0.000615593,0.010554596,0.007163128,-0.008069494,0.014227393,-0.005797297,-0.03926822,-0.013355699
20080301,-0.063121908,-0.054741242,0.019045947,0.004671392,-0.026146321,0.005239788,-0.036286215,-0.011324626,-0.018474237
20080401,0.063291614,0.066479569,0.034220797,0.027992189,0.049920436,-0.012085762,0.055483966,0.042341542,0.043801621
20080501,0.068354518,0.019015528,-0.000802825,-0.003386635,-0.030857109,-0.011710939,-0.015921313,0.007842538,0.005092202
20080601,-0.044162499,-0.074734129,-0.107195346,-0.086274173,-0.116927657,-0.05993221,-0.07159842,-0.089121696,-0.087008648
20080701,-0.077077191,-0.04011077,-0.026178403,-0.016480849,-0.051333783,-0.011327991,-0.048204145,-0.018816571,-0.031268716
20080801,-0.027193195,-0.04595451,-0.040924173,-0.067085396,-0.049276398,-0.035155748,-0.044769632,0.005544834,-0.02197572
20080901,-0.149578829,-0.125022852,-0.150044257,-0.15095462,-0.15823151,-0.107905372,-0.156266816,-0.099404398,-0.126771973
20081001,-0.277549833,-0.153878444,-0.230327672,-0.235688321,-0.24224483,-0.128668038,-0.197268157,-0.178470922,-0.196451464
20081101,-0.06501194,-0.018293808,-0.066337502,-0.095508969,-0.067529489,-0.096896857,-0.076993474,-0.082759839,-0.073191785
20081201,-0.037214465,0.074187553,0.078457717,0.122056978,0.061950259,0.080631078,-0.035876572,0.004160093,0.024573642
20090101,-0.043681581,-0.073987692,-0.148968971,-0.176644982,-0.145207806,-0.127547973,-0.068866646,-0.088774919,-0.094455445
20090201,-0.093908632,-0.130193315,-0.101445459,-0.131844848,-0.143492757,-0.119361301,-0.094925134,-0.11181598,-0.110865485
20090301,0.084498463,0.006247699,0.076959004,0.10000798,0.063753421,0.070127803,0.026372314,0.077527778,0.066387373
20090401,0.130201527,0.090293162,0.119006653,0.147890515,0.178802911,0.057422468,0.1157101,0.088288777,0.103050242
20090501,0.204092249,0.096459598,0.097201753,0.072356799,0.10989269,0.087616621,0.126411778,0.046317562,0.080200274
20090601,-0.062338049,0.011221937,-0.051616969,-0.040360128,-0.054241047,-0.015540549,-0.022865959,-0.005493307,-0.012140181
20090701,0.111798597,0.036445683,0.098049044,0.111728866,0.077406379,0.105146792,0.085321552,0.067907675,0.077714711
20090801,-0.021956584,0.033116015,0.071641494,0.035699396,0.087352664,0.059107915,0.042867016,0.026383781,0.033096322
20090901,0.064212204,-0.029352416,0.055192516,0.052371567,0.061446803,0.030215671,0.020195387,0.031215499,0.032122732
20091001,-0.05915966,-0.031049568,-0.045964536,-0.045800863,-0.055591272,-0.001267927,0.005968558,-0.026545719,-0.024469634
20091101,0.06620251,-0.01613475,0.029795925,0.045389526,0.004150406,0.010701677,0.017479371,0.050941687,0.032725512
20091201,0.0229145,0.000964714,0.016364961,0.006101024,0.004744131,0.010374277,0.019564702,0.013008256,0.010937234
20100101,-0.081561064,0.012954634,-0.079910934,-0.094662241,-0.090619596,-0.039409362,-0.05469484,-0.042045502,-0.0478762
20100201,0.050547024,0.004852675,-0.029232109,-0.028254264,-0.061881054,0.012827619,-0.025866321,0.022494978,0.00633635
20100301,0.074504625,0.035894259,0.056158341,0.084462325,0.066818932,0.042521294,0.049389285,0.05229402,0.053277468
20100401,0.006524393,-0.007968881,-0.057588107,-0.032375735,-0.07573507,-0.06418718,-0.019543038,0.008979036,-0.00763761
20100501,-0.076088727,-0.086910525,-0.152276473,-0.125985193,-0.170622663,-0.116553567,-0.119307332,-0.088682541,-0.105087742
20100601,-0.059900745,-0.026454341,-0.024634399,-0.008936335,-0.020029463,0.036636961,-0.030738132,-0.06071161,-0.041634344
20100701,0.063442549,0.029238137,0.117016958,0.088898027,0.152277976,0.042101693,0.113855796,0.062637646,0.074189336
20100801,-0.02669966,-0.029138656,-0.068132965,-0.065283225,-0.080471793,0.018928946,-0.030784515,-0.052664158,-0.045230068
20100901,0.069774136,0.031813353,0.138842873,0.126524618,0.106344356,0.04856602,0.081826175,0.083213626,0.085140086
20101001,0.023419456,0.014427508,0.044862685,0.072080671,0.057577997,0.016802126,0.03187355,0.032196954,0.030492723
20101101,0.002926142,0.014848526,-0.118965774,-0.056801315,-0.165611072,-0.042077113,-0.058272435,-0.007214488,-0.029455564
20101201,0.068461524,0.069308482,0.080831818,0.063993888,0.081924272,0.084483378,0.066111267,0.059184922,0.066483281
20110101,-0.003294012,-0.004799199,0.063428776,0.034248956,0.105279566,-0.009222054,0.012943329,0.016958444,0.015883161
20110201,0.065810231,0.039250759,0.028578011,0.028781802,0.022020427,0.025715092,0.033047196,0.025305527,0.027303697
20110301,-0.00820883,-0.106680155,-0.006933009,-0.010185768,-0.010155827,-0.026793217,-0.035139545,-0.006315699,-0.018371573
20110401,0.004147428,-0.002428599,0.069309591,0.099762539,0.073618517,0.076544437,0.062151541,0.023482959,0.034223234
20110501,-0.037676516,-0.022551798,-0.057421678,-0.083285222,-0.091858521,0.010323253,-0.031671959,-0.019010229,-0.030494102
20110601,-0.036787739,0.008172399,-0.003941189,0.013347228,-0.041158243,-0.04981463,-0.038104608,-0.024557757,-0.023292838
20110701,-0.02883149,0.029042202,-0.087511621,-0.045069657,-0.098608987,-0.008739112,-0.006072154,-0.026583078,-0.024876457
20110801,-0.042805146,-0.087539558,-0.113595435,-0.191791801,-0.153010336,-0.072507927,-0.085220344,-0.063727345,-0.078608024
20110901,-0.149258261,-0.030993692,-0.153852692,-0.124195436,-0.122196638,-0.12022563,-0.095709276,-0.079393039,-0.094471662
20111001,0.096618131,-0.008546736,0.122640705,0.155041555,0.128681012,0.078195787,0.113383998,0.102327046,0.096558273
20111101,-0.034443661,-0.050822906,-0.067855538,-0.047994158,-0.081057215,-0.061985629,-0.039805432,-0.011548943,-0.032856245
20111201,-0.03083028,0.001163299,-0.040304665,-0.071495174,-0.05140867,0.011147901,-0.005679729,0.001663865,-0.007695925
20120101,0.051536525,0.039174643,0.049070138,0.096184886,0.05763241,0.019424005,0.028418131,0.039889371,0.043297519
20120201,0.028481797,0.044047172,0.06473097,0.078001428,0.044210027,0.040779378,0.040106075,0.035480931,0.040600274
20120301,-0.038614226,-0.002282792,-0.014051333,0.002728889,-0.031124132,0.009992079,-0.022238471,0.024408428,0.004233923
20120401,-0.002702983,-0.037986084,-0.068795508,-0.047684995,-0.091359934,-0.032155984,0.004086824,-0.013222541,-0.019734641
20120501,-0.115002543,-0.095582627,-0.131323316,-0.154749813,-0.182114573,-0.113391401,-0.125564129,-0.069936222,-0.095912526
20120601,0.019860559,0.044319295,0.079489911,0.040705769,0.129802084,0.056992819,0.061433296,0.031855424,0.043311125
20120701,0.01410355,-0.029917469,-0.006404886,0.019140375,-0.060449151,0.015936602,0.004909168,0.006297338,0.006019752
20120801,0.034793416,-0.01364396,0.052272187,0.046011606,0.103407804,0.016672529,0.020285814,0.014765618,0.016900776
20120901,0.028419692,0.007415212,0.003238681,0.050392048,0.012522798,0.02493911,0.015621207,0.017847103,0.019246872
20121001,-0.011327789,-0.024638837,0.020930139,0.010427358,0.026745829,0.020265749,-0.001500523,-0.025333661,-0.013611109
20121101,-0.012342473,0.017686526,0.034862849,0.02009535,0.013333764,0.033390811,0.003752184,-0.002428577,0.004734356
20121201,0.006796295,0.0457694,0.028442556,0.034234666,0.02996584,0.006853661,0.013809753,0.001180289,0.011489261
20130101,0.010470118,0.030682048,0.049507997,0.045057119,0.083183651,0.080309041,0.031802139,0.045595475,0.044030631
20130201,-0.021681309,0.020339171,-0.039840147,-0.045190922,-0.131912284,-0.001501348,-0.035170765,0.004433963,-0.006203491
20130301,-0.00331581,0.034716413,-0.021305798,-0.016609676,-0.058282839,0.005533834,0.000740256,0.030028092,0.014876329
20130401,-0.022397383,0.081385416,0.050109709,0.023210566,0.109550779,0.024252614,0.021621884,0.012628909,0.023016079
20130501,-0.012950711,-0.063142718,-1.55544E-05,0.013462927,-0.006807313,-0.032708456,-0.009412823,0.012531154,-0.008849325
20130601,-0.06433822,0.010586636,-0.05714697,-0.048128312,-0.121784995,-0.025211167,-0.061421748,-0.021005227,-0.032077953
20130701,0.049468547,-6.28443E-06,0.084459997,0.059015958,0.097167281,0.032506414,0.059103738,0.045236262,0.045874789
20130801,-0.017094087,-0.027788118,-0.028330225,-0.032021212,0.002655254,-0.019364752,-0.017504317,-0.035846307,-0.029326943
20130901,0.030640128,0.070873218,0.075325896,0.0806684,0.06322311,0.061808584,0.048451498,0.025489613,0.042164711
20131001,0.025029819,-0.006200017,0.034522594,0.051052205,0.112596903,0.019590117,0.027112418,0.037081096,0.032342342
20131101,-0.016535753,0.008376339,-0.005160179,0.036527389,-0.024913235,3.3073E-06,0.000327185,0.020157709,0.009948991
20131201,0.008150281,0.001203497,0.008769034,0.021852428,0.000565691,0.004501222,0.020151627,0.019072993,0.01404699
20140101,-0.049468259,-0.044617424,-0.055686921,-0.057242271,-0.000756854,-0.025637779,-0.04974741,-0.040964584,-0.0436944
20140201,0.036983888,-0.01164119,0.078620827,0.06087619,0.065287043,0.058889254,0.059742992,0.038459523,0.042136452
20140301,0.006187876,-0.026350274,-0.008797054,-0.02343145,0.058073134,-0.010411161,-0.042550598,-0.000639992,-0.006910827
20140401,0.021322867,-0.031920947,0.019569234,-0.001862157,0.008441862,-5.01637E-05,0.035556855,-0.001144011,0.002284972
20140501,0.000679372,0.033555622,-0.013409603,-0.005017619,-0.027696794,8.86651E-05,-0.002138735,0.015499226,0.010259594
20140601,0.050848598,0.045509311,-0.024262215,-0.013058755,-0.015451265,-0.011557732,-0.002210246,0.013807767,0.010459459
20140701,-0.008359788,-0.000253779,-0.066495959,-0.07040866,-0.059691495,-0.045787154,-0.019637044,-0.021312936,-0.022669582
20140801,0.015230406,-0.027942654,0.005099733,-0.014951713,-0.028509862,0.015747266,-0.009412762,0.031864482,0.014027964
20140901,-0.072640504,-0.019247682,-0.042655297,-0.04802045,-0.023187359,-0.032465409,-0.059263777,-0.023128645,-0.034752985
20141001,-0.036774923,-0.019100577,-0.050568147,-0.02623931,-0.064308407,-0.013419262,-0.03115904,0.016925906,-0.00029819
20141101,-0.007059635,-0.003138444,0.028170722,0.057670599,-0.006327392,0.027117425,-0.002175215,0.018237305,0.012386012
20141201,-0.02788592,-0.021317326,-0.056950913,-0.050190675,-0.087303306,-0.052722497,-0.033578711,-0.010773681,-0.023145761
20150101,-0.091358189,0.017315744,0.000908707,0.009816644,-0.005859683,0.000684411,-0.01711266,-0.035223294,-0.024796003
20150201,0.052266694,0.054382467,0.059359052,0.054316785,0.077742535,0.039629657,0.052632111,0.049885804,0.05082438
20150301,-0.04036073,0.002801832,-0.031349342,-0.00294542,-0.020338197,-0.018317805,-0.069899432,-0.022033487,-0.024076985
20150401,0.061030097,0.029146215,0.041074734,-0.01161798,0.034395865,0.023199835,0.058945053,0.002081267,0.015591049
20150501,-0.052440532,0.006504864,-0.033753975,-0.047077857,-0.007477352,0.002835048,-0.011040874,0.005038559,-0.005489991
20150601,-0.037372214,-0.023941692,-0.036357758,-0.032313103,-0.035132882,-0.047315098,-0.04404068,-0.026588359,-0.030556752
20150701,-0.044894825,-0.001360262,0.043001002,0.020877093,0.035357392,0.038110437,0.010443183,0.012808424,0.011279774
20150801,-0.071801036,-0.064320059,-0.076295063,-0.081056594,-0.059206662,-0.074068594,-0.087634527,-0.068805288,-0.07406396
20150901,-0.055137701,-0.080012771,-0.048188704,-0.067844731,-0.038583592,-0.050714331,-0.051767869,-0.034188164,-0.044596598
20151001,0.033403158,0.094720392,0.077333053,0.100134156,0.039178645,0.038336435,0.064213614,0.075156265,0.072310435
20151101,-0.0275643,-0.016304308,-0.036039378,-0.005897233,-0.039245427,-0.03820426,-0.032813483,-0.004939257,-0.012686587
20151201,-0.078776632,-0.003849237,-0.040729552,-0.032475971,-0.040498247,0.003617061,-0.045872788,-0.024554659,-0.024651473
20160101,-0.033392509,-0.088296047,-0.051632955,-0.097198982,-0.141570911,-0.081145806,-0.066875436,-0.060278011,-0.066510202
20160201,0.030828674,-0.033755176,-0.017739114,-0.032215005,-0.058054483,-0.029741637,-0.021190581,-0.010828413,-0.015604539
20160301,0.091213317,0.032757654,0.052886675,0.092783871,0.07203759,0.032014424,0.036806477,0.060617838,0.059244116
20160401,0.058445838,0.040413038,0.009067644,0.000504079,0.018978699,0.010689222,0.024465487,-0.002209923,0.007759937
20160501,-0.041730192,-0.016239899,-0.019723445,-0.029626259,-0.063244782,-0.012412018,-0.015849221,0.009739318,-0.00371546
20160601,-0.004748401,-0.031953074,-0.068314325,-0.064092104,-0.103532445,-0.012149622,-0.045169972,-0.005109521,-0.018769517
20160701,0.025934313,0.05876948,0.048843363,0.067907263,0.036734329,0.017218139,0.021098315,0.030724472,0.035469754
20160801,-0.004042746,-0.002505087,-0.011107425,0.014045029,0.00121816,-0.012432083,-0.012408655,-0.007019953,-0.007314912
20160901,0.002610732,0.002372693,0.005828706,-0.00210797,-0.036348645,0.001471399,0.003398425,-0.006440884,-0.002428663
20161001,-0.016498077,0.007211553,-0.01310695,-0.021155705,0.011028088,-0.06024637,-0.059855659,-0.026100984,-0.026133108
20161101,0.016292038,-0.030132933,-0.024754605,-0.04298448,-0.044141017,-0.030558754,-0.00715541,0.027321685,0.006518023
20161201,0.009550738,0.002529122,0.047657308,0.063715567,0.124113155,0.03613434,0.03456882,0.011073372,0.01685512
20170101,0.029503683,0.031156455,-0.000111716,0.02516734,-0.033613395,0.034076439,0.006500199,0.013645376,0.017517333
20170201,-0.022655419,0.004858807,-0.002563532,-0.001850546,-0.009157276,0.009463655,0.006401277,0.030892706,0.019829013
20170301,-0.004537732,-0.017139091,0.055344663,0.036058635,0.086966757,0.010286706,0.007669493,-0.006170125,0.002153047
20170401,-0.028730933,0.004467576,0.04451773,0.022196771,0.012321622,0.020639535,0.011229186,0.003646782,0.007263275
20170501,-0.009793143,0.023501303,0.031882505,0.025646877,0.034584022,0.044190652,0.034618548,0.005063442,0.011816338
20170601,0.022074317,0.003515709,-0.021782931,-0.01828049,0.00420868,-0.007823393,-0.028985487,-0.001188799,-0.00354883
20170701,0.031811484,0.014176135,0.021537074,0.012245853,0.067341896,0.002570378,0.019218441,0.013170848,0.017311101
20170801,-0.006444213,-0.006806454,0.004534525,-0.003570403,0.012317695,-0.014666078,-0.022015167,-0.005151325,-0.006691959
20170901,0.029115029,0.006702559,0.036079238,0.049509553,0.029455703,0.013072856,0.02602212,0.013044388,0.014824159
20171001,-0.010111081,0.039982688,0.008504531,0.009314802,-0.019974585,-0.022834278,-0.00194281,0.015761903,0.01212049
20171101,-0.001423411,0.023726402,-0.004044327,0.005982895,-0.001675501,0.015335434,-0.009206835,0.02189057,0.013911587
20171201,0.03018507,-0.000138387,-0.009574891,-0.005716373,-0.021326183,0.007597303,0.042565391,0.003534835,0.006558247
20180101,0.001581521,0.039783858,0.064088352,0.053232542,0.107740658,0.036765003,0.023850128,0.050340143,0.046195253
20180201,-0.080545086,-0.021379446,-0.054686374,-0.080202475,-0.065110619,-0.069525059,-0.07587821,-0.044719585,-0.049034233
20180301,-0.017625701,-0.034705936,-0.021816367,-0.024831059,-0.003057298,-0.033881764,-0.01336458,-0.031904207,-0.030149277
20180401,0.016181013,0.000655303,0.038181903,0.00766255,0.046627566,-0.019380684,0.037954203,-0.003081368,0.003516437
20180501,0.012211744,-0.016521123,-0.056184681,-0.054165761,-0.133809816,-0.043173506,-0.019786105,0.015978157,-0.00292837
20180601,-0.006438742,-0.032275217,-0.018929885,-0.03009799,-0.015258891,0.003360559,-0.01866594,-0.000531658,-0.007730594
20180701,0.016512568,-0.002071327,0.030076185,0.037018029,0.022925605,0.059230081,0.00220159,0.028731954,0.024534136
20180801,-0.022416468,-0.004099699,-0.025784432,-0.036302015,-0.10087947,0.000226267,-0.055954893,0.024854094,0.004404552
20180901,-0.008871559,0.017280113,0.005436996,-0.023006143,0.014480527,-0.00595828,0.010054367,-0.002825174,-0.002087792
20181001,-0.086088374,-0.090741206,-0.100125836,-0.090436379,-0.099743288,-0.045437634,-0.076003903,-0.076468916,-0.080187881
20181101,-0.005079956,-0.002318585,-0.02418605,-0.026369413,0.000148937,-0.003609562,-0.027374807,0.011011116,0.003583171
20181201,-0.092190331,-0.074193144,-0.053262219,-0.063603026,-0.040388486,-0.060256105,-0.045103303,-0.097581525,-0.083133909
20190101,0.122280205,0.054924428,0.052171293,0.058029706,0.075392816,0.055705178,0.063004638,0.074805034,0.070750848
20190201,0.020278779,-0.006703467,0.035388742,0.010729153,0.028261915,0.036010223,0.019979153,0.025172814,0.022273713
20190301,-0.015456232,-0.009421492,-0.00310439,-0.02267623,0.014415158,0.009195091,-0.000618005,0.010968064,0.004497904
20190401,0.02222869,0.007803883,0.036415737,0.058993165,0.010136665,0.000762888,0.012105843,0.032927114,0.027653075
